-- MySQL dump 10.13  Distrib 8.0.19, for Linux (x86_64)
--
-- Host: localhost    Database: vk
-- ------------------------------------------------------
-- Server version	8.0.19

/*!40101 SET @OLD_CHARACTER_SET_CLIENT=@@CHARACTER_SET_CLIENT */;
/*!40101 SET @OLD_CHARACTER_SET_RESULTS=@@CHARACTER_SET_RESULTS */;
/*!40101 SET @OLD_COLLATION_CONNECTION=@@COLLATION_CONNECTION */;
/*!50503 SET NAMES utf8mb4 */;
/*!40103 SET @OLD_TIME_ZONE=@@TIME_ZONE */;
/*!40103 SET TIME_ZONE='+00:00' */;
/*!40014 SET @OLD_UNIQUE_CHECKS=@@UNIQUE_CHECKS, UNIQUE_CHECKS=0 */;
/*!40014 SET @OLD_FOREIGN_KEY_CHECKS=@@FOREIGN_KEY_CHECKS, FOREIGN_KEY_CHECKS=0 */;
/*!40101 SET @OLD_SQL_MODE=@@SQL_MODE, SQL_MODE='NO_AUTO_VALUE_ON_ZERO' */;
/*!40111 SET @OLD_SQL_NOTES=@@SQL_NOTES, SQL_NOTES=0 */;

--
-- Table structure for table `communities`
--

DROP TABLE IF EXISTS `communities`;
/*!40101 SET @saved_cs_client     = @@character_set_client */;
/*!50503 SET character_set_client = utf8mb4 */;
CREATE TABLE `communities` (
  `id` int unsigned NOT NULL AUTO_INCREMENT,
  `name` varchar(150) CHARACTER SET utf8 COLLATE utf8_unicode_ci NOT NULL,
  `photo_id` int unsigned DEFAULT NULL,
  PRIMARY KEY (`id`),
  UNIQUE KEY `name` (`name`)
) ENGINE=InnoDB AUTO_INCREMENT=51 DEFAULT CHARSET=utf8 COLLATE=utf8_unicode_ci;
/*!40101 SET character_set_client = @saved_cs_client */;

--
-- Dumping data for table `communities`
--

LOCK TABLES `communities` WRITE;
/*!40000 ALTER TABLE `communities` DISABLE KEYS */;
INSERT INTO `communities` VALUES (1,'ipsa',NULL),(2,'sit',NULL),(3,'atque',NULL),(4,'ipsam',NULL),(5,'eos',NULL),(6,'quidem',NULL),(7,'ut',NULL),(8,'eligendi',NULL),(9,'qui',NULL),(10,'dolor',NULL),(11,'deleniti',NULL),(12,'ipsum',NULL),(13,'quisquam',NULL),(14,'delectus',NULL),(15,'quasi',NULL),(16,'est',NULL),(17,'excepturi',NULL),(18,'rerum',NULL),(19,'architecto',NULL),(20,'assumenda',NULL);
/*!40000 ALTER TABLE `communities` ENABLE KEYS */;
UNLOCK TABLES;

--
-- Table structure for table `communities_users`
--

DROP TABLE IF EXISTS `communities_users`;
/*!40101 SET @saved_cs_client     = @@character_set_client */;
/*!50503 SET character_set_client = utf8mb4 */;
CREATE TABLE `communities_users` (
  `community_id` int unsigned NOT NULL,
  `user_id` int unsigned NOT NULL,
  PRIMARY KEY (`community_id`,`user_id`)
) ENGINE=InnoDB DEFAULT CHARSET=utf8 COLLATE=utf8_unicode_ci;
/*!40101 SET character_set_client = @saved_cs_client */;

--
-- Dumping data for table `communities_users`
--

LOCK TABLES `communities_users` WRITE;
/*!40000 ALTER TABLE `communities_users` DISABLE KEYS */;
INSERT INTO `communities_users` VALUES (1,44),(1,58),(2,3),(2,19),(2,70),(3,4),(3,37),(3,57),(3,61),(4,87),(4,99),(5,9),(5,10),(5,34),(5,54),(5,71),(6,39),(6,55),(6,63),(6,80),(6,82),(6,85),(6,89),(6,95),(7,17),(7,36),(7,51),(7,70),(7,72),(7,97),(8,20),(8,28),(8,34),(8,35),(8,51),(8,68),(9,1),(9,12),(9,38),(10,11),(10,32),(10,41),(10,56),(10,64),(10,76),(10,90),(10,93),(11,1),(11,11),(11,18),(11,20),(11,34),(11,39),(11,45),(11,54),(11,57),(11,62),(11,90),(12,6),(12,13),(12,23),(12,69),(13,4),(13,7),(13,14),(13,75),(14,4),(14,18),(14,24),(14,49),(15,16),(15,36),(15,53),(15,63),(15,96),(16,38),(16,51),(16,80),(17,1),(17,60),(18,7),(18,19),(18,31),(18,38),(18,55),(18,62),(18,83),(18,93),(19,1),(19,6),(19,56),(19,68),(19,84),(19,86),(19,94),(20,24),(20,29),(20,47),(20,83),(20,99);
/*!40000 ALTER TABLE `communities_users` ENABLE KEYS */;
UNLOCK TABLES;

--
-- Table structure for table `friendship`
--

DROP TABLE IF EXISTS `friendship`;
/*!40101 SET @saved_cs_client     = @@character_set_client */;
/*!50503 SET character_set_client = utf8mb4 */;
CREATE TABLE `friendship` (
  `user_id` int unsigned NOT NULL,
  `friend_id` int unsigned NOT NULL,
  `status_id` int unsigned NOT NULL,
  `requested_at` datetime DEFAULT CURRENT_TIMESTAMP,
  `confirmed_at` datetime DEFAULT NULL,
  PRIMARY KEY (`user_id`,`friend_id`)
) ENGINE=InnoDB DEFAULT CHARSET=utf8 COLLATE=utf8_unicode_ci;
/*!40101 SET character_set_client = @saved_cs_client */;

--
-- Dumping data for table `friendship`
--

LOCK TABLES `friendship` WRITE;
/*!40000 ALTER TABLE `friendship` DISABLE KEYS */;
INSERT INTO `friendship` VALUES (8,61,1,'1992-01-25 22:50:31','2005-12-02 16:56:33'),(8,76,1,'1991-01-08 19:13:25','1970-12-24 06:41:06'),(10,2,1,'2009-12-02 15:09:54','1975-06-03 04:51:18'),(10,69,1,'1985-06-27 04:40:50','2001-11-12 21:17:25'),(12,19,2,'1993-09-29 14:13:54','1971-06-27 22:43:09'),(12,44,2,'2014-09-01 13:41:33','1981-04-22 02:48:15'),(12,66,1,'2006-11-07 14:30:57','1982-11-09 10:41:26'),(13,23,2,'1982-06-09 14:26:11','2018-08-27 07:33:32'),(13,59,2,'2018-06-19 02:14:29','1982-12-09 04:14:56'),(14,20,1,'1997-03-03 04:28:41','2003-07-01 16:18:37'),(14,99,1,'2003-07-23 23:10:06','2013-12-29 22:11:03'),(15,29,2,'2019-11-06 21:33:42','1973-11-30 07:40:19'),(15,52,2,'1972-02-18 21:40:52','1978-12-14 01:15:22'),(16,14,2,'2017-04-12 04:32:46','2013-10-14 09:55:05'),(16,24,2,'2018-10-23 01:01:44','2019-04-30 03:39:00'),(16,36,1,'1984-11-19 07:02:03','2012-01-25 01:42:30'),(16,84,1,'1986-11-25 02:55:32','2004-05-28 20:04:13'),(16,98,1,'1998-06-25 03:11:45','2003-08-13 21:01:47'),(17,2,2,'1971-01-21 09:50:26','1975-07-11 09:06:34'),(17,26,1,'2015-02-18 02:12:34','2009-05-10 17:44:41'),(20,14,1,'2007-06-01 06:53:19','1993-06-18 05:12:56'),(20,91,2,'1992-08-23 05:35:05','1998-07-08 12:59:30'),(20,99,1,'2014-12-19 13:57:18','1977-07-13 13:14:23'),(21,10,2,'2015-04-12 19:29:30','1996-08-20 17:14:57'),(21,54,2,'1976-08-18 17:48:32','1975-12-09 13:35:12'),(22,16,2,'1971-09-16 06:00:52','1997-11-13 21:27:15'),(22,68,2,'2002-07-30 04:02:26','1978-01-25 16:21:06'),(22,97,2,'2017-11-04 16:12:04','1989-06-19 09:45:23'),(24,88,2,'1983-10-05 20:39:36','1974-12-24 13:09:28'),(25,97,1,'1994-01-26 12:36:15','1985-01-03 19:15:38'),(27,39,1,'1972-02-09 10:43:17','1979-04-06 08:00:28'),(27,76,1,'1979-04-06 20:48:47','2005-06-15 03:07:19'),(27,82,1,'2005-03-11 20:05:36','1980-10-27 09:11:57'),(28,42,2,'1993-10-21 02:58:29','2006-10-17 00:50:19'),(28,49,1,'2000-11-16 21:47:09','2005-08-29 16:30:16'),(30,2,2,'1982-02-11 02:59:41','1986-09-29 15:14:30'),(30,65,2,'2005-01-30 00:13:23','1985-03-27 13:02:48'),(30,81,2,'1971-01-25 02:20:42','2003-12-28 10:12:44'),(31,49,1,'1978-09-30 03:25:37','2013-05-29 04:03:16'),(31,61,1,'1999-12-25 22:31:17','1974-11-05 14:56:03'),(34,66,1,'1981-07-05 16:46:23','2011-02-15 10:11:06'),(35,78,1,'2000-07-28 03:47:18','1979-06-22 01:16:15'),(35,81,2,'2001-08-20 09:39:25','2012-12-28 02:56:25'),(36,80,2,'2009-04-16 04:54:48','2017-11-05 11:35:18'),(40,7,2,'1979-05-31 21:36:07','1978-10-03 04:01:54'),(41,3,2,'2008-01-18 11:13:40','1997-12-06 21:48:53'),(41,56,2,'1991-02-27 12:16:27','1988-04-21 03:04:07'),(48,95,1,'1976-01-20 06:02:29','2002-08-29 13:37:35'),(49,4,1,'2016-05-23 16:53:26','1994-04-17 17:10:41'),(49,33,2,'2015-10-09 05:18:42','1982-03-25 00:04:54'),(51,21,2,'2002-11-18 18:30:27','2002-01-15 04:35:04'),(52,97,1,'1981-02-21 12:25:15','1982-06-29 19:32:09'),(53,55,1,'1979-02-03 14:58:08','2014-01-27 10:18:47'),(54,44,2,'1997-02-02 18:54:32','2009-02-22 10:50:31'),(54,69,2,'2014-10-15 15:21:11','1973-07-02 06:54:24'),(55,17,1,'1999-12-19 11:49:34','2005-02-18 15:23:26'),(55,99,2,'2012-05-13 21:39:05','1971-05-09 00:19:22'),(56,4,1,'1986-06-07 17:02:16','1989-09-04 03:53:28'),(56,11,1,'1981-03-20 13:01:53','2002-08-19 08:23:07'),(56,19,2,'2010-06-11 08:06:27','2015-05-13 21:40:31'),(57,16,2,'2013-11-18 22:22:22','2006-02-17 22:52:47'),(57,25,1,'1982-12-01 12:09:57','1986-01-16 20:52:33'),(57,53,1,'2007-07-08 04:37:57','2012-10-22 04:31:46'),(57,57,1,'2019-10-16 20:16:32','2007-10-14 07:14:38'),(58,83,2,'1985-07-16 14:41:27','1999-10-11 15:45:19'),(61,46,2,'1973-11-23 10:31:00','1976-02-02 05:30:21'),(62,61,2,'1994-11-30 10:03:55','2004-12-23 12:10:45'),(64,65,1,'1983-09-24 17:40:51','2006-02-05 20:53:05'),(65,3,2,'2001-01-21 05:19:07','1985-03-31 20:37:11'),(65,57,1,'2004-03-17 16:57:47','2019-10-06 09:29:23'),(65,84,2,'2013-03-28 23:12:45','1983-02-03 01:38:31'),(67,74,2,'1985-08-14 04:23:48','2016-04-01 00:40:43'),(68,65,2,'1991-02-26 07:56:53','1992-06-12 04:07:49'),(72,56,2,'2002-09-25 03:03:39','2006-04-06 15:39:07'),(72,87,2,'1978-12-29 05:24:59','1978-11-14 02:05:14'),(74,17,2,'2001-06-30 13:52:05','1977-06-03 08:40:13'),(74,58,2,'1975-01-22 07:05:34','1997-04-25 06:25:41'),(76,3,2,'2008-02-09 13:34:28','2010-01-28 23:22:35'),(77,37,2,'1993-01-28 17:08:09','1998-01-05 17:05:51'),(78,19,1,'1975-04-03 14:24:02','2014-07-01 18:00:00'),(78,82,1,'2013-04-08 17:50:15','1972-03-27 09:53:43'),(79,34,1,'1989-08-25 11:09:07','1985-03-14 08:20:21'),(81,20,2,'2001-11-24 19:15:44','2019-01-04 09:13:40'),(84,13,1,'1985-03-21 10:46:39','1973-01-22 18:22:41'),(84,56,2,'1992-03-31 07:25:41','1977-04-28 16:05:53'),(84,86,1,'2016-12-25 14:53:10','1994-11-27 09:56:36'),(84,87,2,'2002-06-13 10:26:23','2013-01-16 23:13:50'),(85,93,1,'2002-06-03 19:13:43','2001-03-01 11:47:45'),(86,98,1,'2011-12-14 12:19:24','1976-09-14 06:49:01'),(87,23,2,'2006-08-08 11:19:20','1970-03-17 22:58:39'),(89,73,1,'1975-01-21 00:30:32','1978-01-11 07:31:25'),(91,45,2,'2003-01-28 15:18:58','1994-09-27 19:37:24'),(91,98,2,'1979-03-12 14:12:15','1995-03-20 04:22:26'),(93,22,2,'1992-07-21 05:39:16','1973-10-07 11:32:25'),(96,61,2,'1990-09-18 03:08:07','2009-03-22 13:37:57'),(96,81,1,'2010-07-22 07:08:34','2019-11-30 10:26:12'),(97,10,1,'1990-02-02 21:48:33','1975-11-10 20:31:00'),(97,43,1,'2014-03-08 14:39:37','1993-05-15 00:53:43'),(99,68,2,'1985-10-02 22:36:08','1971-11-24 05:22:02'),(100,13,2,'2015-03-02 08:20:46','1985-10-14 23:47:34');
/*!40000 ALTER TABLE `friendship` ENABLE KEYS */;
UNLOCK TABLES;

--
-- Table structure for table `friendship_statuses`
--

DROP TABLE IF EXISTS `friendship_statuses`;
/*!40101 SET @saved_cs_client     = @@character_set_client */;
/*!50503 SET character_set_client = utf8mb4 */;
CREATE TABLE `friendship_statuses` (
  `id` int unsigned NOT NULL AUTO_INCREMENT,
  `name` varchar(150) CHARACTER SET utf8 COLLATE utf8_unicode_ci NOT NULL,
  PRIMARY KEY (`id`),
  UNIQUE KEY `name` (`name`)
) ENGINE=InnoDB AUTO_INCREMENT=4 DEFAULT CHARSET=utf8 COLLATE=utf8_unicode_ci;
/*!40101 SET character_set_client = @saved_cs_client */;

--
-- Dumping data for table `friendship_statuses`
--

LOCK TABLES `friendship_statuses` WRITE;
/*!40000 ALTER TABLE `friendship_statuses` DISABLE KEYS */;
INSERT INTO `friendship_statuses` VALUES (2,'Confirmed'),(3,'Interrupted'),(1,'Requested');
/*!40000 ALTER TABLE `friendship_statuses` ENABLE KEYS */;
UNLOCK TABLES;

--
-- Table structure for table `likes`
--

DROP TABLE IF EXISTS `likes`;
/*!40101 SET @saved_cs_client     = @@character_set_client */;
/*!50503 SET character_set_client = utf8mb4 */;
CREATE TABLE `likes` (
  `id` int unsigned NOT NULL AUTO_INCREMENT,
  `user_id` int unsigned NOT NULL,
  `target_id` int unsigned NOT NULL,
  `target_type_id` int unsigned NOT NULL,
  `created_at` datetime DEFAULT CURRENT_TIMESTAMP,
  PRIMARY KEY (`id`)
) ENGINE=InnoDB AUTO_INCREMENT=501 DEFAULT CHARSET=utf8mb4 COLLATE=utf8mb4_0900_ai_ci;
/*!40101 SET character_set_client = @saved_cs_client */;

--
-- Dumping data for table `likes`
--

LOCK TABLES `likes` WRITE;
/*!40000 ALTER TABLE `likes` DISABLE KEYS */;
INSERT INTO `likes` VALUES (1,80,49,1,'2020-01-16 20:42:55'),(2,80,82,3,'2020-01-16 20:42:55'),(3,97,81,1,'2020-01-16 20:42:55'),(4,8,12,2,'2020-01-16 20:42:55'),(5,24,22,2,'2020-01-16 20:42:55'),(6,29,26,2,'2020-01-16 20:42:55'),(7,42,75,3,'2020-01-16 20:42:55'),(8,27,81,2,'2020-01-16 20:42:55'),(9,85,48,4,'2020-01-16 20:42:55'),(10,72,12,2,'2020-01-16 20:42:55'),(11,69,24,1,'2020-01-16 20:42:55'),(12,75,46,1,'2020-01-16 20:42:55'),(13,92,39,1,'2020-01-16 20:42:55'),(14,89,81,2,'2020-01-16 20:42:55'),(15,46,17,2,'2020-01-16 20:42:55'),(16,70,18,4,'2020-01-16 20:42:55'),(17,34,35,3,'2020-01-16 20:42:55'),(18,67,10,2,'2020-01-16 20:42:55'),(19,14,21,3,'2020-01-16 20:42:55'),(20,61,11,3,'2020-01-16 20:42:55'),(21,16,68,4,'2020-01-16 20:42:55'),(22,61,25,2,'2020-01-16 20:42:55'),(23,41,74,2,'2020-01-16 20:42:55'),(24,10,9,1,'2020-01-16 20:42:55'),(25,44,76,2,'2020-01-16 20:42:55'),(26,11,11,1,'2020-01-16 20:42:55'),(27,73,99,4,'2020-01-16 20:42:55'),(28,90,18,1,'2020-01-16 20:42:55'),(29,32,10,3,'2020-01-16 20:42:55'),(30,36,18,4,'2020-01-16 20:42:55'),(31,53,20,2,'2020-01-16 20:42:55'),(32,46,5,4,'2020-01-16 20:42:55'),(33,20,37,1,'2020-01-16 20:42:55'),(34,8,67,1,'2020-01-16 20:42:55'),(35,51,25,3,'2020-01-16 20:42:55'),(36,78,76,2,'2020-01-16 20:42:55'),(37,100,64,1,'2020-01-16 20:42:55'),(38,99,42,1,'2020-01-16 20:42:55'),(39,23,87,3,'2020-01-16 20:42:55'),(40,68,41,4,'2020-01-16 20:42:55'),(41,74,72,2,'2020-01-16 20:42:55'),(42,63,9,3,'2020-01-16 20:42:55'),(43,37,27,1,'2020-01-16 20:42:55'),(44,37,14,3,'2020-01-16 20:42:55'),(45,49,68,4,'2020-01-16 20:42:55'),(46,61,26,2,'2020-01-16 20:42:55'),(47,52,19,2,'2020-01-16 20:42:55'),(48,46,8,1,'2020-01-16 20:42:55'),(49,80,96,2,'2020-01-16 20:42:55'),(50,19,71,4,'2020-01-16 20:42:55'),(51,61,22,1,'2020-01-16 20:42:55'),(52,60,22,2,'2020-01-16 20:42:55'),(53,94,74,4,'2020-01-16 20:42:55'),(54,17,18,2,'2020-01-16 20:42:55'),(55,47,12,1,'2020-01-16 20:42:55'),(56,70,84,1,'2020-01-16 20:42:55'),(57,100,67,2,'2020-01-16 20:42:55'),(58,81,94,2,'2020-01-16 20:42:55'),(59,56,96,1,'2020-01-16 20:42:55'),(60,72,24,1,'2020-01-16 20:42:55'),(61,34,68,2,'2020-01-16 20:42:55'),(62,69,40,4,'2020-01-16 20:42:55'),(63,53,81,2,'2020-01-16 20:42:55'),(64,74,41,4,'2020-01-16 20:42:55'),(65,81,62,3,'2020-01-16 20:42:55'),(66,54,65,3,'2020-01-16 20:42:55'),(67,18,99,2,'2020-01-16 20:42:55'),(68,21,72,4,'2020-01-16 20:42:55'),(69,75,80,3,'2020-01-16 20:42:55'),(70,35,48,2,'2020-01-16 20:42:55'),(71,24,20,1,'2020-01-16 20:42:55'),(72,67,60,4,'2020-01-16 20:42:55'),(73,4,30,2,'2020-01-16 20:42:55'),(74,98,76,4,'2020-01-16 20:42:55'),(75,98,33,3,'2020-01-16 20:42:55'),(76,62,92,3,'2020-01-16 20:42:55'),(77,96,55,4,'2020-01-16 20:42:55'),(78,63,56,4,'2020-01-16 20:42:55'),(79,90,73,4,'2020-01-16 20:42:55'),(80,54,84,3,'2020-01-16 20:42:55'),(81,50,66,4,'2020-01-16 20:42:55'),(82,10,3,4,'2020-01-16 20:42:55'),(83,12,6,4,'2020-01-16 20:42:55'),(84,45,46,4,'2020-01-16 20:42:55'),(85,38,4,1,'2020-01-16 20:42:55'),(86,18,70,4,'2020-01-16 20:42:55'),(87,71,66,1,'2020-01-16 20:42:55'),(88,85,76,1,'2020-01-16 20:42:55'),(89,79,32,1,'2020-01-16 20:42:55'),(90,18,21,3,'2020-01-16 20:42:55'),(91,93,12,4,'2020-01-16 20:42:55'),(92,55,42,2,'2020-01-16 20:42:55'),(93,82,84,3,'2020-01-16 20:42:55'),(94,22,86,3,'2020-01-16 20:42:55'),(95,55,84,3,'2020-01-16 20:42:55'),(96,32,87,2,'2020-01-16 20:42:55'),(97,42,85,4,'2020-01-16 20:42:55'),(98,44,21,3,'2020-01-16 20:42:55'),(99,99,79,4,'2020-01-16 20:42:55'),(100,33,84,1,'2020-01-16 20:42:55'),(101,45,64,4,'2020-01-16 20:42:55'),(102,43,52,2,'2020-01-16 20:42:55'),(103,7,36,3,'2020-01-16 20:42:55'),(104,82,37,2,'2020-01-16 20:42:55'),(105,77,69,1,'2020-01-16 20:42:55'),(106,72,12,2,'2020-01-16 20:42:55'),(107,85,90,4,'2020-01-16 20:42:55'),(108,6,45,1,'2020-01-16 20:42:55'),(109,87,21,2,'2020-01-16 20:42:55'),(110,47,10,1,'2020-01-16 20:42:55'),(111,11,28,1,'2020-01-16 20:42:55'),(112,49,26,4,'2020-01-16 20:42:55'),(113,28,95,4,'2020-01-16 20:42:55'),(114,72,87,1,'2020-01-16 20:42:55'),(115,18,44,3,'2020-01-16 20:42:55'),(116,97,85,2,'2020-01-16 20:42:55'),(117,12,58,3,'2020-01-16 20:42:55'),(118,99,30,3,'2020-01-16 20:42:55'),(119,70,92,3,'2020-01-16 20:42:55'),(120,81,51,1,'2020-01-16 20:42:55'),(121,97,56,4,'2020-01-16 20:42:55'),(122,63,54,4,'2020-01-16 20:42:55'),(123,49,97,2,'2020-01-16 20:42:55'),(124,97,72,3,'2020-01-16 20:42:55'),(125,28,32,4,'2020-01-16 20:42:55'),(126,84,92,1,'2020-01-16 20:42:55'),(127,57,65,3,'2020-01-16 20:42:55'),(128,62,56,4,'2020-01-16 20:42:55'),(129,2,28,2,'2020-01-16 20:42:55'),(130,88,35,1,'2020-01-16 20:42:55'),(131,43,88,1,'2020-01-16 20:42:55'),(132,77,61,3,'2020-01-16 20:42:55'),(133,88,16,1,'2020-01-16 20:42:55'),(134,30,1,1,'2020-01-16 20:42:55'),(135,71,12,2,'2020-01-16 20:42:55'),(136,90,13,4,'2020-01-16 20:42:55'),(137,32,76,4,'2020-01-16 20:42:55'),(138,93,10,3,'2020-01-16 20:42:55'),(139,21,93,1,'2020-01-16 20:42:55'),(140,33,56,4,'2020-01-16 20:42:55'),(141,38,46,1,'2020-01-16 20:42:55'),(142,31,15,4,'2020-01-16 20:42:55'),(143,48,5,4,'2020-01-16 20:42:55'),(144,76,46,4,'2020-01-16 20:42:55'),(145,64,20,1,'2020-01-16 20:42:55'),(146,70,33,3,'2020-01-16 20:42:55'),(147,62,52,3,'2020-01-16 20:42:55'),(148,15,50,1,'2020-01-16 20:42:55'),(149,80,82,3,'2020-01-16 20:42:55'),(150,97,78,4,'2020-01-16 20:42:55'),(151,59,100,1,'2020-01-16 20:42:55'),(152,8,76,3,'2020-01-16 20:42:55'),(153,38,29,2,'2020-01-16 20:42:55'),(154,72,65,1,'2020-01-16 20:42:55'),(155,45,2,3,'2020-01-16 20:42:55'),(156,53,49,4,'2020-01-16 20:42:55'),(157,85,67,4,'2020-01-16 20:42:55'),(158,79,65,4,'2020-01-16 20:42:55'),(159,52,89,4,'2020-01-16 20:42:55'),(160,87,63,3,'2020-01-16 20:42:55'),(161,75,16,3,'2020-01-16 20:42:55'),(162,17,27,4,'2020-01-16 20:42:55'),(163,29,98,1,'2020-01-16 20:42:55'),(164,16,74,1,'2020-01-16 20:42:55'),(165,90,83,2,'2020-01-16 20:42:55'),(166,64,91,3,'2020-01-16 20:42:55'),(167,36,96,3,'2020-01-16 20:42:55'),(168,58,83,2,'2020-01-16 20:42:55'),(169,58,63,2,'2020-01-16 20:42:55'),(170,11,35,2,'2020-01-16 20:42:55'),(171,99,72,3,'2020-01-16 20:42:55'),(172,91,68,3,'2020-01-16 20:42:55'),(173,44,10,1,'2020-01-16 20:42:55'),(174,60,45,2,'2020-01-16 20:42:55'),(175,95,36,4,'2020-01-16 20:42:55'),(176,60,21,1,'2020-01-16 20:42:55'),(177,45,61,3,'2020-01-16 20:42:55'),(178,68,28,2,'2020-01-16 20:42:55'),(179,100,89,2,'2020-01-16 20:42:55'),(180,53,34,1,'2020-01-16 20:42:55'),(181,35,51,3,'2020-01-16 20:42:55'),(182,5,67,1,'2020-01-16 20:42:55'),(183,11,88,1,'2020-01-16 20:42:55'),(184,62,93,4,'2020-01-16 20:42:55'),(185,12,23,4,'2020-01-16 20:42:55'),(186,30,9,3,'2020-01-16 20:42:55'),(187,50,82,3,'2020-01-16 20:42:55'),(188,58,6,3,'2020-01-16 20:42:55'),(189,67,62,1,'2020-01-16 20:42:55'),(190,54,44,3,'2020-01-16 20:42:55'),(191,63,37,4,'2020-01-16 20:42:55'),(192,65,40,1,'2020-01-16 20:42:55'),(193,88,36,1,'2020-01-16 20:42:55'),(194,75,23,4,'2020-01-16 20:42:55'),(195,85,52,1,'2020-01-16 20:42:55'),(196,57,79,1,'2020-01-16 20:42:55'),(197,73,99,3,'2020-01-16 20:42:55'),(198,71,35,3,'2020-01-16 20:42:55'),(199,1,19,4,'2020-01-16 20:42:55'),(200,98,16,4,'2020-01-16 20:42:55'),(201,83,56,2,'2020-01-16 20:42:55'),(202,77,99,3,'2020-01-16 20:42:55'),(203,7,50,2,'2020-01-16 20:42:55'),(204,10,54,2,'2020-01-16 20:42:55'),(205,22,1,2,'2020-01-16 20:42:55'),(206,80,88,4,'2020-01-16 20:42:55'),(207,37,85,1,'2020-01-16 20:42:55'),(208,1,70,2,'2020-01-16 20:42:55'),(209,19,57,2,'2020-01-16 20:42:55'),(210,65,43,1,'2020-01-16 20:42:55'),(211,64,66,2,'2020-01-16 20:42:55'),(212,74,69,1,'2020-01-16 20:42:55'),(213,94,9,3,'2020-01-16 20:42:55'),(214,76,100,3,'2020-01-16 20:42:55'),(215,58,72,4,'2020-01-16 20:42:55'),(216,11,98,3,'2020-01-16 20:42:55'),(217,87,65,3,'2020-01-16 20:42:55'),(218,22,20,2,'2020-01-16 20:42:55'),(219,7,34,2,'2020-01-16 20:42:55'),(220,33,22,1,'2020-01-16 20:42:55'),(221,89,10,4,'2020-01-16 20:42:55'),(222,95,18,1,'2020-01-16 20:42:55'),(223,63,3,2,'2020-01-16 20:42:55'),(224,22,30,4,'2020-01-16 20:42:55'),(225,31,2,1,'2020-01-16 20:42:55'),(226,79,44,4,'2020-01-16 20:42:55'),(227,82,62,3,'2020-01-16 20:42:55'),(228,22,24,3,'2020-01-16 20:42:55'),(229,90,94,4,'2020-01-16 20:42:55'),(230,7,39,4,'2020-01-16 20:42:55'),(231,62,83,2,'2020-01-16 20:42:55'),(232,96,93,3,'2020-01-16 20:42:55'),(233,93,43,2,'2020-01-16 20:42:55'),(234,47,28,4,'2020-01-16 20:42:55'),(235,9,47,1,'2020-01-16 20:42:55'),(236,99,72,3,'2020-01-16 20:42:55'),(237,87,51,4,'2020-01-16 20:42:55'),(238,25,39,1,'2020-01-16 20:42:55'),(239,72,7,1,'2020-01-16 20:42:55'),(240,67,83,1,'2020-01-16 20:42:55'),(241,18,49,4,'2020-01-16 20:42:55'),(242,2,40,4,'2020-01-16 20:42:55'),(243,45,47,4,'2020-01-16 20:42:55'),(244,58,88,3,'2020-01-16 20:42:55'),(245,69,45,1,'2020-01-16 20:42:55'),(246,44,72,2,'2020-01-16 20:42:55'),(247,27,47,3,'2020-01-16 20:42:55'),(248,29,84,2,'2020-01-16 20:42:55'),(249,10,51,1,'2020-01-16 20:42:55'),(250,64,50,3,'2020-01-16 20:42:55'),(251,36,9,2,'2020-01-16 20:42:55'),(252,56,68,3,'2020-01-16 20:42:55'),(253,56,65,3,'2020-01-16 20:42:55'),(254,72,100,4,'2020-01-16 20:42:55'),(255,25,69,3,'2020-01-16 20:42:55'),(256,35,70,2,'2020-01-16 20:42:55'),(257,18,49,4,'2020-01-16 20:42:55'),(258,22,26,3,'2020-01-16 20:42:55'),(259,48,42,3,'2020-01-16 20:42:55'),(260,12,54,2,'2020-01-16 20:42:55'),(261,14,63,3,'2020-01-16 20:42:55'),(262,75,55,2,'2020-01-16 20:42:55'),(263,79,50,1,'2020-01-16 20:42:55'),(264,12,22,3,'2020-01-16 20:42:55'),(265,5,99,4,'2020-01-16 20:42:55'),(266,5,83,4,'2020-01-16 20:42:55'),(267,49,44,3,'2020-01-16 20:42:55'),(268,31,38,4,'2020-01-16 20:42:55'),(269,67,44,1,'2020-01-16 20:42:55'),(270,64,62,1,'2020-01-16 20:42:55'),(271,7,76,3,'2020-01-16 20:42:55'),(272,72,77,3,'2020-01-16 20:42:55'),(273,24,7,3,'2020-01-16 20:42:55'),(274,80,20,3,'2020-01-16 20:42:55'),(275,29,73,4,'2020-01-16 20:42:55'),(276,62,82,1,'2020-01-16 20:42:55'),(277,66,62,1,'2020-01-16 20:42:55'),(278,72,22,4,'2020-01-16 20:42:55'),(279,14,81,3,'2020-01-16 20:42:55'),(280,71,66,1,'2020-01-16 20:42:55'),(281,89,90,4,'2020-01-16 20:42:55'),(282,42,64,4,'2020-01-16 20:42:55'),(283,73,84,1,'2020-01-16 20:42:55'),(284,61,94,4,'2020-01-16 20:42:55'),(285,54,9,4,'2020-01-16 20:42:55'),(286,87,84,3,'2020-01-16 20:42:55'),(287,51,70,4,'2020-01-16 20:42:55'),(288,73,77,3,'2020-01-16 20:42:55'),(289,81,18,2,'2020-01-16 20:42:55'),(290,83,71,1,'2020-01-16 20:42:55'),(291,24,97,1,'2020-01-16 20:42:55'),(292,65,92,3,'2020-01-16 20:42:55'),(293,40,11,2,'2020-01-16 20:42:55'),(294,34,71,2,'2020-01-16 20:42:55'),(295,36,32,3,'2020-01-16 20:42:55'),(296,64,61,1,'2020-01-16 20:42:55'),(297,79,58,3,'2020-01-16 20:42:55'),(298,87,79,2,'2020-01-16 20:42:55'),(299,19,100,2,'2020-01-16 20:42:55'),(300,18,59,2,'2020-01-16 20:42:55'),(301,24,100,1,'2020-01-16 20:42:55'),(302,23,41,2,'2020-01-16 20:42:55'),(303,62,99,1,'2020-01-16 20:42:55'),(304,32,41,1,'2020-01-16 20:42:55'),(305,26,100,1,'2020-01-16 20:42:55'),(306,100,41,1,'2020-01-16 20:42:55'),(307,97,72,3,'2020-01-16 20:42:55'),(308,19,96,1,'2020-01-16 20:42:55'),(309,8,83,4,'2020-01-16 20:42:55'),(310,93,100,1,'2020-01-16 20:42:55'),(311,92,6,3,'2020-01-16 20:42:55'),(312,42,52,2,'2020-01-16 20:42:55'),(313,14,67,4,'2020-01-16 20:42:55'),(314,59,20,1,'2020-01-16 20:42:55'),(315,45,60,3,'2020-01-16 20:42:55'),(316,38,1,4,'2020-01-16 20:42:55'),(317,42,43,4,'2020-01-16 20:42:55'),(318,10,85,4,'2020-01-16 20:42:55'),(319,21,18,2,'2020-01-16 20:42:55'),(320,76,1,4,'2020-01-16 20:42:55'),(321,75,48,1,'2020-01-16 20:42:55'),(322,26,85,2,'2020-01-16 20:42:55'),(323,93,14,4,'2020-01-16 20:42:55'),(324,7,65,1,'2020-01-16 20:42:55'),(325,32,40,1,'2020-01-16 20:42:55'),(326,11,34,2,'2020-01-16 20:42:55'),(327,86,18,2,'2020-01-16 20:42:55'),(328,88,53,1,'2020-01-16 20:42:55'),(329,48,35,2,'2020-01-16 20:42:55'),(330,42,21,4,'2020-01-16 20:42:55'),(331,27,2,2,'2020-01-16 20:42:55'),(332,40,10,2,'2020-01-16 20:42:55'),(333,16,92,1,'2020-01-16 20:42:55'),(334,73,37,3,'2020-01-16 20:42:55'),(335,13,71,1,'2020-01-16 20:42:55'),(336,57,43,2,'2020-01-16 20:42:55'),(337,82,82,3,'2020-01-16 20:42:55'),(338,70,60,4,'2020-01-16 20:42:55'),(339,64,52,3,'2020-01-16 20:42:55'),(340,87,28,4,'2020-01-16 20:42:55'),(341,8,4,4,'2020-01-16 20:42:55'),(342,64,33,3,'2020-01-16 20:42:55'),(343,68,17,4,'2020-01-16 20:42:55'),(344,66,77,4,'2020-01-16 20:42:55'),(345,6,67,1,'2020-01-16 20:42:55'),(346,75,30,1,'2020-01-16 20:42:55'),(347,25,54,4,'2020-01-16 20:42:55'),(348,14,83,3,'2020-01-16 20:42:55'),(349,18,69,4,'2020-01-16 20:42:55'),(350,46,58,3,'2020-01-16 20:42:55'),(351,82,53,1,'2020-01-16 20:42:55'),(352,48,76,2,'2020-01-16 20:42:55'),(353,43,12,2,'2020-01-16 20:42:55'),(354,21,8,4,'2020-01-16 20:42:55'),(355,70,11,2,'2020-01-16 20:42:55'),(356,95,39,1,'2020-01-16 20:42:55'),(357,27,8,3,'2020-01-16 20:42:55'),(358,72,80,4,'2020-01-16 20:42:55'),(359,73,16,3,'2020-01-16 20:42:55'),(360,56,97,1,'2020-01-16 20:42:55'),(361,98,37,4,'2020-01-16 20:42:55'),(362,30,83,2,'2020-01-16 20:42:55'),(363,88,57,1,'2020-01-16 20:42:55'),(364,29,86,2,'2020-01-16 20:42:55'),(365,42,91,2,'2020-01-16 20:42:55'),(366,69,58,4,'2020-01-16 20:42:55'),(367,32,15,4,'2020-01-16 20:42:55'),(368,57,43,2,'2020-01-16 20:42:55'),(369,92,24,2,'2020-01-16 20:42:55'),(370,52,25,3,'2020-01-16 20:42:55'),(371,68,31,3,'2020-01-16 20:42:55'),(372,74,10,1,'2020-01-16 20:42:55'),(373,94,94,4,'2020-01-16 20:42:55'),(374,68,67,2,'2020-01-16 20:42:55'),(375,60,1,1,'2020-01-16 20:42:55'),(376,14,2,3,'2020-01-16 20:42:55'),(377,23,19,1,'2020-01-16 20:42:55'),(378,61,34,4,'2020-01-16 20:42:55'),(379,33,2,1,'2020-01-16 20:42:55'),(380,52,22,3,'2020-01-16 20:42:55'),(381,12,91,1,'2020-01-16 20:42:55'),(382,28,77,4,'2020-01-16 20:42:55'),(383,70,49,2,'2020-01-16 20:42:55'),(384,30,42,1,'2020-01-16 20:42:55'),(385,66,76,4,'2020-01-16 20:42:55'),(386,67,98,4,'2020-01-16 20:42:55'),(387,48,74,1,'2020-01-16 20:42:55'),(388,97,15,4,'2020-01-16 20:42:55'),(389,65,78,4,'2020-01-16 20:42:55'),(390,31,74,4,'2020-01-16 20:42:55'),(391,65,90,3,'2020-01-16 20:42:55'),(392,15,3,3,'2020-01-16 20:42:55'),(393,35,70,2,'2020-01-16 20:42:55'),(394,96,56,4,'2020-01-16 20:42:55'),(395,96,2,1,'2020-01-16 20:42:55'),(396,100,34,3,'2020-01-16 20:42:55'),(397,44,13,2,'2020-01-16 20:42:55'),(398,12,70,1,'2020-01-16 20:42:55'),(399,46,97,2,'2020-01-16 20:42:55'),(400,31,24,1,'2020-01-16 20:42:55'),(401,44,51,1,'2020-01-16 20:42:55'),(402,50,88,4,'2020-01-16 20:42:55'),(403,81,37,2,'2020-01-16 20:42:55'),(404,98,66,2,'2020-01-16 20:42:55'),(405,65,25,2,'2020-01-16 20:42:55'),(406,79,2,3,'2020-01-16 20:42:55'),(407,62,88,3,'2020-01-16 20:42:55'),(408,9,81,4,'2020-01-16 20:42:55'),(409,43,83,4,'2020-01-16 20:42:55'),(410,85,61,3,'2020-01-16 20:42:55'),(411,79,34,2,'2020-01-16 20:42:55'),(412,73,58,3,'2020-01-16 20:42:55'),(413,87,17,1,'2020-01-16 20:42:55'),(414,62,40,1,'2020-01-16 20:42:55'),(415,55,30,4,'2020-01-16 20:42:55'),(416,28,88,3,'2020-01-16 20:42:55'),(417,22,39,2,'2020-01-16 20:42:55'),(418,11,79,3,'2020-01-16 20:42:55'),(419,65,41,1,'2020-01-16 20:42:55'),(420,32,27,2,'2020-01-16 20:42:55'),(421,14,52,1,'2020-01-16 20:42:55'),(422,38,34,3,'2020-01-16 20:42:55'),(423,63,55,4,'2020-01-16 20:42:55'),(424,72,98,3,'2020-01-16 20:42:55'),(425,72,37,3,'2020-01-16 20:42:55'),(426,48,21,3,'2020-01-16 20:42:55'),(427,44,34,2,'2020-01-16 20:42:55'),(428,94,51,3,'2020-01-16 20:42:55'),(429,18,68,4,'2020-01-16 20:42:55'),(430,10,3,4,'2020-01-16 20:42:55'),(431,14,13,1,'2020-01-16 20:42:55'),(432,77,14,2,'2020-01-16 20:42:55'),(433,61,81,1,'2020-01-16 20:42:55'),(434,62,47,2,'2020-01-16 20:42:55'),(435,95,35,4,'2020-01-16 20:42:55'),(436,38,25,1,'2020-01-16 20:42:55'),(437,65,99,1,'2020-01-16 20:42:55'),(438,15,65,4,'2020-01-16 20:42:55'),(439,97,51,3,'2020-01-16 20:42:55'),(440,52,78,2,'2020-01-16 20:42:55'),(441,32,61,1,'2020-01-16 20:42:55'),(442,49,24,3,'2020-01-16 20:42:55'),(443,98,68,2,'2020-01-16 20:42:55'),(444,28,98,1,'2020-01-16 20:42:55'),(445,38,68,2,'2020-01-16 20:42:55'),(446,35,89,2,'2020-01-16 20:42:55'),(447,34,50,2,'2020-01-16 20:42:55'),(448,83,73,1,'2020-01-16 20:42:55'),(449,62,60,1,'2020-01-16 20:42:55'),(450,94,22,2,'2020-01-16 20:42:55'),(451,86,38,2,'2020-01-16 20:42:55'),(452,39,1,4,'2020-01-16 20:42:55'),(453,35,11,3,'2020-01-16 20:42:55'),(454,19,42,3,'2020-01-16 20:42:55'),(455,48,73,1,'2020-01-16 20:42:55'),(456,93,95,4,'2020-01-16 20:42:55'),(457,94,83,2,'2020-01-16 20:42:55'),(458,11,58,3,'2020-01-16 20:42:55'),(459,100,38,4,'2020-01-16 20:42:55'),(460,19,33,1,'2020-01-16 20:42:55'),(461,48,9,1,'2020-01-16 20:42:55'),(462,80,95,2,'2020-01-16 20:42:55'),(463,85,24,3,'2020-01-16 20:42:55'),(464,40,14,2,'2020-01-16 20:42:55'),(465,95,31,3,'2020-01-16 20:42:55'),(466,51,49,4,'2020-01-16 20:42:55'),(467,10,75,2,'2020-01-16 20:42:55'),(468,2,73,3,'2020-01-16 20:42:55'),(469,65,53,3,'2020-01-16 20:42:55'),(470,85,18,2,'2020-01-16 20:42:55'),(471,28,30,3,'2020-01-16 20:42:55'),(472,26,41,1,'2020-01-16 20:42:55'),(473,99,23,1,'2020-01-16 20:42:55'),(474,21,50,4,'2020-01-16 20:42:55'),(475,74,16,3,'2020-01-16 20:42:55'),(476,44,44,4,'2020-01-16 20:42:55'),(477,100,40,1,'2020-01-16 20:42:55'),(478,84,16,2,'2020-01-16 20:42:55'),(479,99,3,1,'2020-01-16 20:42:55'),(480,90,90,4,'2020-01-16 20:42:55'),(481,19,62,3,'2020-01-16 20:42:55'),(482,73,8,1,'2020-01-16 20:42:55'),(483,81,42,3,'2020-01-16 20:42:55'),(484,1,10,2,'2020-01-16 20:42:55'),(485,1,66,2,'2020-01-16 20:42:55'),(486,35,92,3,'2020-01-16 20:42:55'),(487,3,47,2,'2020-01-16 20:42:55'),(488,94,86,2,'2020-01-16 20:42:55'),(489,83,72,1,'2020-01-16 20:42:55'),(490,24,97,1,'2020-01-16 20:42:55'),(491,63,81,1,'2020-01-16 20:42:55'),(492,44,65,4,'2020-01-16 20:42:55'),(493,81,18,2,'2020-01-16 20:42:55'),(494,74,31,2,'2020-01-16 20:42:55'),(495,82,5,4,'2020-01-16 20:42:55'),(496,67,5,1,'2020-01-16 20:42:55'),(497,6,57,3,'2020-01-16 20:42:55'),(498,65,21,1,'2020-01-16 20:42:55'),(499,81,77,2,'2020-01-16 20:42:55'),(500,81,75,2,'2020-01-16 20:42:55');
/*!40000 ALTER TABLE `likes` ENABLE KEYS */;
UNLOCK TABLES;

--
-- Table structure for table `media`
--

DROP TABLE IF EXISTS `media`;
/*!40101 SET @saved_cs_client     = @@character_set_client */;
/*!50503 SET character_set_client = utf8mb4 */;
CREATE TABLE `media` (
  `id` int unsigned NOT NULL AUTO_INCREMENT,
  `media_type_id` int unsigned NOT NULL,
  `user_id` int unsigned NOT NULL,
  `filename` varchar(255) CHARACTER SET utf8 COLLATE utf8_unicode_ci NOT NULL,
  `size` int NOT NULL,
  `metadata` json DEFAULT NULL,
  `created_at` datetime DEFAULT CURRENT_TIMESTAMP,
  `updated_at` datetime DEFAULT CURRENT_TIMESTAMP ON UPDATE CURRENT_TIMESTAMP,
  PRIMARY KEY (`id`)
) ENGINE=InnoDB AUTO_INCREMENT=301 DEFAULT CHARSET=utf8 COLLATE=utf8_unicode_ci;
/*!40101 SET character_set_client = @saved_cs_client */;

--
-- Dumping data for table `media`
--

LOCK TABLES `media` WRITE;
/*!40000 ALTER TABLE `media` DISABLE KEYS */;
INSERT INTO `media` VALUES (1,3,17,'https://dropbox/vk/file_984',984,'{\"984\": \"Bart Hermann\"}','1976-10-21 08:53:28','2019-12-27 18:18:31'),(2,3,68,'https://dropbox/vk/file_503152',503152,'{\"503152\": \"Alysha Gerlach\"}','1987-07-13 21:09:18','2019-12-27 18:18:31'),(3,1,88,'https://dropbox/vk/file_98',98,'{\"98\": \"Beth Beier\"}','1981-06-23 12:00:53','2019-12-27 18:18:31'),(4,3,37,'https://dropbox/vk/file_165',165,'{\"165\": \"Lelah Padberg\"}','1985-11-18 05:07:05','2019-12-27 18:18:31'),(5,1,18,'https://dropbox/vk/file_610',610,'{\"610\": \"Margarita Dicki\"}','2012-10-02 14:00:59','2019-12-27 18:18:31'),(6,2,79,'https://dropbox/vk/file_272330141',272330141,'{\"272330141\": \"Gia Weber\"}','1992-08-30 09:04:13','2019-12-27 18:18:31'),(7,2,39,'https://dropbox/vk/file_13762535',13762535,'{\"13762535\": \"Dewitt McKenzie\"}','1991-01-04 02:38:47','2019-12-27 18:18:31'),(8,3,57,'https://dropbox/vk/file_72379',72379,'{\"72379\": \"Mohammad Runolfsdottir\"}','1995-11-24 16:33:30','2019-12-27 18:18:31'),(9,3,70,'https://dropbox/vk/file_9477',9477,'{\"9477\": \"Adelia Schowalter\"}','2019-02-25 07:45:47','2019-12-27 18:18:31'),(10,1,77,'https://dropbox/vk/file_725089483',725089483,'{\"725089483\": \"Violette Schaefer\"}','2009-07-30 03:55:18','2019-12-27 18:18:31'),(11,3,77,'https://dropbox/vk/file_9381',9381,'{\"9381\": \"Violette Schaefer\"}','2014-05-12 04:56:55','2019-12-27 18:18:31'),(12,3,52,'https://dropbox/vk/file_41829902',41829902,'{\"41829902\": \"Ethan Russel\"}','1997-12-15 17:05:42','2019-12-27 18:18:31'),(13,1,27,'https://dropbox/vk/file_0',0,'{\"0\": \"Lenore Morissette\"}','1986-08-24 23:57:58','2019-12-27 18:18:31'),(14,3,78,'https://dropbox/vk/file_3959520',3959520,'{\"3959520\": \"Lindsey Spencer\"}','2004-04-14 09:17:25','2019-12-27 18:18:31'),(15,3,10,'https://dropbox/vk/file_9',9,'{\"9\": \"Abe Zulauf\"}','1972-12-18 22:21:49','2019-12-27 18:18:31'),(16,3,17,'https://dropbox/vk/file_0',0,'{\"0\": \"Bart Hermann\"}','2009-09-10 03:52:57','2019-12-27 18:18:31'),(17,1,53,'https://dropbox/vk/file_816488752',816488752,'{\"816488752\": \"Amiya Daniel\"}','1988-10-21 03:49:57','2019-12-27 18:18:31'),(18,2,14,'https://dropbox/vk/file_327061601',327061601,'{\"327061601\": \"Cassidy Cormier\"}','2016-11-30 21:53:24','2019-12-27 18:18:31'),(19,2,12,'https://dropbox/vk/file_663428293',663428293,'{\"663428293\": \"Johnathon Sanford\"}','2010-03-17 21:41:43','2019-12-27 18:18:31'),(20,1,18,'https://dropbox/vk/file_0',0,'{\"0\": \"Margarita Dicki\"}','1971-06-10 05:14:12','2019-12-27 18:18:31'),(21,3,51,'https://dropbox/vk/file_331',331,'{\"331\": \"Jeanne Wolf\"}','1993-05-05 12:51:06','2019-12-27 18:18:31'),(22,1,3,'https://dropbox/vk/file_4828',4828,'{\"4828\": \"Aurelio Murphy\"}','2004-05-22 22:54:31','2020-01-16 14:50:28'),(23,3,60,'https://dropbox/vk/file_49808',49808,'{\"49808\": \"Lane Kemmer\"}','2006-06-03 09:44:26','2019-12-27 18:18:31'),(24,2,92,'https://dropbox/vk/file_91',91,'{\"91\": \"Berenice Hamill\"}','1972-07-06 20:33:33','2019-12-27 18:18:31'),(25,2,78,'https://dropbox/vk/file_697310',697310,'{\"697310\": \"Lindsey Spencer\"}','2011-11-18 13:13:17','2019-12-27 18:18:31'),(26,2,16,'https://dropbox/vk/file_223453209',223453209,'{\"223453209\": \"Magdalen Stroman\"}','1989-04-20 17:14:18','2019-12-27 18:18:31'),(27,3,44,'https://dropbox/vk/file_9802',9802,'{\"9802\": \"Arturo Rodriguez\"}','1987-06-30 00:51:46','2019-12-27 18:18:31'),(28,1,69,'https://dropbox/vk/file_8236',8236,'{\"8236\": \"Emanuel Waelchi\"}','2006-06-05 04:13:19','2019-12-27 18:18:31'),(29,2,16,'https://dropbox/vk/file_2918',2918,'{\"2918\": \"Magdalen Stroman\"}','1988-04-18 22:32:08','2019-12-27 18:18:31'),(30,3,72,'https://dropbox/vk/file_528',528,'{\"528\": \"Vicenta Prohaska\"}','1981-12-26 15:49:25','2019-12-27 18:18:31'),(31,1,10,'https://dropbox/vk/file_7',7,'{\"7\": \"Abe Zulauf\"}','2019-11-23 08:58:15','2019-12-27 18:18:31'),(32,3,36,'https://dropbox/vk/file_9',9,'{\"9\": \"Raymond O\'Connell\"}','1979-10-10 00:41:17','2019-12-27 18:18:31'),(33,3,47,'https://dropbox/vk/file_0',0,'{\"0\": \"Mallory Monahan\"}','2004-12-26 19:41:53','2019-12-27 18:18:31'),(34,2,26,'https://dropbox/vk/file_453500',453500,'{\"453500\": \"Antonina Gaylord\"}','1986-09-10 12:57:49','2019-12-27 18:18:31'),(35,1,88,'https://dropbox/vk/file_9397',9397,'{\"9397\": \"Beth Beier\"}','1971-04-28 12:10:32','2019-12-27 18:18:31'),(36,2,62,'https://dropbox/vk/file_2890',2890,'{\"2890\": \"Libby Mante\"}','2015-04-16 04:08:06','2019-12-27 18:18:31'),(37,3,48,'https://dropbox/vk/file_893',893,'{\"893\": \"Dominique Bartoletti\"}','2018-07-22 01:44:36','2019-12-27 18:18:31'),(38,3,51,'https://dropbox/vk/file_47628804',47628804,'{\"47628804\": \"Jeanne Wolf\"}','2003-09-25 10:29:15','2019-12-27 18:18:31'),(39,3,13,'https://dropbox/vk/file_0',0,'{\"0\": \"Lupe McCullough\"}','1974-01-28 13:48:53','2019-12-27 18:18:31'),(40,3,10,'https://dropbox/vk/file_702830162',702830162,'{\"702830162\": \"Abe Zulauf\"}','1999-12-09 05:29:00','2019-12-27 18:18:31'),(41,1,10,'https://dropbox/vk/file_1907981',1907981,'{\"1907981\": \"Abe Zulauf\"}','2003-03-09 13:07:14','2019-12-27 18:18:31'),(42,3,19,'https://dropbox/vk/file_8799',8799,'{\"8799\": \"Laurie Hermann\"}','1976-05-25 13:55:00','2019-12-27 18:18:31'),(43,1,64,'https://dropbox/vk/file_23',23,'{\"23\": \"Cathrine Fadel\"}','1982-10-30 15:49:26','2019-12-27 18:18:31'),(44,1,62,'https://dropbox/vk/file_0',0,'{\"0\": \"Libby Mante\"}','2013-10-08 05:37:56','2019-12-27 18:18:31'),(45,1,20,'https://dropbox/vk/file_14884562',14884562,'{\"14884562\": \"Vinnie Keebler\"}','1991-01-02 13:19:29','2019-12-27 18:18:31'),(46,1,13,'https://dropbox/vk/file_6039',6039,'{\"6039\": \"Lupe McCullough\"}','1974-05-08 21:26:59','2019-12-27 18:18:31'),(47,2,4,'https://dropbox/vk/file_15951098',15951098,'{\"15951098\": \"Jordon Watsica\"}','2005-05-25 08:31:43','2019-12-27 18:18:31'),(48,2,79,'https://dropbox/vk/file_257878',257878,'{\"257878\": \"Gia Weber\"}','2000-04-08 17:57:10','2019-12-27 18:18:31'),(49,1,84,'https://dropbox/vk/file_9918172',9918172,'{\"9918172\": \"Lenora Blanda\"}','1990-01-03 20:48:47','2019-12-27 18:18:31'),(50,3,84,'https://dropbox/vk/file_72182',72182,'{\"72182\": \"Lenora Blanda\"}','1977-05-22 10:02:32','2019-12-27 18:18:31'),(51,1,66,'https://dropbox/vk/file_63718',63718,'{\"63718\": \"Casper Thompson\"}','1988-10-14 08:13:20','2019-12-27 18:18:31'),(52,1,76,'https://dropbox/vk/file_0',0,'{\"0\": \"Dayna Glover\"}','1974-01-24 10:39:43','2019-12-27 18:18:31'),(53,3,83,'https://dropbox/vk/file_621278',621278,'{\"621278\": \"Julie Deckow\"}','1975-02-25 02:22:03','2019-12-27 18:18:31'),(54,1,86,'https://dropbox/vk/file_691489',691489,'{\"691489\": \"Creola Fadel\"}','1992-11-22 07:12:27','2019-12-27 18:18:31'),(55,1,82,'https://dropbox/vk/file_550328069',550328069,'{\"550328069\": \"Carson VonRueden\"}','1982-03-24 06:41:01','2019-12-27 18:18:31'),(56,3,49,'https://dropbox/vk/file_0',0,'{\"0\": \"Cora Tremblay\"}','1975-04-04 02:51:02','2019-12-27 18:18:31'),(57,1,98,'https://dropbox/vk/file_55263608',55263608,'{\"55263608\": \"Ardella Stokes\"}','2013-05-01 02:18:24','2019-12-27 18:18:31'),(58,3,42,'https://dropbox/vk/file_14676545',14676545,'{\"14676545\": \"Mackenzie Jaskolski\"}','1988-10-18 09:27:10','2019-12-27 18:18:31'),(59,1,15,'https://dropbox/vk/file_44137',44137,'{\"44137\": \"Jaime Crooks\"}','2006-08-24 14:27:37','2019-12-27 18:18:31'),(60,3,51,'https://dropbox/vk/file_7',7,'{\"7\": \"Jeanne Wolf\"}','1977-03-14 05:30:51','2019-12-27 18:18:31'),(61,2,10,'https://dropbox/vk/file_688',688,'{\"688\": \"Abe Zulauf\"}','1997-11-27 14:09:39','2019-12-27 18:18:31'),(62,1,97,'https://dropbox/vk/file_2389',2389,'{\"2389\": \"Arnulfo Jast\"}','2000-02-01 23:02:28','2019-12-27 18:18:31'),(63,1,52,'https://dropbox/vk/file_0',0,'{\"0\": \"Ethan Russel\"}','1976-06-05 09:43:42','2019-12-27 18:18:31'),(64,3,70,'https://dropbox/vk/file_366760',366760,'{\"366760\": \"Adelia Schowalter\"}','2018-08-02 16:25:26','2019-12-27 18:18:31'),(65,3,93,'https://dropbox/vk/file_5875734',5875734,'{\"5875734\": \"Jules Larson\"}','1994-03-26 03:49:59','2019-12-27 18:18:31'),(66,3,55,'https://dropbox/vk/file_9670',9670,'{\"9670\": \"Christophe Kassulke\"}','1972-05-14 20:37:21','2019-12-27 18:18:31'),(67,3,95,'https://dropbox/vk/file_955568927',955568927,'{\"955568927\": \"Demetris Donnelly\"}','1995-04-01 16:56:52','2019-12-27 18:18:31'),(68,3,10,'https://dropbox/vk/file_2561',2561,'{\"2561\": \"Abe Zulauf\"}','2013-06-10 19:48:38','2019-12-27 18:18:31'),(69,3,63,'https://dropbox/vk/file_2133',2133,'{\"2133\": \"Hoyt Ryan\"}','1993-11-27 15:48:09','2019-12-27 18:18:31'),(70,3,86,'https://dropbox/vk/file_76851189',76851189,'{\"76851189\": \"Creola Fadel\"}','2018-08-17 03:01:27','2019-12-27 18:18:31'),(71,3,38,'https://dropbox/vk/file_3241',3241,'{\"3241\": \"Mitchell Ratke\"}','1991-01-14 22:20:33','2019-12-27 18:18:31'),(72,3,35,'https://dropbox/vk/file_71092201',71092201,'{\"71092201\": \"Muriel Wiegand\"}','1979-11-18 18:14:46','2019-12-27 18:18:31'),(73,3,59,'https://dropbox/vk/file_167837787',167837787,'{\"167837787\": \"Alfonzo Tillman\"}','1984-09-09 19:42:23','2019-12-27 18:18:31'),(74,2,89,'https://dropbox/vk/file_23197306',23197306,'{\"23197306\": \"Darby Beier\"}','1994-03-10 23:27:12','2019-12-27 18:18:31'),(75,2,70,'https://dropbox/vk/file_0',0,'{\"0\": \"Adelia Schowalter\"}','2012-02-22 04:40:18','2019-12-27 18:18:31'),(76,3,81,'https://dropbox/vk/file_7494224',7494224,'{\"7494224\": \"Vicky Bauch\"}','2004-07-06 07:31:33','2019-12-27 18:18:31'),(77,1,95,'https://dropbox/vk/file_32389344',32389344,'{\"32389344\": \"Demetris Donnelly\"}','1995-03-24 01:26:58','2019-12-27 18:18:31'),(78,2,31,'https://dropbox/vk/file_14197746',14197746,'{\"14197746\": \"Lon Littel\"}','1994-10-03 09:51:36','2019-12-27 18:18:31'),(79,3,72,'https://dropbox/vk/file_1568',1568,'{\"1568\": \"Vicenta Prohaska\"}','2001-12-31 09:54:54','2019-12-27 18:18:31'),(80,2,63,'https://dropbox/vk/file_68735766',68735766,'{\"68735766\": \"Hoyt Ryan\"}','2001-12-30 16:57:36','2019-12-27 18:18:31'),(81,2,99,'https://dropbox/vk/file_0',0,'{\"0\": \"Davonte Kuhic\"}','2009-07-13 19:38:32','2019-12-27 18:18:31'),(82,3,5,'https://dropbox/vk/file_69745410',69745410,'{\"69745410\": \"Ines Gerhold\"}','1978-09-17 15:57:07','2019-12-27 18:18:31'),(83,1,26,'https://dropbox/vk/file_4335818',4335818,'{\"4335818\": \"Antonina Gaylord\"}','2005-09-22 15:27:47','2019-12-27 18:18:31'),(84,1,17,'https://dropbox/vk/file_83',83,'{\"83\": \"Bart Hermann\"}','1984-06-30 03:03:28','2019-12-27 18:18:31'),(85,2,7,'https://dropbox/vk/file_10698815',10698815,'{\"10698815\": \"Wendy Stehr\"}','1986-01-04 03:58:15','2019-12-27 18:18:31'),(86,3,82,'https://dropbox/vk/file_16',16,'{\"16\": \"Carson VonRueden\"}','2012-10-15 04:07:58','2019-12-27 18:18:31'),(87,2,88,'https://dropbox/vk/file_548627180',548627180,'{\"548627180\": \"Beth Beier\"}','2015-06-16 07:52:48','2019-12-27 18:18:31'),(88,1,94,'https://dropbox/vk/file_35726',35726,'{\"35726\": \"Salvatore Lockman\"}','1995-12-09 18:05:36','2019-12-27 18:18:31'),(89,2,5,'https://dropbox/vk/file_526030',526030,'{\"526030\": \"Ines Gerhold\"}','1981-08-12 23:17:53','2019-12-27 18:18:31'),(90,3,41,'https://dropbox/vk/file_79',79,'{\"79\": \"Kari Keeling\"}','1994-04-28 08:22:57','2019-12-27 18:18:31'),(91,2,91,'https://dropbox/vk/file_19161254',19161254,'{\"19161254\": \"Lionel Greenfelder\"}','2003-03-09 16:16:05','2019-12-27 18:18:31'),(92,2,32,'https://dropbox/vk/file_28570',28570,'{\"28570\": \"Robbie Witting\"}','2001-01-14 15:54:45','2019-12-27 18:18:31'),(93,1,84,'https://dropbox/vk/file_0',0,'{\"0\": \"Lenora Blanda\"}','2007-05-28 12:00:00','2019-12-27 18:18:31'),(94,2,26,'https://dropbox/vk/file_398755',398755,'{\"398755\": \"Antonina Gaylord\"}','2018-08-01 16:54:53','2019-12-27 18:18:31'),(95,1,75,'https://dropbox/vk/file_93428446',93428446,'{\"93428446\": \"Eileen Shields\"}','1987-05-23 05:51:32','2019-12-27 18:18:31'),(96,3,99,'https://dropbox/vk/file_831',831,'{\"831\": \"Davonte Kuhic\"}','2010-12-16 17:52:17','2019-12-27 18:18:31'),(97,2,69,'https://dropbox/vk/file_966411071',966411071,'{\"966411071\": \"Emanuel Waelchi\"}','1974-05-02 03:27:54','2019-12-27 18:18:31'),(98,1,48,'https://dropbox/vk/file_9371796',9371796,'{\"9371796\": \"Dominique Bartoletti\"}','1973-03-31 10:32:48','2019-12-27 18:18:31'),(99,2,34,'https://dropbox/vk/file_561682',561682,'{\"561682\": \"Dejah Ward\"}','1990-07-02 17:40:51','2019-12-27 18:18:31'),(100,3,23,'https://dropbox/vk/file_4',4,'{\"4\": \"Ervin Little\"}','1977-07-13 12:21:04','2019-12-27 18:18:31'),(101,3,15,'https://dropbox/vk/file_869768903',869768903,'{\"869768903\": \"Jaime Crooks\"}','2003-04-03 22:30:02','2019-12-27 18:18:31'),(102,2,5,'https://dropbox/vk/file_3',3,'{\"3\": \"Ines Gerhold\"}','1980-03-07 05:53:46','2019-12-27 18:18:31'),(103,2,78,'https://dropbox/vk/file_0',0,'{\"0\": \"Lindsey Spencer\"}','2016-10-08 14:16:19','2019-12-27 18:18:31'),(104,3,74,'https://dropbox/vk/file_536202064',536202064,'{\"536202064\": \"Lupe Schaden\"}','1996-09-11 10:20:01','2019-12-27 18:18:31'),(105,2,37,'https://dropbox/vk/file_799266770',799266770,'{\"799266770\": \"Lelah Padberg\"}','1994-09-22 13:22:07','2019-12-27 18:18:31'),(106,2,61,'https://dropbox/vk/file_59',59,'{\"59\": \"Daryl Nitzsche\"}','1992-09-08 11:48:53','2019-12-27 18:18:31'),(107,3,96,'https://dropbox/vk/file_77',77,'{\"77\": \"Silas Franecki\"}','2003-07-15 16:01:05','2019-12-27 18:18:31'),(108,1,93,'https://dropbox/vk/file_98216889',98216889,'{\"98216889\": \"Jules Larson\"}','2005-01-16 13:45:57','2019-12-27 18:18:31'),(109,2,79,'https://dropbox/vk/file_8159',8159,'{\"8159\": \"Gia Weber\"}','2000-10-14 01:41:03','2019-12-27 18:18:31'),(110,3,14,'https://dropbox/vk/file_6765',6765,'{\"6765\": \"Cassidy Cormier\"}','1970-12-09 15:25:14','2019-12-27 18:18:31'),(111,1,35,'https://dropbox/vk/file_88437',88437,'{\"88437\": \"Muriel Wiegand\"}','1986-01-30 03:28:08','2019-12-27 18:18:31'),(112,2,30,'https://dropbox/vk/file_1',1,'{\"1\": \"Modesta Schiller\"}','1996-10-09 01:13:39','2019-12-27 18:18:31'),(113,2,44,'https://dropbox/vk/file_55169646',55169646,'{\"55169646\": \"Arturo Rodriguez\"}','1989-11-25 19:25:20','2019-12-27 18:18:31'),(114,1,28,'https://dropbox/vk/file_176890553',176890553,'{\"176890553\": \"Bradford Rodriguez\"}','2004-10-07 01:15:35','2019-12-27 18:18:31'),(115,3,11,'https://dropbox/vk/file_872636',872636,'{\"872636\": \"Georgiana Johnston\"}','1986-03-09 06:54:21','2019-12-27 18:18:31'),(116,1,68,'https://dropbox/vk/file_1363220',1363220,'{\"1363220\": \"Alysha Gerlach\"}','1982-12-05 10:36:25','2019-12-27 18:18:31'),(117,2,6,'https://dropbox/vk/file_8553336',8553336,'{\"8553336\": \"Ara Koss\"}','2013-07-18 23:02:21','2019-12-27 18:18:31'),(118,1,29,'https://dropbox/vk/file_916',916,'{\"916\": \"Jayne Stroman\"}','1972-05-14 11:59:48','2019-12-27 18:18:31'),(119,1,23,'https://dropbox/vk/file_66163',66163,'{\"66163\": \"Ervin Little\"}','1975-11-20 14:44:25','2019-12-27 18:18:31'),(120,2,27,'https://dropbox/vk/file_917943689',917943689,'{\"917943689\": \"Lenore Morissette\"}','1996-06-03 03:57:02','2019-12-27 18:18:31'),(121,3,69,'https://dropbox/vk/file_5',5,'{\"5\": \"Emanuel Waelchi\"}','1979-03-28 00:52:17','2019-12-27 18:18:31'),(122,2,60,'https://dropbox/vk/file_3699122',3699122,'{\"3699122\": \"Lane Kemmer\"}','2009-02-20 17:34:33','2019-12-27 18:18:31'),(123,1,93,'https://dropbox/vk/file_88',88,'{\"88\": \"Jules Larson\"}','1984-01-18 02:42:02','2019-12-27 18:18:31'),(124,1,87,'https://dropbox/vk/file_538793648',538793648,'{\"538793648\": \"Vicente Murphy\"}','2013-05-17 07:29:00','2019-12-27 18:18:31'),(125,3,55,'https://dropbox/vk/file_0',0,'{\"0\": \"Christophe Kassulke\"}','1980-04-20 21:50:43','2019-12-27 18:18:31'),(126,2,11,'https://dropbox/vk/file_56457923',56457923,'{\"56457923\": \"Georgiana Johnston\"}','2006-09-23 02:50:57','2019-12-27 18:18:31'),(127,1,92,'https://dropbox/vk/file_27',27,'{\"27\": \"Berenice Hamill\"}','1987-07-12 23:19:44','2019-12-27 18:18:31'),(128,3,25,'https://dropbox/vk/file_0',0,'{\"0\": \"Addison Wunsch\"}','2010-12-26 18:19:00','2019-12-27 18:18:31'),(129,2,48,'https://dropbox/vk/file_0',0,'{\"0\": \"Dominique Bartoletti\"}','2003-05-21 20:01:05','2019-12-27 18:18:31'),(130,2,65,'https://dropbox/vk/file_2',2,'{\"2\": \"Myrl Runolfsson\"}','1978-04-06 04:20:08','2019-12-27 18:18:31'),(131,3,80,'https://dropbox/vk/file_297',297,'{\"297\": \"Clement Wolff\"}','2017-07-29 00:04:25','2019-12-27 18:18:31'),(132,2,6,'https://dropbox/vk/file_9612750',9612750,'{\"9612750\": \"Ara Koss\"}','2010-02-03 08:24:16','2019-12-27 18:18:31'),(133,2,91,'https://dropbox/vk/file_36',36,'{\"36\": \"Lionel Greenfelder\"}','2017-11-10 10:16:54','2019-12-27 18:18:31'),(134,2,34,'https://dropbox/vk/file_4373072',4373072,'{\"4373072\": \"Dejah Ward\"}','2014-10-23 15:00:02','2019-12-27 18:18:31'),(135,2,96,'https://dropbox/vk/file_863557813',863557813,'{\"863557813\": \"Silas Franecki\"}','2016-10-25 06:11:06','2019-12-27 18:18:31'),(136,3,79,'https://dropbox/vk/file_495',495,'{\"495\": \"Gia Weber\"}','1975-09-19 14:08:11','2019-12-27 18:18:31'),(137,2,5,'https://dropbox/vk/file_4',4,'{\"4\": \"Ines Gerhold\"}','1999-07-05 18:18:41','2019-12-27 18:18:31'),(138,3,90,'https://dropbox/vk/file_6',6,'{\"6\": \"Oscar Wintheiser\"}','1970-08-25 00:16:38','2019-12-27 18:18:31'),(139,2,31,'https://dropbox/vk/file_47',47,'{\"47\": \"Lon Littel\"}','1980-11-26 06:19:46','2019-12-27 18:18:31'),(140,3,87,'https://dropbox/vk/file_962',962,'{\"962\": \"Vicente Murphy\"}','1989-09-25 20:20:40','2019-12-27 18:18:31'),(141,3,41,'https://dropbox/vk/file_594',594,'{\"594\": \"Kari Keeling\"}','1996-02-20 17:16:25','2019-12-27 18:18:31'),(142,1,43,'https://dropbox/vk/file_5509',5509,'{\"5509\": \"Cordelia Volkman\"}','1977-12-05 09:50:24','2019-12-27 18:18:31'),(143,2,90,'https://dropbox/vk/file_1552',1552,'{\"1552\": \"Oscar Wintheiser\"}','1976-08-20 09:03:10','2019-12-27 18:18:31'),(144,2,21,'https://dropbox/vk/file_91714397',91714397,'{\"91714397\": \"Alvina Pouros\"}','1975-02-07 02:02:11','2019-12-27 18:18:31'),(145,1,35,'https://dropbox/vk/file_994072078',994072078,'{\"994072078\": \"Muriel Wiegand\"}','1997-04-16 08:33:13','2019-12-27 18:18:31'),(146,2,13,'https://dropbox/vk/file_57790626',57790626,'{\"57790626\": \"Lupe McCullough\"}','1976-12-21 18:16:02','2019-12-27 18:18:31'),(147,1,58,'https://dropbox/vk/file_1',1,'{\"1\": \"Jessica Gusikowski\"}','1992-10-19 22:14:33','2019-12-27 18:18:31'),(148,2,53,'https://dropbox/vk/file_934',934,'{\"934\": \"Amiya Daniel\"}','1976-04-17 02:27:09','2019-12-27 18:18:31'),(149,2,88,'https://dropbox/vk/file_592',592,'{\"592\": \"Beth Beier\"}','2005-04-19 02:28:37','2019-12-27 18:18:31'),(150,2,79,'https://dropbox/vk/file_2',2,'{\"2\": \"Gia Weber\"}','1997-02-06 03:49:40','2019-12-27 18:18:31'),(151,2,32,'https://dropbox/vk/file_15538',15538,'{\"15538\": \"Robbie Witting\"}','1993-08-18 10:47:15','2019-12-27 18:18:31'),(152,2,24,'https://dropbox/vk/file_8',8,'{\"8\": \"Kaitlyn Gaylord\"}','1982-12-27 06:53:49','2019-12-27 18:18:31'),(153,1,21,'https://dropbox/vk/file_700267924',700267924,'{\"700267924\": \"Alvina Pouros\"}','1981-09-15 06:16:17','2019-12-27 18:18:31'),(154,1,34,'https://dropbox/vk/file_86605',86605,'{\"86605\": \"Dejah Ward\"}','1974-09-28 07:05:55','2019-12-27 18:18:31'),(155,3,5,'https://dropbox/vk/file_833217',833217,'{\"833217\": \"Ines Gerhold\"}','1990-01-26 21:51:20','2019-12-27 18:18:31'),(156,2,25,'https://dropbox/vk/file_74340',74340,'{\"74340\": \"Addison Wunsch\"}','2018-02-10 15:47:19','2019-12-27 18:18:31'),(157,1,7,'https://dropbox/vk/file_0',0,'{\"0\": \"Wendy Stehr\"}','2017-04-02 23:45:55','2019-12-27 18:18:31'),(158,3,61,'https://dropbox/vk/file_46723',46723,'{\"46723\": \"Daryl Nitzsche\"}','1980-05-12 04:58:52','2019-12-27 18:18:31'),(159,2,83,'https://dropbox/vk/file_33',33,'{\"33\": \"Julie Deckow\"}','1988-05-02 02:20:19','2019-12-27 18:18:31'),(160,3,33,'https://dropbox/vk/file_63',63,'{\"63\": \"Hunter Romaguera\"}','1989-02-17 13:42:33','2019-12-27 18:18:31'),(161,2,15,'https://dropbox/vk/file_5395224',5395224,'{\"5395224\": \"Jaime Crooks\"}','2004-06-09 23:32:58','2019-12-27 18:18:31'),(162,3,75,'https://dropbox/vk/file_55115',55115,'{\"55115\": \"Eileen Shields\"}','2018-02-23 14:34:10','2019-12-27 18:18:31'),(163,1,31,'https://dropbox/vk/file_6',6,'{\"6\": \"Lon Littel\"}','1999-08-14 03:42:07','2019-12-27 18:18:31'),(164,1,29,'https://dropbox/vk/file_3899279',3899279,'{\"3899279\": \"Jayne Stroman\"}','2013-01-12 22:38:44','2019-12-27 18:18:31'),(165,3,51,'https://dropbox/vk/file_223',223,'{\"223\": \"Jeanne Wolf\"}','2006-11-10 18:25:34','2019-12-27 18:18:31'),(166,1,68,'https://dropbox/vk/file_39',39,'{\"39\": \"Alysha Gerlach\"}','2013-09-29 19:27:04','2019-12-27 18:18:31'),(167,1,85,'https://dropbox/vk/file_7476',7476,'{\"7476\": \"Glennie Auer\"}','2014-07-15 15:15:20','2019-12-27 18:18:31'),(168,1,21,'https://dropbox/vk/file_844623691',844623691,'{\"844623691\": \"Alvina Pouros\"}','1985-05-09 02:01:11','2019-12-27 18:18:31'),(169,3,50,'https://dropbox/vk/file_59166',59166,'{\"59166\": \"Jessica Wilderman\"}','1977-07-14 10:03:18','2019-12-27 18:18:31'),(170,1,87,'https://dropbox/vk/file_1295425',1295425,'{\"1295425\": \"Vicente Murphy\"}','2005-01-09 03:49:30','2019-12-27 18:18:31'),(171,1,83,'https://dropbox/vk/file_2196',2196,'{\"2196\": \"Julie Deckow\"}','1984-09-18 04:04:30','2019-12-27 18:18:31'),(172,1,55,'https://dropbox/vk/file_0',0,'{\"0\": \"Christophe Kassulke\"}','1971-10-19 06:38:42','2019-12-27 18:18:31'),(173,2,23,'https://dropbox/vk/file_7',7,'{\"7\": \"Ervin Little\"}','1972-01-30 11:03:10','2019-12-27 18:18:31'),(174,1,53,'https://dropbox/vk/file_894',894,'{\"894\": \"Amiya Daniel\"}','1970-09-10 20:25:21','2019-12-27 18:18:31'),(175,3,93,'https://dropbox/vk/file_423044607',423044607,'{\"423044607\": \"Jules Larson\"}','2003-05-12 15:38:51','2019-12-27 18:18:31'),(176,1,7,'https://dropbox/vk/file_832361206',832361206,'{\"832361206\": \"Wendy Stehr\"}','1980-06-04 07:15:05','2019-12-27 18:18:31'),(177,1,53,'https://dropbox/vk/file_2',2,'{\"2\": \"Amiya Daniel\"}','2017-12-12 03:52:57','2019-12-27 18:18:31'),(178,2,46,'https://dropbox/vk/file_60982',60982,'{\"60982\": \"Cullen Daniel\"}','1992-10-04 02:40:54','2019-12-27 18:18:31'),(179,3,70,'https://dropbox/vk/file_783',783,'{\"783\": \"Adelia Schowalter\"}','1992-02-11 18:28:46','2019-12-27 18:18:31'),(180,3,11,'https://dropbox/vk/file_9986313',9986313,'{\"9986313\": \"Georgiana Johnston\"}','2001-10-04 06:40:22','2019-12-27 18:18:31'),(181,1,46,'https://dropbox/vk/file_11924',11924,'{\"11924\": \"Cullen Daniel\"}','2000-08-20 00:05:06','2019-12-27 18:18:31'),(182,3,98,'https://dropbox/vk/file_4019109',4019109,'{\"4019109\": \"Ardella Stokes\"}','1989-12-15 19:40:51','2019-12-27 18:18:31'),(183,1,49,'https://dropbox/vk/file_32837',32837,'{\"32837\": \"Cora Tremblay\"}','2009-09-24 18:18:35','2019-12-27 18:18:31'),(184,1,49,'https://dropbox/vk/file_27',27,'{\"27\": \"Cora Tremblay\"}','1992-08-22 06:59:56','2019-12-27 18:18:31'),(185,3,1,'https://dropbox/vk/file_445',445,'{\"445\": \"Dawn Grant\"}','2014-09-27 04:21:32','2019-12-27 18:18:31'),(186,3,56,'https://dropbox/vk/file_13300507',13300507,'{\"13300507\": \"Name Kshlerin\"}','1985-08-02 23:16:16','2019-12-27 18:18:31'),(187,1,78,'https://dropbox/vk/file_9623679',9623679,'{\"9623679\": \"Lindsey Spencer\"}','2011-04-19 10:19:17','2019-12-27 18:18:31'),(188,3,19,'https://dropbox/vk/file_194623',194623,'{\"194623\": \"Laurie Hermann\"}','1976-10-02 12:08:41','2019-12-27 18:18:31'),(189,1,61,'https://dropbox/vk/file_96804995',96804995,'{\"96804995\": \"Daryl Nitzsche\"}','1996-08-30 13:10:47','2019-12-27 18:18:31'),(190,1,50,'https://dropbox/vk/file_10064',10064,'{\"10064\": \"Jessica Wilderman\"}','2006-06-18 02:48:46','2019-12-27 18:18:31'),(191,3,64,'https://dropbox/vk/file_0',0,'{\"0\": \"Cathrine Fadel\"}','1976-10-06 20:12:52','2019-12-27 18:18:31'),(192,2,69,'https://dropbox/vk/file_0',0,'{\"0\": \"Emanuel Waelchi\"}','2002-09-27 23:21:57','2019-12-27 18:18:31'),(193,3,54,'https://dropbox/vk/file_2559186',2559186,'{\"2559186\": \"Dimitri Grady\"}','1993-05-03 01:12:15','2019-12-27 18:18:31'),(194,2,62,'https://dropbox/vk/file_43232071',43232071,'{\"43232071\": \"Libby Mante\"}','1981-06-24 11:40:28','2019-12-27 18:18:31'),(195,1,49,'https://dropbox/vk/file_0',0,'{\"0\": \"Cora Tremblay\"}','1992-02-22 21:21:54','2019-12-27 18:18:31'),(196,3,56,'https://dropbox/vk/file_333334',333334,'{\"333334\": \"Name Kshlerin\"}','2000-03-02 13:42:09','2019-12-27 18:18:31'),(197,3,36,'https://dropbox/vk/file_40243',40243,'{\"40243\": \"Raymond O\'Connell\"}','2007-04-03 21:53:50','2019-12-27 18:18:31'),(198,3,8,'https://dropbox/vk/file_642',642,'{\"642\": \"Watson Gutkowski\"}','1971-04-05 10:40:45','2019-12-27 18:18:31'),(199,2,32,'https://dropbox/vk/file_806102701',806102701,'{\"806102701\": \"Robbie Witting\"}','1987-03-10 09:14:30','2019-12-27 18:18:31'),(200,3,35,'https://dropbox/vk/file_0',0,'{\"0\": \"Muriel Wiegand\"}','1987-02-23 15:53:16','2019-12-27 18:18:31'),(201,3,80,'https://dropbox/vk/file_5171432',5171432,'{\"5171432\": \"Clement Wolff\"}','1987-06-11 20:21:32','2019-12-27 18:18:31'),(202,3,93,'https://dropbox/vk/file_0',0,'{\"0\": \"Jules Larson\"}','2006-06-03 03:18:52','2019-12-27 18:18:31'),(203,2,24,'https://dropbox/vk/file_29819141',29819141,'{\"29819141\": \"Kaitlyn Gaylord\"}','2004-10-01 12:20:00','2019-12-27 18:18:31'),(204,3,43,'https://dropbox/vk/file_309460303',309460303,'{\"309460303\": \"Cordelia Volkman\"}','1998-06-20 22:07:25','2019-12-27 18:18:31'),(205,3,39,'https://dropbox/vk/file_0',0,'{\"0\": \"Dewitt McKenzie\"}','2010-09-18 15:53:39','2019-12-27 18:18:31'),(206,2,68,'https://dropbox/vk/file_7706505',7706505,'{\"7706505\": \"Alysha Gerlach\"}','2007-01-11 22:21:54','2019-12-27 18:18:31'),(207,3,22,'https://dropbox/vk/file_80222',80222,'{\"80222\": \"Amelia Moen\"}','2018-03-03 05:26:39','2019-12-27 18:18:31'),(208,2,7,'https://dropbox/vk/file_50108860',50108860,'{\"50108860\": \"Wendy Stehr\"}','2006-10-25 20:29:35','2019-12-27 18:18:31'),(209,2,66,'https://dropbox/vk/file_7875',7875,'{\"7875\": \"Casper Thompson\"}','2000-12-28 15:05:42','2019-12-27 18:18:31'),(210,3,8,'https://dropbox/vk/file_8',8,'{\"8\": \"Watson Gutkowski\"}','2013-03-22 22:38:18','2019-12-27 18:18:31'),(211,3,41,'https://dropbox/vk/file_0',0,'{\"0\": \"Kari Keeling\"}','1997-07-17 04:09:23','2019-12-27 18:18:31'),(212,1,83,'https://dropbox/vk/file_537080790',537080790,'{\"537080790\": \"Julie Deckow\"}','2005-09-17 14:07:12','2019-12-27 18:18:31'),(213,3,89,'https://dropbox/vk/file_69767',69767,'{\"69767\": \"Darby Beier\"}','1993-11-13 18:29:22','2019-12-27 18:18:31'),(214,2,97,'https://dropbox/vk/file_0',0,'{\"0\": \"Arnulfo Jast\"}','1986-07-05 11:53:20','2019-12-27 18:18:31'),(215,3,17,'https://dropbox/vk/file_8',8,'{\"8\": \"Bart Hermann\"}','1986-06-11 05:49:23','2019-12-27 18:18:31'),(216,1,95,'https://dropbox/vk/file_72286071',72286071,'{\"72286071\": \"Demetris Donnelly\"}','1992-08-08 21:03:07','2019-12-27 18:18:31'),(217,1,23,'https://dropbox/vk/file_35536080',35536080,'{\"35536080\": \"Ervin Little\"}','1970-03-26 18:15:04','2019-12-27 18:18:31'),(218,3,28,'https://dropbox/vk/file_921174483',921174483,'{\"921174483\": \"Bradford Rodriguez\"}','1986-12-05 00:29:37','2019-12-27 18:18:31'),(219,2,73,'https://dropbox/vk/file_244445702',244445702,'{\"244445702\": \"Kaylie Crist\"}','2015-09-29 16:20:53','2019-12-27 18:18:31'),(220,1,79,'https://dropbox/vk/file_0',0,'{\"0\": \"Gia Weber\"}','2016-05-29 22:08:10','2019-12-27 18:18:31'),(221,1,75,'https://dropbox/vk/file_0',0,'{\"0\": \"Eileen Shields\"}','2016-01-18 19:10:54','2019-12-27 18:18:31'),(222,3,40,'https://dropbox/vk/file_483',483,'{\"483\": \"Tavares Torphy\"}','2017-05-19 16:01:05','2019-12-27 18:18:31'),(223,1,74,'https://dropbox/vk/file_0',0,'{\"0\": \"Lupe Schaden\"}','1988-06-17 15:55:08','2019-12-27 18:18:31'),(224,3,47,'https://dropbox/vk/file_0',0,'{\"0\": \"Mallory Monahan\"}','1986-12-24 12:08:06','2019-12-27 18:18:31'),(225,1,16,'https://dropbox/vk/file_3327',3327,'{\"3327\": \"Magdalen Stroman\"}','2004-06-11 13:55:27','2019-12-27 18:18:31'),(226,2,36,'https://dropbox/vk/file_8',8,'{\"8\": \"Raymond O\'Connell\"}','2006-11-25 09:43:58','2019-12-27 18:18:31'),(227,2,33,'https://dropbox/vk/file_46895',46895,'{\"46895\": \"Hunter Romaguera\"}','1987-12-19 15:11:58','2019-12-27 18:18:31'),(228,3,56,'https://dropbox/vk/file_9',9,'{\"9\": \"Name Kshlerin\"}','2007-09-27 19:13:53','2019-12-27 18:18:31'),(229,1,82,'https://dropbox/vk/file_1',1,'{\"1\": \"Carson VonRueden\"}','2008-02-10 18:58:20','2019-12-27 18:18:31'),(230,3,39,'https://dropbox/vk/file_97691525',97691525,'{\"97691525\": \"Dewitt McKenzie\"}','1981-07-03 01:52:45','2019-12-27 18:18:31'),(231,3,47,'https://dropbox/vk/file_64078993',64078993,'{\"64078993\": \"Mallory Monahan\"}','2000-08-16 09:09:26','2019-12-27 18:18:31'),(232,3,21,'https://dropbox/vk/file_28459327',28459327,'{\"28459327\": \"Alvina Pouros\"}','2019-03-23 09:43:05','2019-12-27 18:18:31'),(233,2,63,'https://dropbox/vk/file_74965',74965,'{\"74965\": \"Hoyt Ryan\"}','1980-12-10 15:09:51','2019-12-27 18:18:31'),(234,1,50,'https://dropbox/vk/file_398501694',398501694,'{\"398501694\": \"Jessica Wilderman\"}','2008-09-18 09:29:24','2019-12-27 18:18:31'),(235,2,62,'https://dropbox/vk/file_93420339',93420339,'{\"93420339\": \"Libby Mante\"}','2008-02-27 02:13:19','2019-12-27 18:18:31'),(236,3,57,'https://dropbox/vk/file_9290',9290,'{\"9290\": \"Mohammad Runolfsdottir\"}','1988-09-11 17:06:02','2019-12-27 18:18:31'),(237,1,1,'https://dropbox/vk/file_327',327,'{\"327\": \"Dawn Grant\"}','2001-12-14 01:20:09','2019-12-27 18:18:31'),(238,2,34,'https://dropbox/vk/file_0',0,'{\"0\": \"Dejah Ward\"}','2009-01-19 17:56:33','2019-12-27 18:18:31'),(239,3,65,'https://dropbox/vk/file_252664529',252664529,'{\"252664529\": \"Myrl Runolfsson\"}','1974-08-05 05:38:48','2019-12-27 18:18:31'),(240,1,21,'https://dropbox/vk/file_5642',5642,'{\"5642\": \"Alvina Pouros\"}','1987-08-02 11:14:29','2019-12-27 18:18:31'),(241,3,10,'https://dropbox/vk/file_6429',6429,'{\"6429\": \"Abe Zulauf\"}','1996-10-06 14:01:01','2019-12-27 18:18:31'),(242,3,89,'https://dropbox/vk/file_68935',68935,'{\"68935\": \"Darby Beier\"}','1979-08-10 10:03:19','2019-12-27 18:18:31'),(243,3,13,'https://dropbox/vk/file_1324857',1324857,'{\"1324857\": \"Lupe McCullough\"}','2011-11-05 09:34:57','2019-12-27 18:18:31'),(244,1,98,'https://dropbox/vk/file_92563',92563,'{\"92563\": \"Ardella Stokes\"}','1994-12-26 02:11:19','2019-12-27 18:18:31'),(245,1,50,'https://dropbox/vk/file_0',0,'{\"0\": \"Jessica Wilderman\"}','2005-10-21 19:37:26','2019-12-27 18:18:31'),(246,1,54,'https://dropbox/vk/file_0',0,'{\"0\": \"Dimitri Grady\"}','1993-12-09 09:07:09','2019-12-27 18:18:31'),(247,1,20,'https://dropbox/vk/file_54708',54708,'{\"54708\": \"Vinnie Keebler\"}','1996-04-16 16:10:32','2019-12-27 18:18:31'),(248,2,39,'https://dropbox/vk/file_6959',6959,'{\"6959\": \"Dewitt McKenzie\"}','1992-12-04 12:33:05','2019-12-27 18:18:31'),(249,2,33,'https://dropbox/vk/file_83',83,'{\"83\": \"Hunter Romaguera\"}','2001-09-08 02:16:48','2019-12-27 18:18:31'),(250,1,50,'https://dropbox/vk/file_178813400',178813400,'{\"178813400\": \"Jessica Wilderman\"}','1986-10-12 08:00:17','2019-12-27 18:18:31'),(251,3,48,'https://dropbox/vk/file_973145785',973145785,'{\"973145785\": \"Dominique Bartoletti\"}','1977-06-12 03:05:40','2019-12-27 18:18:31'),(252,3,92,'https://dropbox/vk/file_0',0,'{\"0\": \"Berenice Hamill\"}','1973-11-19 11:06:41','2019-12-27 18:18:31'),(253,3,14,'https://dropbox/vk/file_209268731',209268731,'{\"209268731\": \"Cassidy Cormier\"}','1990-03-09 20:39:04','2019-12-27 18:18:31'),(254,2,92,'https://dropbox/vk/file_758756265',758756265,'{\"758756265\": \"Berenice Hamill\"}','2009-12-26 15:24:09','2019-12-27 18:18:31'),(255,1,17,'https://dropbox/vk/file_70909101',70909101,'{\"70909101\": \"Bart Hermann\"}','2001-01-09 09:09:41','2019-12-27 18:18:31'),(256,2,11,'https://dropbox/vk/file_599611239',599611239,'{\"599611239\": \"Georgiana Johnston\"}','2007-11-16 17:25:29','2019-12-27 18:18:31'),(257,2,2,'https://dropbox/vk/file_52307',52307,'{\"52307\": \"Salma Carroll\"}','2011-10-24 22:50:19','2019-12-27 18:18:31'),(258,3,78,'https://dropbox/vk/file_1567791',1567791,'{\"1567791\": \"Lindsey Spencer\"}','1995-07-12 01:57:56','2019-12-27 18:18:31'),(259,3,83,'https://dropbox/vk/file_544847936',544847936,'{\"544847936\": \"Julie Deckow\"}','2011-12-27 08:31:35','2019-12-27 18:18:31'),(260,1,82,'https://dropbox/vk/file_47',47,'{\"47\": \"Carson VonRueden\"}','1988-01-31 18:07:19','2019-12-27 18:18:31'),(261,3,61,'https://dropbox/vk/file_5080',5080,'{\"5080\": \"Daryl Nitzsche\"}','1977-11-03 15:38:27','2019-12-27 18:18:31'),(262,3,58,'https://dropbox/vk/file_53099411',53099411,'{\"53099411\": \"Jessica Gusikowski\"}','2000-07-24 17:59:27','2019-12-27 18:18:31'),(263,2,4,'https://dropbox/vk/file_0',0,'{\"0\": \"Jordon Watsica\"}','1997-06-15 15:35:15','2019-12-27 18:18:31'),(264,3,48,'https://dropbox/vk/file_84319977',84319977,'{\"84319977\": \"Dominique Bartoletti\"}','1977-11-23 13:05:17','2019-12-27 18:18:31'),(265,1,25,'https://dropbox/vk/file_83138001',83138001,'{\"83138001\": \"Addison Wunsch\"}','1975-12-27 05:28:47','2019-12-27 18:18:31'),(266,3,83,'https://dropbox/vk/file_623130',623130,'{\"623130\": \"Julie Deckow\"}','1994-12-22 05:45:05','2019-12-27 18:18:31'),(267,1,39,'https://dropbox/vk/file_71230',71230,'{\"71230\": \"Dewitt McKenzie\"}','2011-02-22 21:43:53','2019-12-27 18:18:31'),(268,1,47,'https://dropbox/vk/file_417004353',417004353,'{\"417004353\": \"Mallory Monahan\"}','2019-12-25 04:26:52','2019-12-27 18:18:31'),(269,3,17,'https://dropbox/vk/file_225113345',225113345,'{\"225113345\": \"Bart Hermann\"}','1984-01-03 19:04:40','2019-12-27 18:18:31'),(270,3,42,'https://dropbox/vk/file_9570',9570,'{\"9570\": \"Mackenzie Jaskolski\"}','1979-02-25 17:45:44','2019-12-27 18:18:31'),(271,1,61,'https://dropbox/vk/file_0',0,'{\"0\": \"Daryl Nitzsche\"}','2000-12-26 06:21:17','2019-12-27 18:18:31'),(272,3,79,'https://dropbox/vk/file_0',0,'{\"0\": \"Gia Weber\"}','1992-03-22 11:09:09','2019-12-27 18:18:31'),(273,2,9,'https://dropbox/vk/file_92196',92196,'{\"92196\": \"Lee Schroeder\"}','1984-07-11 18:49:13','2019-12-27 18:18:31'),(274,1,7,'https://dropbox/vk/file_19362920',19362920,'{\"19362920\": \"Wendy Stehr\"}','1983-01-10 03:19:02','2019-12-27 18:18:31'),(275,2,10,'https://dropbox/vk/file_267581',267581,'{\"267581\": \"Abe Zulauf\"}','2007-02-08 06:20:33','2019-12-27 18:18:31'),(276,3,29,'https://dropbox/vk/file_548772740',548772740,'{\"548772740\": \"Jayne Stroman\"}','2000-05-30 19:01:57','2019-12-27 18:18:31'),(277,3,15,'https://dropbox/vk/file_1527425',1527425,'{\"1527425\": \"Jaime Crooks\"}','2008-12-15 09:39:53','2019-12-27 18:18:31'),(278,1,85,'https://dropbox/vk/file_5724',5724,'{\"5724\": \"Glennie Auer\"}','2010-10-02 01:57:21','2019-12-27 18:18:31'),(279,3,80,'https://dropbox/vk/file_5',5,'{\"5\": \"Clement Wolff\"}','2008-11-03 22:39:31','2019-12-27 18:18:31'),(280,1,45,'https://dropbox/vk/file_0',0,'{\"0\": \"Abraham Hayes\"}','2010-10-17 17:34:23','2019-12-27 18:18:31'),(281,1,85,'https://dropbox/vk/file_301137',301137,'{\"301137\": \"Glennie Auer\"}','2016-05-21 09:47:23','2019-12-27 18:18:31'),(282,1,90,'https://dropbox/vk/file_9',9,'{\"9\": \"Oscar Wintheiser\"}','1994-12-14 05:39:37','2019-12-27 18:18:31'),(283,3,96,'https://dropbox/vk/file_2432',2432,'{\"2432\": \"Silas Franecki\"}','2010-03-11 06:12:46','2019-12-27 18:18:31'),(284,3,8,'https://dropbox/vk/file_0',0,'{\"0\": \"Watson Gutkowski\"}','2000-10-30 03:01:08','2019-12-27 18:18:31'),(285,2,50,'https://dropbox/vk/file_936',936,'{\"936\": \"Jessica Wilderman\"}','1999-05-23 15:13:10','2019-12-27 18:18:31'),(286,2,25,'https://dropbox/vk/file_81',81,'{\"81\": \"Addison Wunsch\"}','1972-11-04 22:41:51','2019-12-27 18:18:31'),(287,3,75,'https://dropbox/vk/file_695742',695742,'{\"695742\": \"Eileen Shields\"}','1999-06-27 01:33:24','2019-12-27 18:18:31'),(288,1,100,'https://dropbox/vk/file_202',202,'{\"202\": \"Cynthia O\'Keefe\"}','1986-08-29 19:11:10','2019-12-27 18:18:31'),(289,1,73,'https://dropbox/vk/file_261398',261398,'{\"261398\": \"Kaylie Crist\"}','2011-03-04 21:05:55','2019-12-27 18:18:31'),(290,2,67,'https://dropbox/vk/file_0',0,'{\"0\": \"Derrick Brakus\"}','1982-12-30 21:14:40','2019-12-27 18:18:31'),(291,3,14,'https://dropbox/vk/file_2',2,'{\"2\": \"Cassidy Cormier\"}','1971-05-19 19:20:28','2019-12-27 18:18:31'),(292,2,70,'https://dropbox/vk/file_28',28,'{\"28\": \"Adelia Schowalter\"}','1997-11-19 02:11:24','2019-12-27 18:18:31'),(293,3,7,'https://dropbox/vk/file_12898',12898,'{\"12898\": \"Wendy Stehr\"}','2000-06-10 21:39:00','2019-12-27 18:18:31'),(294,1,25,'https://dropbox/vk/file_9523',9523,'{\"9523\": \"Addison Wunsch\"}','1970-10-20 13:58:03','2019-12-27 18:18:31'),(295,1,3,'https://dropbox/vk/file_711791',711791,'{\"711791\": \"Aurelio Murphy\"}','1999-02-28 01:00:39','2020-01-16 14:50:28'),(296,3,40,'https://dropbox/vk/file_89',89,'{\"89\": \"Tavares Torphy\"}','1998-03-30 22:26:25','2019-12-27 18:18:31'),(297,1,89,'https://dropbox/vk/file_0',0,'{\"0\": \"Darby Beier\"}','2019-08-17 05:47:56','2019-12-27 18:18:31'),(298,1,24,'https://dropbox/vk/file_79987836',79987836,'{\"79987836\": \"Kaitlyn Gaylord\"}','1996-03-16 00:11:49','2019-12-27 18:18:31'),(299,3,53,'https://dropbox/vk/file_2',2,'{\"2\": \"Amiya Daniel\"}','2005-11-19 21:25:31','2019-12-27 18:18:31'),(300,1,94,'https://dropbox/vk/file_5',5,'{\"5\": \"Salvatore Lockman\"}','2016-09-27 05:46:22','2019-12-27 18:18:31');
/*!40000 ALTER TABLE `media` ENABLE KEYS */;
UNLOCK TABLES;

--
-- Table structure for table `media_types`
--

DROP TABLE IF EXISTS `media_types`;
/*!40101 SET @saved_cs_client     = @@character_set_client */;
/*!50503 SET character_set_client = utf8mb4 */;
CREATE TABLE `media_types` (
  `id` int unsigned NOT NULL AUTO_INCREMENT,
  `name` varchar(255) CHARACTER SET utf8 COLLATE utf8_unicode_ci NOT NULL,
  PRIMARY KEY (`id`),
  UNIQUE KEY `name` (`name`)
) ENGINE=InnoDB AUTO_INCREMENT=4 DEFAULT CHARSET=utf8 COLLATE=utf8_unicode_ci;
/*!40101 SET character_set_client = @saved_cs_client */;

--
-- Dumping data for table `media_types`
--

LOCK TABLES `media_types` WRITE;
/*!40000 ALTER TABLE `media_types` DISABLE KEYS */;
INSERT INTO `media_types` VALUES (3,'audio'),(1,'photo'),(2,'video');
/*!40000 ALTER TABLE `media_types` ENABLE KEYS */;
UNLOCK TABLES;

--
-- Table structure for table `meetings`
--

DROP TABLE IF EXISTS `meetings`;
/*!40101 SET @saved_cs_client     = @@character_set_client */;
/*!50503 SET character_set_client = utf8mb4 */;
CREATE TABLE `meetings` (
  `id` int unsigned NOT NULL AUTO_INCREMENT,
  `name` varchar(150) CHARACTER SET utf8 COLLATE utf8_unicode_ci NOT NULL,
  `scheduled_at` datetime DEFAULT NULL,
  PRIMARY KEY (`id`),
  UNIQUE KEY `name` (`name`)
) ENGINE=InnoDB AUTO_INCREMENT=101 DEFAULT CHARSET=utf8 COLLATE=utf8_unicode_ci;
/*!40101 SET character_set_client = @saved_cs_client */;

--
-- Dumping data for table `meetings`
--

LOCK TABLES `meetings` WRITE;
/*!40000 ALTER TABLE `meetings` DISABLE KEYS */;
INSERT INTO `meetings` VALUES (1,'quas','2005-09-14 09:41:27'),(2,'vitae','2015-12-21 19:17:42'),(3,'tenetur','2013-03-10 22:22:20'),(4,'qui','1979-08-20 22:23:08'),(5,'sequi','2011-07-20 12:08:52'),(6,'ex','1988-02-14 04:55:23'),(7,'eaque','2018-08-11 04:59:18'),(8,'dolorem','2003-09-24 05:46:30'),(9,'alias','2004-06-02 10:17:25'),(10,'rerum','2002-06-18 10:04:42'),(11,'fugit','1987-10-14 03:21:02'),(12,'nobis','2014-03-30 04:20:52'),(13,'sed','2018-11-24 06:55:56'),(14,'voluptatem','2010-05-12 11:31:52'),(15,'et','2016-11-27 02:35:59'),(16,'perferendis','2000-04-21 06:40:13'),(17,'autem','1970-12-05 03:16:53'),(18,'perspiciatis','1978-01-20 05:54:27'),(19,'est','2004-02-07 00:01:36'),(20,'necessitatibus','1995-08-05 09:13:30'),(21,'omnis','2005-02-13 21:29:31'),(22,'sunt','1988-04-03 03:50:01'),(23,'natus','2008-11-25 23:37:55'),(24,'error','1971-05-28 10:00:31'),(25,'eum','2008-04-26 18:30:38'),(26,'voluptas','2012-09-01 08:00:30'),(27,'in','1985-04-18 23:44:05'),(28,'dolor','1997-12-06 12:29:36'),(29,'consequatur','1979-07-30 22:10:16'),(30,'harum','1974-02-14 17:41:59'),(31,'assumenda','2013-05-16 13:49:34'),(32,'beatae','1998-02-28 03:10:05'),(33,'aspernatur','1992-04-14 16:40:12'),(34,'pariatur','1987-12-19 01:58:15'),(35,'culpa','1997-07-10 01:49:37'),(36,'neque','1973-07-16 18:33:29'),(37,'dolores','1979-05-29 04:26:32'),(38,'nihil','1978-01-06 21:58:13'),(39,'iure','1981-04-03 18:20:19'),(40,'cupiditate','2008-05-15 15:24:04'),(41,'a','1984-10-20 10:41:07'),(42,'ut','1995-11-20 01:39:22'),(43,'quia','2014-12-04 15:53:20'),(44,'praesentium','1987-09-22 13:41:36'),(45,'consequuntur','1987-10-19 18:07:52'),(46,'aut','2019-10-06 14:04:44'),(47,'id','1984-10-23 14:23:33'),(48,'impedit','1981-04-08 23:22:50'),(49,'saepe','1985-01-25 23:10:53'),(50,'dolore','1986-04-27 14:23:17'),(51,'deleniti','2000-03-03 00:07:54'),(52,'porro','2019-06-05 11:03:19'),(53,'blanditiis','1988-05-27 21:22:31'),(54,'reprehenderit','2010-04-28 16:05:09'),(55,'soluta','1979-02-10 10:56:29'),(56,'excepturi','1999-02-13 02:58:44'),(57,'dignissimos','1978-12-31 15:21:36'),(58,'accusamus','1970-08-05 11:56:17'),(59,'molestiae','2001-05-29 09:20:14'),(60,'sit','2018-02-25 20:42:18'),(61,'quo','1978-06-19 13:00:46'),(62,'occaecati','1995-10-23 15:00:03'),(63,'corrupti','1990-09-23 13:57:16'),(64,'sint','1982-11-10 15:49:32'),(65,'voluptates','1977-10-14 05:13:50'),(66,'molestias','2011-04-09 08:36:38'),(67,'eveniet','1974-02-17 13:22:36'),(68,'doloremque','1974-01-24 14:37:11'),(69,'delectus','1988-01-30 04:48:31'),(70,'non','1991-08-12 19:40:51'),(71,'nisi','1986-11-01 09:56:36'),(72,'doloribus','2011-02-15 07:19:45'),(73,'eius','1991-10-16 21:11:25'),(74,'minus','1972-09-24 02:28:59'),(75,'vero','1978-06-26 21:05:08'),(76,'ad','2010-09-20 14:44:41'),(77,'fugiat','1974-04-12 17:19:30'),(78,'temporibus','1986-02-26 15:13:28'),(79,'officia','1971-09-01 11:53:15'),(80,'deserunt','1986-05-22 04:04:45'),(81,'provident','1986-10-02 17:33:19'),(82,'laudantium','1987-11-15 11:22:03'),(83,'reiciendis','1995-11-09 11:43:26'),(84,'ea','2004-08-17 02:04:01'),(85,'mollitia','1970-01-16 18:25:34'),(86,'illo','2012-08-06 17:26:15'),(87,'velit','1983-09-05 00:49:44'),(88,'maiores','1989-07-30 09:02:48'),(89,'quae','1998-11-25 01:33:47'),(90,'possimus','1989-01-10 07:24:23'),(91,'aliquid','1979-02-10 10:04:05'),(92,'exercitationem','2013-06-28 00:54:21'),(93,'vel','1974-06-07 05:48:40'),(94,'ullam','2019-03-10 15:43:43'),(95,'quisquam','1995-05-25 16:39:35'),(96,'dolorum','1989-11-09 00:32:23'),(97,'quasi','1999-04-29 19:23:44'),(98,'nulla','1975-05-29 09:19:50'),(99,'nesciunt','1994-03-16 17:12:14'),(100,'illum','1983-11-22 04:53:17');
/*!40000 ALTER TABLE `meetings` ENABLE KEYS */;
UNLOCK TABLES;

--
-- Table structure for table `meetings_users`
--

DROP TABLE IF EXISTS `meetings_users`;
/*!40101 SET @saved_cs_client     = @@character_set_client */;
/*!50503 SET character_set_client = utf8mb4 */;
CREATE TABLE `meetings_users` (
  `meeting_id` int unsigned NOT NULL,
  `user_id` int unsigned NOT NULL,
  `created_at` datetime DEFAULT CURRENT_TIMESTAMP,
  PRIMARY KEY (`user_id`,`meeting_id`)
) ENGINE=InnoDB DEFAULT CHARSET=utf8mb4 COLLATE=utf8mb4_0900_ai_ci;
/*!40101 SET character_set_client = @saved_cs_client */;

--
-- Dumping data for table `meetings_users`
--

LOCK TABLES `meetings_users` WRITE;
/*!40000 ALTER TABLE `meetings_users` DISABLE KEYS */;
INSERT INTO `meetings_users` VALUES (3,2,'2020-01-16 20:50:28'),(7,2,'2020-01-16 20:50:28'),(9,2,'2020-01-16 20:50:28'),(98,2,'2020-01-16 20:50:28'),(46,3,'2020-01-16 20:50:28'),(82,3,'2020-01-16 20:50:28'),(46,5,'2020-01-16 20:50:28'),(94,9,'2020-01-16 20:50:28'),(75,10,'2020-01-16 20:50:28'),(95,10,'2020-01-16 20:50:28'),(26,11,'2020-01-16 20:50:28'),(80,11,'2020-01-16 20:50:28'),(86,13,'2020-01-16 20:50:28'),(75,14,'2020-01-16 20:50:28'),(59,15,'2020-01-16 20:50:28'),(44,16,'2020-01-16 20:50:28'),(86,17,'2020-01-16 20:50:28'),(40,18,'2020-01-16 20:50:28'),(75,20,'2020-01-16 20:50:28'),(3,21,'2020-01-16 20:50:28'),(2,22,'2020-01-16 20:50:28'),(85,22,'2020-01-16 20:50:28'),(80,25,'2020-01-16 20:50:28'),(94,26,'2020-01-16 20:50:28'),(81,27,'2020-01-16 20:50:28'),(98,27,'2020-01-16 20:50:28'),(45,29,'2020-01-16 20:50:28'),(95,31,'2020-01-16 20:50:28'),(13,32,'2020-01-16 20:50:28'),(39,33,'2020-01-16 20:50:28'),(98,34,'2020-01-16 20:50:28'),(59,35,'2020-01-16 20:50:28'),(21,37,'2020-01-16 20:50:28'),(61,37,'2020-01-16 20:50:28'),(100,37,'2020-01-16 20:50:28'),(24,38,'2020-01-16 20:50:28'),(70,38,'2020-01-16 20:50:28'),(15,39,'2020-01-16 20:50:28'),(87,41,'2020-01-16 20:50:28'),(52,44,'2020-01-16 20:50:28'),(76,48,'2020-01-16 20:50:28'),(67,49,'2020-01-16 20:50:28'),(28,52,'2020-01-16 20:50:28'),(86,53,'2020-01-16 20:50:28'),(24,54,'2020-01-16 20:50:28'),(9,55,'2020-01-16 20:50:28'),(38,55,'2020-01-16 20:50:28'),(5,58,'2020-01-16 20:50:28'),(71,59,'2020-01-16 20:50:28'),(5,60,'2020-01-16 20:50:28'),(28,60,'2020-01-16 20:50:28'),(81,60,'2020-01-16 20:50:28'),(90,60,'2020-01-16 20:50:28'),(51,62,'2020-01-16 20:50:28'),(94,62,'2020-01-16 20:50:28'),(14,63,'2020-01-16 20:50:28'),(42,63,'2020-01-16 20:50:28'),(80,63,'2020-01-16 20:50:28'),(39,64,'2020-01-16 20:50:28'),(49,65,'2020-01-16 20:50:28'),(5,66,'2020-01-16 20:50:28'),(13,68,'2020-01-16 20:50:28'),(60,68,'2020-01-16 20:50:28'),(16,69,'2020-01-16 20:50:28'),(61,69,'2020-01-16 20:50:28'),(12,73,'2020-01-16 20:50:28'),(75,74,'2020-01-16 20:50:28'),(77,76,'2020-01-16 20:50:28'),(48,77,'2020-01-16 20:50:28'),(61,78,'2020-01-16 20:50:28'),(92,78,'2020-01-16 20:50:28'),(44,79,'2020-01-16 20:50:28'),(52,79,'2020-01-16 20:50:28'),(72,79,'2020-01-16 20:50:28'),(74,81,'2020-01-16 20:50:28'),(71,82,'2020-01-16 20:50:28'),(75,85,'2020-01-16 20:50:28'),(58,87,'2020-01-16 20:50:28'),(99,87,'2020-01-16 20:50:28'),(5,88,'2020-01-16 20:50:28'),(16,88,'2020-01-16 20:50:28'),(47,88,'2020-01-16 20:50:28'),(55,88,'2020-01-16 20:50:28'),(28,89,'2020-01-16 20:50:28'),(42,90,'2020-01-16 20:50:28'),(81,90,'2020-01-16 20:50:28'),(38,93,'2020-01-16 20:50:28'),(65,93,'2020-01-16 20:50:28'),(15,94,'2020-01-16 20:50:28'),(39,95,'2020-01-16 20:50:28'),(22,96,'2020-01-16 20:50:28'),(25,96,'2020-01-16 20:50:28'),(56,96,'2020-01-16 20:50:28'),(61,96,'2020-01-16 20:50:28'),(70,96,'2020-01-16 20:50:28'),(1,97,'2020-01-16 20:50:28'),(79,98,'2020-01-16 20:50:28'),(100,98,'2020-01-16 20:50:28'),(19,99,'2020-01-16 20:50:28'),(53,100,'2020-01-16 20:50:28');
/*!40000 ALTER TABLE `meetings_users` ENABLE KEYS */;
UNLOCK TABLES;

--
-- Table structure for table `messages`
--

DROP TABLE IF EXISTS `messages`;
/*!40101 SET @saved_cs_client     = @@character_set_client */;
/*!50503 SET character_set_client = utf8mb4 */;
CREATE TABLE `messages` (
  `id` int unsigned NOT NULL AUTO_INCREMENT,
  `from_user_id` int unsigned NOT NULL,
  `to_user_id` int unsigned NOT NULL,
  `body` text CHARACTER SET utf8 COLLATE utf8_unicode_ci NOT NULL,
  `is_important` tinyint(1) DEFAULT NULL,
  `is_delivered` tinyint(1) DEFAULT NULL,
  `created_at` datetime DEFAULT CURRENT_TIMESTAMP,
  PRIMARY KEY (`id`)
) ENGINE=InnoDB AUTO_INCREMENT=501 DEFAULT CHARSET=utf8 COLLATE=utf8_unicode_ci;
/*!40101 SET character_set_client = @saved_cs_client */;

--
-- Dumping data for table `messages`
--

LOCK TABLES `messages` WRITE;
/*!40000 ALTER TABLE `messages` DISABLE KEYS */;
INSERT INTO `messages` VALUES (1,23,23,'Omnis facere voluptatem laboriosam voluptas ratione atque. Sequi molestiae aliquid commodi ipsa tenetur. Sunt deleniti neque alias voluptatem. Voluptas consequatur voluptatem est asperiores quis.',0,1,'2007-12-02 07:23:47'),(2,46,59,'Repellat cum ea modi ex cum dolor tempore. Necessitatibus quod sequi quae saepe. Aliquid fugit distinctio omnis et nihil et aut. Eos iusto hic et voluptatibus debitis eos magni.',1,0,'2019-08-27 02:14:59'),(3,59,16,'Magnam cumque et saepe aperiam quia excepturi. Omnis doloribus quia doloribus enim provident qui. Nulla velit labore qui voluptatum veniam est.',1,1,'1988-05-14 16:30:51'),(4,4,69,'Ullam ipsa est est vitae voluptas impedit dolore. Et sunt aliquam deleniti veniam quo molestias.',0,1,'2014-02-28 20:45:44'),(5,35,67,'Vero vero dolor aut voluptatem debitis molestiae eius. Dicta eligendi dignissimos in error. Velit voluptatem omnis aut minima.',0,1,'2000-10-26 06:32:45'),(6,29,46,'Architecto velit nostrum et corporis dolores. Excepturi laboriosam ratione distinctio similique deserunt. Non nobis excepturi culpa expedita. Soluta repellat quibusdam fuga perferendis rerum quod.',0,1,'1987-06-12 06:02:16'),(7,40,61,'Dolor debitis voluptatum fugiat. Eos ad quia ad sunt quo. Architecto non ut et accusamus. Labore sed voluptatem asperiores cum.',1,0,'2017-08-19 06:20:51'),(8,85,44,'Voluptatem excepturi corrupti animi aut excepturi commodi sit. Commodi fuga vitae tempore temporibus. Amet mollitia eveniet ut quis cupiditate temporibus. Earum explicabo vel et ab molestiae consequatur eius.',0,0,'2015-11-11 18:39:55'),(9,61,74,'Ut amet impedit magnam fugiat doloribus aut officiis quae. Delectus nihil est non quo. Qui iste quod sunt reprehenderit necessitatibus.',0,1,'1975-03-15 21:41:45'),(10,87,12,'Magni sed earum accusamus alias enim quo et ut. Dolore qui et sunt repudiandae maiores hic. Voluptatibus itaque maiores nemo et ea voluptatem ut.',1,1,'1976-10-14 11:57:31'),(11,99,58,'Vero quia assumenda corrupti sunt. Qui natus nisi impedit et ipsum beatae quae. Illo corrupti cupiditate eum voluptatibus omnis nam.',1,0,'1980-01-05 04:03:00'),(12,92,84,'Numquam nulla id aut nemo incidunt repudiandae quibusdam quas. Voluptas iure labore facere sint quia dolorem iste. Odio non vitae ut rem nisi. Amet totam qui voluptatibus neque qui voluptatem.',1,0,'2014-10-14 16:01:02'),(13,46,75,'Officia ut commodi et asperiores id non. Voluptatem animi ut tempore voluptas ut.',0,0,'1980-11-19 11:04:33'),(14,40,72,'Minima modi ad sapiente velit inventore rerum ut id. Aut ut laudantium harum accusantium. Quis consequatur in aut sed magni dolore. Accusamus eius molestias est voluptatem odio labore.',1,0,'1999-12-17 13:34:55'),(15,39,79,'Quia asperiores voluptas sed aspernatur quidem amet. Earum molestias ut soluta tempora. Rerum cumque ea culpa quia. Molestiae autem tenetur sit tempore sit aliquid.',1,0,'2003-01-25 08:20:00'),(16,78,54,'Voluptatem aut aliquid officiis. Natus adipisci corporis et. Eos voluptatem odit nesciunt amet laborum.',0,1,'1976-05-22 07:32:08'),(17,34,10,'Minima delectus voluptatem aliquam enim quis ea. Esse voluptatibus sit molestiae sunt asperiores. Quam voluptatem laboriosam asperiores dolores quibusdam. Delectus aliquam magni sed numquam. Et ipsum neque fugiat exercitationem excepturi non dicta aut.',1,1,'2002-08-17 22:22:02'),(18,44,93,'Vel rerum est nesciunt possimus maxime. Provident quidem nobis quaerat expedita. Et at consequatur tempore ducimus quis distinctio enim. Natus corrupti ex nesciunt minus accusantium ex ut rem.',0,0,'1988-03-24 18:17:26'),(19,30,73,'Quaerat nisi sed officiis et omnis quisquam id. Expedita libero modi est beatae eveniet illo adipisci. Et ipsum porro repudiandae non. Ipsa eum sed ea iste voluptas unde earum.',0,0,'1978-03-14 16:35:05'),(20,72,41,'Alias ut reiciendis quisquam quis nobis. Aut saepe in impedit. Voluptate pariatur et sunt delectus non sit. Eius nulla repellendus alias molestias. Autem quia quis culpa facilis sunt ut.',0,0,'2019-10-22 15:03:45'),(21,87,13,'Ex repudiandae id enim. Officia unde voluptatem nam aperiam eligendi natus expedita. Eos ut esse ipsum enim illo esse repellendus.',0,1,'2006-10-04 03:29:45'),(22,5,83,'Suscipit et cupiditate molestias. Dolorem corporis similique optio ut est. Qui ipsa aut ut nostrum sed.',0,1,'1977-10-17 05:29:27'),(23,2,59,'Exercitationem enim debitis dicta aut similique. Culpa dolorum ut aut debitis sit qui. Dolor asperiores vel quaerat ut minima. Nihil voluptate repellat rem dolores.',0,0,'1975-08-02 23:17:18'),(24,87,58,'Ad aut iure earum aut quod voluptatum. Libero dolorem enim aut voluptates qui tempore. Repellendus a ut at eaque quisquam repellat in.',1,1,'1995-07-12 09:39:26'),(25,28,65,'Dolor dolores quae et maxime fugiat tenetur a ut. Adipisci et eligendi natus sint et pariatur. Incidunt occaecati aliquam vel id quia.',0,1,'1973-11-02 09:37:19'),(26,39,2,'Assumenda est et ea est accusamus. Ab iusto consequatur ab voluptatibus. Aut dignissimos cumque porro aperiam. Odio praesentium esse sed beatae.',1,1,'2018-02-19 18:38:03'),(27,93,59,'Facere perferendis iure voluptates commodi consectetur nesciunt. Et et aut aliquid. Est molestiae quo ipsam saepe et ut molestiae. Aut qui et porro. Ratione consectetur dolorem veritatis odit.',0,0,'2007-09-11 19:57:59'),(28,13,89,'Illo dolores suscipit odio architecto. Vel corrupti reiciendis officiis nostrum alias maiores. Totam rerum magni dolor iusto. Quibusdam fugit doloribus perferendis qui qui voluptas voluptatem. Veniam ipsa illo deleniti velit.',1,0,'1983-03-27 19:43:51'),(29,5,56,'Qui sunt consequuntur magni et consectetur et aut. Accusamus voluptas exercitationem commodi iste tempora voluptatem neque. Sapiente aut ratione ea dolorem voluptatem rerum ratione.',0,0,'1988-12-16 16:29:15'),(30,66,62,'Sed voluptatem cumque hic qui ullam velit. Quod beatae corrupti architecto ducimus aliquam.',1,0,'1995-01-01 03:35:50'),(31,13,76,'Dicta rem aut saepe quo eligendi ut. Nostrum fugiat quasi voluptas a vel rem cupiditate. Ut molestiae autem minima dignissimos ea. Est eos et quia voluptate eligendi.',1,1,'1996-09-26 09:25:32'),(32,40,73,'Minima quae itaque fugit corporis velit. Velit excepturi dolorem aspernatur dolore. Nostrum qui ipsa et ut possimus id. Odio eligendi similique ut perferendis ut soluta autem.',1,1,'2005-11-16 17:26:14'),(33,43,96,'Et quod culpa vero quod mollitia illum qui. Facere dolore qui architecto et saepe voluptatem. Cum libero error est minus.',1,1,'2019-09-20 14:46:51'),(34,52,71,'Blanditiis minima sed minus delectus eos laborum. Voluptate voluptatem illo dolorum dolorem. Rem quia fuga molestiae quidem eaque repellat ipsam aut. Repellendus voluptas quam distinctio esse voluptas in animi.',1,1,'2007-09-04 03:16:00'),(35,98,76,'Deserunt odio magni qui quia. Blanditiis distinctio harum omnis.',1,1,'2000-01-14 12:42:34'),(36,84,93,'Sint temporibus consequuntur vel nesciunt. Corporis cum error iure dolor qui architecto nemo. Magnam ad qui quaerat. Tempora perspiciatis veritatis in culpa error voluptatem excepturi.',0,1,'2006-05-24 10:28:00'),(37,14,90,'Pariatur et ratione harum est. Laboriosam quo voluptate optio ea. Animi fugit aliquid eos molestias et temporibus corrupti. Quod amet repudiandae cum consequuntur sequi.',1,0,'1975-01-09 21:47:48'),(38,5,57,'Praesentium est nam voluptatem. Incidunt velit voluptas aut esse sed ipsum. Voluptatem sed aliquid quo.',1,0,'2019-06-14 02:42:43'),(39,67,65,'Id quam molestias voluptatum sunt. Non qui sit non. Molestiae dolorum asperiores debitis alias reprehenderit cum sit. Amet dolore quod ut voluptate minima voluptates rerum fugiat.',0,1,'2017-03-09 08:28:58'),(40,22,15,'Sint laborum hic tempore harum doloribus perspiciatis et velit. Praesentium quo nobis nam quisquam. Id accusamus eligendi placeat quia fuga. Praesentium dolores rerum adipisci at corrupti. Quidem totam libero qui.',0,1,'2005-03-20 09:02:01'),(41,7,92,'Sequi earum quasi dignissimos similique. Reiciendis optio rerum quae ipsum. Pariatur in dolores doloribus aperiam accusamus fuga dignissimos culpa.',1,1,'2015-12-11 22:14:12'),(42,38,13,'Quia quam consectetur id accusamus quas laborum. Laborum laborum est fugiat dolores quia. Omnis explicabo cum ex earum vel qui quam. Ullam dolor voluptatum dicta deleniti corrupti saepe enim.',0,0,'1989-04-19 00:11:33'),(43,51,13,'Laudantium rerum qui excepturi eveniet voluptas. Et sed earum ratione ad id. Sed aut quisquam aliquam consectetur. Nihil aspernatur accusantium aspernatur voluptatem nesciunt perspiciatis est. Dolores quas dolor non provident et sint ex.',1,1,'1988-06-26 15:58:15'),(44,15,34,'Odit illum alias omnis est natus et dolorem molestias. Deserunt ab nesciunt ut cum nulla est consequatur repudiandae. Nihil fugit quaerat animi. Doloribus voluptate corrupti fugit nulla totam quo aliquid.',0,0,'2012-04-08 20:13:51'),(45,24,18,'Sit id sunt veritatis dolor omnis ea dignissimos. Provident qui porro voluptatum aut. Et rerum et nostrum omnis quis perspiciatis deserunt. Sit in omnis illum qui quisquam blanditiis ducimus. Sint reprehenderit et amet dolor ut tempore saepe nemo.',1,0,'1973-02-14 20:06:41'),(46,16,27,'Architecto culpa suscipit soluta est qui. Facere placeat molestiae labore sit soluta quia commodi. Odio corporis esse quasi ut consectetur ut quas.',1,1,'1994-12-19 21:51:22'),(47,86,48,'Soluta architecto dolores voluptates dolorem ex eum debitis nam. Voluptate vel dicta minus enim non ut alias. Consequatur aliquam atque fugiat non. Qui ratione sed voluptate eius vel eum quia.',1,0,'2010-01-10 03:45:21'),(48,83,71,'Voluptas dolorem ipsam sint praesentium. Et aspernatur ab dolore exercitationem sint totam corporis. Non minus doloremque aspernatur quis.',0,1,'2007-06-25 23:32:54'),(49,4,5,'Facilis laudantium velit et numquam. Incidunt id eveniet odit vero rerum qui iusto. Nihil sed sit repellendus harum natus quia.',0,0,'2007-09-28 06:20:34'),(50,13,50,'Repellat et omnis vel beatae. Delectus ex quia commodi ut nostrum nihil. Similique beatae ea earum hic.',1,1,'1979-12-21 23:21:17'),(51,10,1,'Et aut quam eos quaerat. Ut eveniet possimus doloremque. Quibusdam tempore ea optio. Omnis sed consequuntur perspiciatis maiores officia unde. Consequuntur et facilis unde eius excepturi.',1,1,'1978-07-28 11:18:05'),(52,75,70,'Porro est nulla dolorum est. Enim vel repellendus reprehenderit sed. Officiis vero officiis tempora in aperiam reiciendis.',0,1,'2015-05-24 20:30:25'),(53,25,12,'Cum hic nihil minima odit tenetur. Quisquam quia aliquid similique veniam ex nam ad. Maxime eum vitae consequatur.',0,0,'1975-09-10 01:17:53'),(54,88,2,'Amet voluptates repellendus accusantium atque a corrupti rerum quia. Corrupti magni molestiae voluptatibus corporis culpa et ipsum. Ea quia et quia numquam quam ut non minima.',1,0,'2007-06-14 01:44:25'),(55,45,17,'Dolore dicta laborum rerum quo. Quae provident error fuga. Aut consequatur molestias rerum enim quia voluptates. Aut consectetur totam eius tempora mollitia laudantium.',0,1,'2015-04-04 16:13:42'),(56,51,4,'Qui et numquam qui cupiditate eos. Aut itaque natus nobis omnis nihil est ex. Occaecati totam voluptates aut optio. Vel animi odio vitae non eveniet.',1,1,'1974-07-06 23:41:34'),(57,68,26,'Non est eius modi rerum sint. Quisquam culpa est cum reiciendis exercitationem ipsum et. Quam modi accusamus et dolorem vitae dolores. Quasi eligendi quibusdam reiciendis tenetur.',0,1,'1970-05-09 21:19:25'),(58,25,46,'Aut velit sequi praesentium voluptates dignissimos. Quis aut adipisci voluptatem. Ab totam fuga temporibus odit maxime.',1,1,'2007-10-02 03:09:10'),(59,54,34,'Minus quia sit nihil veritatis voluptatem voluptatem ut. Eum totam nulla dolores quia ut.',0,1,'1987-11-12 00:34:02'),(60,7,33,'Ea expedita ut et sint soluta. Reprehenderit est distinctio cumque et voluptas ut. Amet ea repellat asperiores dicta illum qui fugiat. Vel voluptatibus porro non nulla qui et.',0,0,'1976-12-17 15:53:36'),(61,43,15,'Hic eos eveniet odit inventore. Ipsa et voluptas qui. Est possimus expedita pariatur ea amet.',1,0,'1992-09-21 06:05:15'),(62,47,87,'Dolorem necessitatibus minus voluptatem omnis ut unde repellendus et. Dolorum eveniet accusantium impedit odio alias natus.',0,0,'2016-07-07 00:39:22'),(63,94,8,'Eum maxime repellat similique dolorum fugiat fuga consequatur. Deleniti dolores rerum inventore. Molestiae ut omnis consequatur possimus dolor voluptatem maiores sapiente.',0,1,'1996-07-06 02:43:07'),(64,59,71,'Error cupiditate repudiandae mollitia. Et commodi velit et ducimus maxime qui. Magni sit amet non. Voluptate reprehenderit dolor adipisci voluptatem sit.',0,0,'1974-09-26 09:50:51'),(65,75,64,'Est maxime enim voluptate molestias et dolorem. Est sint qui aut dicta esse tempore delectus eveniet. Sequi et et corrupti quis debitis minima eum. Ut suscipit doloremque rerum facilis aut. Rem amet neque id molestiae laudantium omnis.',1,1,'2013-11-14 06:02:57'),(66,95,82,'Sit rerum repudiandae voluptas magni aliquam pariatur. Eaque maiores maiores eligendi unde. Occaecati quis quo quo esse fuga. Est impedit magnam vel voluptas.',0,1,'2009-12-28 23:47:09'),(67,24,75,'Est voluptatibus debitis earum exercitationem eligendi est. Ut sunt numquam vel ipsam aperiam repudiandae. Nesciunt fugit quia odit quasi quia nesciunt reprehenderit. Mollitia eum occaecati qui deleniti a libero.',1,0,'2002-06-22 17:11:19'),(68,3,87,'Eos ut ipsum vitae in. Ipsam nam delectus qui ex sapiente. Incidunt est vitae est minus hic doloribus.',0,1,'2002-01-26 02:16:39'),(69,25,63,'Incidunt tempore enim excepturi consequatur beatae rem. Est incidunt cumque et eaque perferendis. Ratione quo dolor quisquam illo beatae voluptatibus voluptas.',1,0,'1980-07-02 03:51:44'),(70,41,15,'Voluptas reprehenderit dignissimos ut et. Magni velit voluptas fuga sed saepe est. Dolorum qui officia rerum dolore inventore quia. Magni est sit itaque nihil.',0,1,'2015-04-18 16:23:53'),(71,53,19,'Laudantium minima soluta et consectetur reiciendis aut. Culpa earum non fugit et esse. Error molestias ullam qui et laboriosam laborum. Et magnam commodi molestiae odio quam voluptas cum.',1,0,'1985-11-14 02:49:46'),(72,33,11,'Nihil sed rerum aspernatur asperiores optio. Commodi unde quo repellat. Accusantium deleniti nihil minus. Sunt sed reiciendis sit veritatis illum facere est incidunt. Enim a odio eligendi delectus pariatur dolor earum.',0,0,'1987-06-07 16:03:31'),(73,53,31,'Et aut consequatur illo. Voluptatibus amet aspernatur amet quas libero in. Qui animi consequatur maxime est. Ex odio neque veniam nostrum.',0,1,'1986-07-04 07:04:57'),(74,96,85,'Pariatur doloremque et explicabo non magnam recusandae blanditiis. Itaque provident perspiciatis labore placeat dolorem alias. Facere facere tempora odit autem molestiae. Voluptatem magnam et ut totam quisquam minima earum.',0,0,'2014-06-16 23:25:00'),(75,36,26,'Blanditiis qui nemo suscipit rerum sapiente. Magni aut possimus et aliquid debitis et reiciendis. Voluptatum quaerat sunt quisquam suscipit nobis ut repellendus. Aspernatur similique odio est voluptatibus fugit modi neque.',0,0,'1992-09-05 08:42:09'),(76,23,35,'Nihil quo quia incidunt. Magni sapiente temporibus molestiae qui reiciendis. Aut nisi et alias.',0,1,'2000-10-26 21:19:25'),(77,5,19,'Quo quis eos iusto. Incidunt eum aliquid necessitatibus perspiciatis illum odit nostrum. Nesciunt voluptas cupiditate autem maxime sit aut odio. Et eum voluptatem iste quis.',1,1,'1990-09-16 03:51:35'),(78,81,47,'Quisquam tempore eveniet et officiis. Aspernatur reiciendis qui maxime ipsa. Numquam voluptatem et ut ducimus.',1,0,'2003-05-08 20:18:18'),(79,93,21,'Est maiores eum est saepe aut. Quam fugit debitis quo ratione. Dignissimos nihil rem et iusto quo. Ratione inventore ipsam unde explicabo unde. Necessitatibus totam praesentium dignissimos id ab corrupti ex placeat.',0,0,'2005-06-17 17:52:10'),(80,28,77,'Quia vel repellendus porro rem aut aut. Asperiores magni temporibus ipsam assumenda dolores. Veniam omnis consectetur libero voluptatum. Ut atque consequuntur et quia tempora quia voluptatibus hic. Iste et libero occaecati.',1,0,'1980-05-28 06:33:39'),(81,98,61,'Vel cumque est ea qui. Cum voluptate quia placeat corporis aut. Quibusdam quia ipsa laudantium. Culpa voluptatem dignissimos aut ipsum et.',1,0,'2019-01-21 20:15:51'),(82,8,57,'Aut ipsum sunt similique. Excepturi saepe dolor qui sit asperiores culpa et. Esse voluptas ullam itaque accusantium velit voluptas. Aspernatur aut quisquam delectus dolorem.',1,0,'2018-08-03 04:08:29'),(83,60,30,'Atque voluptatem sed minus eligendi. Sapiente corrupti non quas et corporis maiores. Maxime sapiente adipisci harum deleniti ratione perspiciatis. Neque dolores debitis dolores nesciunt vitae sapiente.',1,0,'2000-03-19 16:38:24'),(84,69,54,'Fugiat earum facere veniam quo. Doloribus est vero aut assumenda culpa qui dolorum sequi. Ad dolorem voluptas rerum quos praesentium.',0,0,'1996-03-01 17:03:08'),(85,64,57,'Et dolor qui omnis qui porro culpa. Nobis aliquid aut a debitis. Magni dolorem occaecati omnis a nemo iusto.',0,1,'1999-12-03 02:08:30'),(86,90,82,'Dolorem ad dicta animi et libero consequatur eum qui. Ullam quod consequatur ut odit aut ullam vitae minus. Est dolorum aut et qui perspiciatis reiciendis.',0,0,'1987-04-11 17:50:33'),(87,39,46,'Eligendi minima suscipit qui esse consectetur debitis. Eum amet laudantium in hic et. Est inventore nemo ducimus expedita repellat.',0,1,'1993-10-02 18:22:23'),(88,13,29,'Distinctio amet qui quas. Deserunt quaerat quod cupiditate suscipit officia magnam velit. Dolorem sit qui voluptatem laudantium ea eligendi.',1,0,'2011-02-28 05:26:54'),(89,4,32,'Corporis doloribus voluptas suscipit similique consequatur. Et velit odio laboriosam enim molestias non perferendis autem. Recusandae quidem excepturi deleniti et doloribus perferendis.',0,1,'2005-10-05 08:56:43'),(90,48,44,'Provident fuga aut nemo praesentium delectus aut. Ipsa deleniti eos nobis quia ratione. Beatae deserunt voluptas eveniet et iure quia et. Iure voluptatem cum assumenda consequatur rerum atque qui.',0,1,'1994-04-05 11:06:40'),(91,76,45,'Sit adipisci quo odit sunt cum. Ea omnis nobis voluptates dolore eum voluptatibus.',0,1,'2003-01-13 13:43:38'),(92,98,53,'Sequi fuga voluptatibus distinctio quas eum harum. Eos nobis velit exercitationem deleniti. Possimus laudantium provident rem sit non officiis delectus.',0,0,'1972-05-02 08:33:15'),(93,70,91,'Perspiciatis molestiae minus ullam ut. Autem ad voluptas sed impedit eum ut iusto. Numquam earum ducimus dolorem ut culpa. Iure corrupti nesciunt accusantium dolor optio magnam.',0,1,'1973-02-05 12:02:09'),(94,44,45,'Voluptas voluptate aspernatur quo repellendus iste. Et ea nisi fuga ipsum velit aut et. Nam officia voluptas nesciunt ipsa. In at repudiandae aut tempore dolore quae.',1,1,'1973-03-05 10:52:38'),(95,95,40,'Error pariatur id quo explicabo dolorum. Odit magnam voluptate tenetur soluta voluptatum minima consequatur asperiores. Ipsa molestiae aut provident sit minima velit.',0,0,'1996-10-23 06:02:25'),(96,15,55,'Aliquid necessitatibus nulla quam officia fugiat. Deserunt ullam reprehenderit ut corporis iusto. Perferendis vero quasi nulla et.',1,1,'1980-09-20 07:16:26'),(97,30,84,'Possimus fugiat repellendus quis qui. Error assumenda nobis corrupti officia eius. Omnis id neque quis asperiores laborum maiores eos minima. Rerum aspernatur possimus velit quos hic iure.',0,0,'1970-06-09 21:16:55'),(98,30,96,'Molestiae facere sequi repellendus ea illum molestias. Ratione autem vel alias sunt rerum hic. Laborum aliquid error velit perferendis quis rerum fugiat. Autem eum quam blanditiis sunt et aperiam illum.',0,0,'2011-06-01 04:45:16'),(99,90,61,'Asperiores placeat enim a consequuntur quae tempore. Ut voluptate sunt voluptates nihil id tempore iusto. Omnis earum quia explicabo officiis qui sint. Non ullam ipsa quidem non beatae repellendus.',0,0,'1980-02-26 12:06:35'),(100,36,97,'Voluptatem sint ut qui vel odit sapiente provident. Earum debitis aspernatur tempora eveniet. Quam voluptatibus qui ut provident quia consectetur.',1,1,'2002-03-01 19:27:05'),(101,75,84,'Odit et consequatur dignissimos quas saepe ullam. Perspiciatis et nulla nisi libero quos est et. Ratione est eligendi quaerat eum eum est.',0,1,'1988-06-15 23:47:30'),(102,95,23,'Consequatur est suscipit enim excepturi laboriosam ut quisquam. Aspernatur laborum rerum earum explicabo quia et. Numquam maiores id quis harum. Nobis tempore ut accusantium eaque.',0,1,'2016-10-02 07:35:42'),(103,29,75,'Doloremque illum impedit praesentium tenetur. Illo reiciendis nisi delectus nisi. Eveniet voluptatem sit culpa nihil vel.',0,0,'1981-10-06 11:46:14'),(104,88,14,'Id aut et atque labore sint. Aut et velit repellendus vel officia earum. Sint error in nisi sit.',0,0,'2012-06-19 10:40:28'),(105,8,95,'Reprehenderit amet perferendis aliquid voluptatem recusandae libero. Quasi vel laudantium et aliquid esse. Dolor quaerat qui quia molestiae voluptatem. Culpa fugit corporis neque quibusdam inventore et et.',1,0,'2019-09-09 17:14:22'),(106,53,78,'Sit placeat sed saepe perferendis provident ad. Temporibus velit vel placeat ullam ut libero. Esse quam iusto nulla sunt harum sapiente. Ut consequatur hic voluptatum autem.',1,1,'2019-02-11 11:34:03'),(107,31,21,'Dolores enim id odio. Minus assumenda et consequatur dolorem. Quod fugiat qui expedita nobis nulla.',0,0,'2006-09-01 06:33:41'),(108,12,95,'Voluptatem consequuntur aut pariatur libero. Dicta nisi quam deserunt sed tempora tempore et nulla. Animi earum ducimus odio aut et.',1,0,'1988-02-18 04:18:41'),(109,41,19,'Neque ipsa nulla ut corporis. Veniam non nam ipsum iusto eveniet repellendus enim. Neque eum aut cumque praesentium eos quod consequatur vel. Animi vel in est nesciunt ab ipsam.',0,0,'1987-11-13 01:27:36'),(110,71,97,'Voluptate iure molestiae quo adipisci. Perspiciatis delectus magnam sint officia in. Sed temporibus fuga similique qui molestiae ipsum. Debitis officiis voluptatem rem quia rerum numquam quis. Eum sint corrupti sed quia quia quidem dicta.',0,1,'1977-06-27 08:15:37'),(111,70,59,'Non aut dolores iure a. Autem dolores qui expedita vel quia libero adipisci. Dolore magni similique et consequatur quia.',0,0,'1974-09-29 08:24:15'),(112,85,46,'Quaerat nulla natus animi quisquam. Quia ipsam nemo et eos. Aperiam velit quae qui dolor blanditiis. Harum nostrum exercitationem ratione et.',0,0,'1994-01-10 08:33:05'),(113,76,43,'Mollitia atque sint ut. Placeat vitae facere praesentium impedit dolor veritatis error. Voluptatum laborum numquam quia rerum. Et et ad aliquam fugit quasi.',0,1,'2015-06-28 07:12:04'),(114,83,89,'Officiis quam minima quia repellat consectetur laboriosam. Id odit deleniti omnis eveniet recusandae ipsam. Aut quo nostrum aliquam sunt.',0,1,'1970-04-04 08:19:13'),(115,93,98,'Quia ut aut cum ut aut sunt assumenda numquam. Libero placeat tenetur sequi et. Alias adipisci iste maiores aperiam quo.',1,1,'1984-05-08 20:26:57'),(116,11,60,'Enim doloribus eligendi aut perspiciatis aut necessitatibus porro aut. Nostrum aut quas commodi reprehenderit. Quasi et quidem dolore sit iusto alias. Vel eveniet excepturi minus repellendus deserunt incidunt cum.',1,1,'2005-01-16 04:24:20'),(117,65,46,'Laboriosam nostrum dolorem qui nostrum at. Illum voluptatem saepe qui sit neque delectus dicta.',0,0,'1975-05-14 05:59:00'),(118,33,27,'Nulla molestiae eum veritatis ab eligendi doloremque. Voluptatem consequatur fuga voluptatem in. Sed voluptatem quas voluptatem nihil. Omnis iste voluptatibus voluptates.',0,1,'2019-04-02 05:22:00'),(119,36,99,'Voluptas amet ducimus molestiae provident. Vitae consequuntur doloribus tenetur maiores nemo. Porro impedit repellat voluptas eos culpa. Quia quod nihil exercitationem quos repudiandae fuga voluptas.',1,1,'1990-12-15 15:03:03'),(120,86,32,'Voluptas laudantium maxime quibusdam iste laudantium nisi praesentium. Dolore nobis impedit quis eum voluptatum. Incidunt natus est voluptatem sit qui. Est et error sed nisi accusamus ipsum temporibus. Quae neque delectus est eum consequatur est doloribus.',0,0,'1995-05-12 03:36:11'),(121,100,4,'Aliquid qui quidem consequatur exercitationem magnam sunt. Voluptatum aut provident maiores facere aliquid doloremque ratione. Consequatur illo ducimus est sit ea aut.',0,1,'1983-01-15 02:32:49'),(122,21,92,'Aliquam cupiditate inventore iure repellendus dolores sequi. Est quaerat voluptas enim eos dolorum. Aut soluta distinctio quia eos id.',0,1,'1975-05-22 05:03:27'),(123,94,97,'A perspiciatis molestias asperiores exercitationem repellendus. Iste qui doloribus non sed et officiis nihil. Nam consequuntur beatae exercitationem dolor ea est. Sed quisquam quo dolor et id.',0,1,'2002-04-29 01:51:51'),(124,2,16,'Nam iure autem rerum consequatur dolorem eum dolores et. Doloribus in et ea deleniti. Eaque quis saepe et est. Repellendus molestiae cupiditate minima id dolor.',0,0,'1990-07-10 11:21:20'),(125,75,25,'Dolor quidem facere aspernatur provident et sunt. Quibusdam neque vel deserunt minus. Saepe ullam ex iste veritatis est optio aliquid blanditiis.',1,1,'1994-01-29 20:38:25'),(126,2,33,'Sit possimus beatae ut aut tempore facilis architecto. Id fugiat molestiae at asperiores beatae ut libero. Accusantium neque ut velit sed est.',0,0,'1975-11-30 06:46:27'),(127,61,3,'Consequatur voluptas eum vel odit vel. Sit quibusdam possimus id laboriosam cumque omnis. Aliquid voluptatem qui aut nesciunt nesciunt quo. Aliquam tempore ipsa sapiente autem.',0,0,'1974-11-15 08:26:50'),(128,32,52,'Ut architecto eligendi veniam ut quam totam. Dolor magni quo laudantium neque. Voluptas et itaque aut ea nobis. Earum consectetur delectus ex aliquid natus blanditiis aliquid cumque.',0,1,'2000-03-15 10:58:47'),(129,61,51,'Fuga vitae illo deleniti dolores impedit. Dolores libero et aut delectus commodi ex quis. Totam deserunt nulla aliquam repellendus.',0,1,'1986-09-27 09:55:14'),(130,72,5,'Consectetur labore quos est commodi doloremque eligendi quaerat. Sit quaerat hic sint quo exercitationem. Explicabo enim voluptates animi.',0,1,'2007-11-13 11:28:09'),(131,10,35,'Vero molestias natus quis non eos. Consequatur eligendi est suscipit ut quasi tempore. Tempore velit voluptas reiciendis quia.',1,0,'2016-01-18 11:55:46'),(132,45,19,'Ratione dolore illo omnis eveniet porro. Cumque dolor consequatur odio consequatur beatae nihil. Autem dolorum hic ut earum in.',1,1,'1993-02-07 21:19:55'),(133,57,29,'Qui rerum qui illo ut dolore minus impedit. Dolor quam aliquam illo dolores ex vel. Labore voluptatibus dolore labore possimus deleniti aut et. Ea placeat commodi quis rerum.',1,0,'2001-10-03 14:55:47'),(134,75,86,'Doloribus veniam et et sunt saepe culpa. Architecto mollitia magnam modi consequatur. Saepe qui animi quis suscipit vel tempora. Et quod id beatae laborum et perferendis ea velit.',1,1,'1972-12-08 04:38:53'),(135,3,57,'Quis est error reiciendis iure maxime dolorem. Deleniti magnam ex autem veniam dolor fugit. Molestiae eos et dolor quo et consequatur. Repudiandae ullam alias quibusdam omnis.',1,0,'2013-02-06 12:08:28'),(136,76,9,'Ducimus iusto illum eum fugit. Incidunt pariatur illo nihil dolorem deserunt quo possimus voluptatem. Nihil autem maxime sint. Qui tempore voluptatem accusantium.',0,1,'1978-08-27 18:32:11'),(137,15,49,'Sit et beatae aut nam in veritatis. Id eum similique quo quia debitis. Fuga ea consectetur ut minima excepturi ipsum vitae eum. Ut ratione consectetur omnis ut quia.',0,0,'1977-11-30 00:12:19'),(138,99,46,'Est quaerat voluptas atque ut tempora dignissimos fugiat totam. Doloribus distinctio saepe qui et officiis voluptatem praesentium ut. Numquam fugit quis aut animi natus reiciendis accusamus.',0,1,'1971-12-10 03:55:19'),(139,35,35,'Excepturi qui omnis officia ut et. Voluptatem aut aut quia neque. Fuga quasi atque fuga similique magnam ipsam magni. Fugiat inventore ut accusantium quis officiis quidem.',1,0,'2001-08-10 04:11:22'),(140,68,35,'Id et eos officia voluptas. Eum dolor a vero deleniti laborum ut dolores. Explicabo officiis eos sunt alias error. Quae quo quia aut debitis adipisci.',1,1,'1976-07-20 00:03:10'),(141,72,54,'Perferendis eaque sit ut quia ad quos quaerat dolorum. Rerum mollitia molestiae earum facere eos et doloremque. Ut sunt excepturi cupiditate omnis qui. Est quisquam facere ut eum ut.',0,0,'1992-10-25 16:59:24'),(142,55,12,'Eum dolores reprehenderit dignissimos eos. Maxime cupiditate id quis inventore consequatur omnis. Natus laudantium et dolor sint.',1,1,'1983-07-29 18:01:17'),(143,96,41,'Accusantium enim aut veritatis voluptate. Sunt quia et asperiores deserunt commodi.',1,0,'1997-03-14 09:47:17'),(144,18,65,'Totam ut adipisci et natus. Cupiditate in recusandae et eius. Animi excepturi beatae eum exercitationem omnis.',1,1,'1988-06-06 19:34:45'),(145,70,53,'At asperiores et dolorum autem sapiente ex et. Sit explicabo odio cupiditate provident. Sint eum nobis architecto voluptas delectus perferendis. Eos quod architecto tempore dolores aperiam ipsam. Consequatur molestias consequuntur odit velit ullam consequatur.',0,0,'1972-09-17 02:43:33'),(146,58,27,'Quaerat fugiat est minus suscipit qui et eveniet. Non omnis quo occaecati et et. Dolore velit facilis error aut quisquam.',1,0,'2011-10-16 20:33:55'),(147,63,34,'Omnis et a mollitia rem. Quia fugit debitis repellat nobis id sunt mollitia et. Dolores excepturi doloremque nihil fuga deleniti et.',1,1,'2005-05-10 02:33:14'),(148,81,1,'Dignissimos quas aut modi provident quos minus. Aut omnis esse sit et. Qui dolores eius debitis veritatis voluptatem quis.',1,0,'1990-02-08 06:12:30'),(149,63,9,'Quibusdam quod ea tempore odit qui consectetur. Facilis pariatur et earum. Qui perspiciatis consequatur et molestiae.',1,0,'1989-04-02 08:32:57'),(150,58,62,'Neque necessitatibus debitis fuga dignissimos deserunt est. Dolorem delectus sit iste nihil. Voluptas minima accusantium dolore doloribus temporibus dolores. Consequuntur non nostrum repudiandae eaque non et. Cum repudiandae quam ad voluptatem et.',1,0,'1990-04-12 07:11:31'),(151,35,88,'Nihil autem veniam aspernatur quia. Esse commodi vel corrupti voluptatum eligendi. Neque amet voluptas expedita recusandae. Voluptatem sed eum aut ipsa sed.',0,0,'1993-01-06 22:34:01'),(152,33,2,'Nemo voluptas aliquam et facilis totam sed. Dignissimos sint esse enim provident enim et laboriosam sed. Officia veniam magnam enim sapiente enim quam.',0,1,'1999-05-29 17:01:01'),(153,9,40,'Quis nulla provident numquam dicta molestiae adipisci. Est voluptatem velit quam repudiandae cupiditate magnam repellat. Maiores perspiciatis voluptatum consequatur sunt quos libero in.',1,0,'1999-01-12 11:21:12'),(154,74,49,'At magnam consequuntur repellat ut rerum porro nulla ipsum. Neque ratione et dicta accusantium. Non ex voluptas iure natus ut. Quia quo nihil harum repudiandae et et sunt assumenda.',1,1,'1996-08-02 01:45:52'),(155,20,54,'Aut nemo hic rerum quia sed dolor. Facere sint repudiandae consequuntur deleniti. Qui iste assumenda incidunt maiores id.',0,1,'1970-01-06 22:55:48'),(156,9,85,'Molestias atque quibusdam soluta. Aut neque vitae eos tenetur facilis. Explicabo fugit tempore voluptatem dolorem. Sint quos quia aut dolores minus provident.',0,0,'2012-09-29 17:31:21'),(157,95,20,'Voluptas possimus repudiandae amet occaecati. Aut adipisci pariatur est voluptatum dolores quibusdam dolorem. Iure architecto tenetur dolorem quia est quibusdam animi inventore. Aut harum tenetur quidem repellat voluptatem sit.',0,0,'2004-08-14 22:30:40'),(158,13,7,'Harum deleniti soluta ea omnis temporibus aut. Est ut et delectus et. Pariatur recusandae sapiente iure enim minus corrupti nobis ea.',1,0,'1984-08-31 22:18:18'),(159,97,60,'Non omnis incidunt et. Aspernatur veritatis vel fuga. Qui non possimus est. Architecto fugit non ipsum quia.',0,1,'1981-05-23 03:56:25'),(160,10,69,'Et est voluptatibus explicabo cupiditate et qui esse. Et voluptates aut sint perspiciatis aperiam voluptas dolorum magni. Mollitia voluptas occaecati cum et. Odio non rem veritatis facilis esse sit.',1,1,'1981-03-14 21:54:55'),(161,17,75,'Sunt atque aspernatur doloremque illo dolor voluptatem. Consequatur facere fugit aliquam voluptates asperiores itaque dolor. Quaerat accusamus non id assumenda voluptatem.',0,0,'1971-05-12 18:37:25'),(162,25,97,'Consequuntur expedita aperiam et rerum consequatur voluptas qui enim. Non in eveniet ipsam voluptatem ipsam sit. Eos et sit alias minima aut.',1,1,'1986-08-25 06:23:14'),(163,12,69,'Cum qui dolorem in doloribus. Ipsa sint excepturi qui. Soluta dolores mollitia quasi vel ex consequatur magni. Est rerum quae beatae.',0,0,'2003-04-20 14:37:14'),(164,6,22,'Veniam non quo est aut aut odit. Sunt neque optio tenetur eius repudiandae. Nihil ducimus optio corrupti mollitia qui. Et unde tempore nam quae quisquam.',1,0,'2013-09-02 16:41:01'),(165,92,93,'Sunt sit omnis voluptates qui laborum voluptatibus. Vero aliquam amet corporis non ad nostrum saepe. Omnis et id eveniet ipsa iure aspernatur. Mollitia ut rerum similique eos.',0,0,'2013-10-20 23:13:10'),(166,88,62,'Iure consequatur aperiam magnam delectus earum in natus. Labore occaecati dolorem corrupti fugiat vel aut qui. Enim voluptatem mollitia reprehenderit iusto. Libero consectetur repudiandae explicabo earum et.',0,1,'1989-05-04 19:29:36'),(167,44,34,'Qui animi culpa tenetur laboriosam. Animi occaecati accusamus non laboriosam nostrum. Atque perferendis aut nihil non. Magni error blanditiis culpa molestias iure ullam.',0,0,'2012-07-20 01:01:17'),(168,37,85,'Cum quod blanditiis sit quod neque. Est consequatur at cupiditate aperiam explicabo quia magni. Aut officiis quasi assumenda veritatis. Perferendis laborum omnis expedita optio.',1,1,'2001-12-25 05:23:04'),(169,12,3,'Ex rem aliquam eos voluptatem autem nihil. Rem non quis maxime a. Perferendis odit vel quasi eaque. Ut enim quia qui quibusdam.',1,1,'1982-09-18 17:36:49'),(170,81,93,'Maxime alias occaecati vitae voluptatem rerum. Eaque beatae voluptatum rerum non earum. Quisquam quos excepturi aut expedita autem quia. Saepe rem quia facere pariatur. Et sit odit est debitis.',1,0,'1987-09-11 17:38:38'),(171,24,37,'Quo modi quisquam necessitatibus unde ullam molestiae. Sunt dignissimos voluptas itaque asperiores pariatur consequuntur rerum. Sint repellat qui pariatur perspiciatis facilis quis fugit.',1,0,'1973-01-06 06:51:14'),(172,16,67,'Ut ullam ea necessitatibus minus maxime vitae. Veritatis quidem similique sequi sit harum repellendus blanditiis. Molestiae ut nesciunt sit nemo. Ea nihil unde consequatur dolor enim. Provident est est et debitis repellat iusto.',0,0,'1983-04-26 04:21:47'),(173,86,31,'Eligendi ex in pariatur reprehenderit necessitatibus. Et architecto minus magnam iusto soluta sapiente. Odit cumque quis quia optio doloribus qui rem. Deleniti magni necessitatibus suscipit exercitationem sed.',1,0,'1984-06-06 20:21:13'),(174,95,83,'In debitis necessitatibus ex voluptatem rerum vel ut. Ullam voluptatum tempore itaque earum ut quaerat et. Cum ut est recusandae.',1,1,'1994-08-29 00:26:08'),(175,28,92,'Consequatur dolorum a sunt ducimus provident. Quae ut quis sed qui est omnis. Temporibus aut animi mollitia soluta nisi nihil. Quasi odio non placeat cum excepturi recusandae iusto.',0,1,'2002-07-09 19:54:08'),(176,74,95,'Ex architecto quisquam eaque tempore deleniti. Vel ipsa quasi voluptas est aperiam sed. Blanditiis eveniet consequatur tempore consequuntur. Repellendus et ab qui ut inventore recusandae iste maxime.',1,1,'1977-07-26 22:49:35'),(177,51,70,'Consequuntur velit porro ipsum cum incidunt necessitatibus. Eos nam vero non aut id dicta perferendis. Officia officiis unde ex sit dolores asperiores eum. Sunt beatae repudiandae in dolores. Sapiente officia accusamus quia.',1,1,'1989-04-26 03:31:41'),(178,97,75,'Consequatur facilis vel sed eum inventore reprehenderit. Enim provident voluptate facilis nobis corrupti totam. Nostrum quia earum nulla corrupti sint.',1,0,'1985-08-09 04:13:55'),(179,83,90,'Alias magnam illum quis. Consequatur repellat consequatur atque. Voluptas doloremque neque vero. Dolorem vitae earum et saepe labore ducimus quis.',1,0,'1980-03-12 21:01:43'),(180,1,36,'Voluptatem harum aperiam esse aperiam dignissimos. Vel eveniet esse temporibus repellendus sint. Voluptas vitae animi mollitia incidunt. Vel vero ut est quae.',0,1,'2000-08-04 20:26:26'),(181,75,66,'Beatae consequatur voluptatem pariatur magnam dolorem dicta laboriosam. Incidunt et non in explicabo. Aspernatur quisquam nihil ducimus eveniet autem dicta. Deserunt vitae tempore dolores.',1,1,'2009-11-03 00:14:40'),(182,4,23,'Ex magni voluptas eum. Voluptas ad est repellat tempora incidunt ea. Dolor placeat cumque placeat rerum. Nihil eum et doloribus illo dicta fugit dolorem. Omnis maxime ea magni assumenda placeat.',1,1,'1980-05-09 22:17:12'),(183,1,37,'Laudantium quis ut qui ab. Animi nam magni aspernatur eos. Quos et accusamus dolor reiciendis qui iusto. Ad est quia soluta consequatur id sit.',0,0,'1975-12-01 02:45:02'),(184,80,89,'Ut corporis tempore inventore blanditiis similique vel quas et. Et ex non delectus possimus odio. Minima a sunt molestiae culpa. Consequatur quos qui omnis aut asperiores.',1,0,'1997-10-30 04:06:10'),(185,3,50,'Voluptates numquam ab explicabo. Voluptatem omnis architecto possimus. Ducimus qui harum repellat.',1,1,'1973-03-28 15:53:21'),(186,38,40,'Ducimus a inventore ad velit. Recusandae aut temporibus qui sit fugit consequatur delectus. Corrupti modi quasi quaerat molestias. Reiciendis et iusto fuga.',0,0,'1990-12-02 14:47:23'),(187,84,2,'Qui vitae expedita numquam nisi corrupti laborum. Officia debitis inventore voluptatibus accusamus explicabo odio sunt. Iusto nam autem sed officia.',0,1,'2014-06-24 02:05:23'),(188,56,75,'Tenetur sint sint asperiores et non illo in. Sint eos totam minus facere rerum sunt eum. Temporibus qui rem necessitatibus quia dolorum id et. Inventore voluptate aut quia dolore.',0,1,'1998-01-31 16:10:28'),(189,6,6,'Eos adipisci natus sed unde sint. Quibusdam qui quae odit. Dicta ea rerum dolorem nesciunt atque. Ut velit quo nostrum nihil natus voluptatem et quae.',1,1,'1971-12-28 16:38:11'),(190,11,34,'Saepe et possimus enim facilis tenetur vitae. Est incidunt atque tempora. Cupiditate sint possimus soluta deserunt. Consequatur iure modi perspiciatis ipsum molestiae. Quo error error dignissimos et expedita error alias dignissimos.',0,0,'2019-04-08 19:50:36'),(191,40,96,'Tempora commodi hic corrupti. Aut illo in sed eius temporibus officia consequatur. Qui amet in inventore aut.',1,1,'1992-12-02 23:49:25'),(192,60,11,'Molestias at sint nemo. Culpa nesciunt aut amet. Ipsum labore assumenda ipsa itaque. Molestiae mollitia vitae excepturi aliquam et ipsum.',0,1,'1973-09-01 06:03:39'),(193,76,47,'Ut fugiat dolor iste. Corporis dignissimos unde accusantium. Velit repellat reprehenderit sunt.',1,1,'1992-04-16 18:52:20'),(194,7,92,'Voluptatem atque libero quisquam ipsum ab. Facilis neque occaecati omnis deleniti iste labore ducimus. Itaque in sit facilis amet ab sed. Beatae sint ut cupiditate pariatur.',1,0,'2000-04-07 15:21:49'),(195,40,24,'Doloremque et omnis natus velit. Omnis est facilis dolore. Aut suscipit cupiditate voluptate ut et maiores amet. Quaerat quae et rerum quod nam quo voluptas.',1,1,'1983-07-31 01:13:50'),(196,97,12,'Debitis dignissimos sint voluptatem minus nobis dolore eligendi. Labore et quaerat possimus.',1,1,'2005-04-07 11:59:33'),(197,69,10,'Veritatis natus alias facilis. Assumenda vel dicta quasi ut nemo minima vel eveniet. Eos quam nihil aut ducimus adipisci sequi est maxime. Reprehenderit vero totam ullam est est qui.',0,1,'1986-02-09 02:17:39'),(198,42,78,'Non et nam amet iusto incidunt in. Voluptas voluptas quod non omnis iusto. Non nihil et soluta omnis quia unde. Dolore cupiditate facere distinctio.',0,1,'2018-10-12 13:42:39'),(199,64,87,'Quibusdam omnis quas et amet ullam facilis. Dicta ea enim molestias rem adipisci et. Qui soluta eos sint earum magni sunt.',0,1,'2001-02-27 13:11:20'),(200,40,38,'Esse consequatur illo laborum quae rerum totam. Fuga praesentium et illum occaecati officiis porro. Et qui veritatis odio sapiente. Nisi doloremque libero omnis est hic velit aut ipsa.',0,0,'1999-12-17 06:50:50'),(201,72,45,'Voluptatem molestias nam vel et omnis. Alias est ut quaerat voluptatem. Quo iusto est totam ea accusamus qui. Quod dicta quia omnis aspernatur id consequatur qui et. Adipisci mollitia sed ratione omnis.',0,0,'2012-08-30 11:39:09'),(202,7,1,'Nisi aut sapiente neque et. Fuga quam culpa voluptatum praesentium est inventore voluptate. Aut natus adipisci occaecati sed.',0,1,'1983-11-25 12:43:24'),(203,83,14,'Enim beatae temporibus ab fuga quia ad. Est culpa voluptas officia sunt aspernatur. Modi corrupti voluptatem distinctio inventore.',0,0,'2012-11-12 06:13:29'),(204,17,44,'Voluptatem eos a numquam. Velit doloribus neque perspiciatis quos rem. Qui rerum ipsa corrupti fugit voluptas quam qui.',1,0,'1970-01-12 07:48:22'),(205,68,7,'Quaerat voluptatem quia quo eligendi tenetur. Quod dolores doloribus impedit ab. Soluta accusantium non placeat eaque ipsam ullam. At et optio sit totam.',0,0,'2018-05-27 17:14:52'),(206,32,39,'Natus deserunt ipsam autem officiis ipsa. Voluptatem iure tempore qui voluptatem corrupti vel. Voluptates temporibus est velit nemo incidunt quo.',1,0,'1973-07-30 05:51:41'),(207,97,69,'Sit tempore sed fugiat et reiciendis. Totam sint saepe praesentium cum voluptatem. Ut vitae et iure. Vel nemo ea qui quia dolore.',1,0,'1992-10-31 19:20:44'),(208,51,49,'Occaecati quia culpa quasi maxime. Suscipit et reprehenderit porro nobis. Autem eos doloribus sint mollitia quidem cumque quam. Tenetur suscipit autem odit ad.',1,0,'2001-11-10 04:03:23'),(209,92,12,'Qui repellat accusamus qui assumenda architecto. Rerum consequatur ut omnis sunt rerum est. Est laborum laboriosam nemo.',1,0,'1975-09-13 05:42:26'),(210,82,76,'Necessitatibus dignissimos sed rerum possimus. Explicabo quam tempora hic consequatur non assumenda quam. Dolorem est repellendus eveniet aut qui. Quo quo molestiae harum quia nemo omnis id et.',1,0,'1985-01-07 12:35:00'),(211,32,30,'Minima iure mollitia et culpa animi autem. Aliquid numquam soluta veritatis aut dolor ea illum. Dolor id quo quia quibusdam qui odit.',0,0,'1994-06-16 17:36:31'),(212,55,85,'Et distinctio porro omnis voluptatem commodi. Rerum sunt at animi et laboriosam. Est sunt minus incidunt iure at beatae.',1,0,'2004-09-16 06:32:32'),(213,60,45,'Autem facilis accusamus ipsam quis est nesciunt tempora. Et eum quae quis reprehenderit. Necessitatibus ex ex commodi in cupiditate asperiores rerum.',1,0,'2000-12-13 08:19:41'),(214,42,76,'Repudiandae facilis et exercitationem molestiae nihil et excepturi unde. Corporis consequatur ad provident tenetur quia. Eum sint voluptatem possimus quaerat reiciendis omnis ut.',0,1,'1996-03-31 15:02:50'),(215,51,29,'Eum culpa illum dolor. Voluptatem sint dolore quasi fugit cumque. Est eum nam neque sequi voluptas sequi impedit repudiandae. Quod quidem est aut.',0,1,'2014-07-13 10:15:53'),(216,90,61,'Eos omnis alias quia sapiente aperiam cupiditate. Quia laudantium eveniet veniam libero rerum. Inventore ut dignissimos in non omnis vel recusandae.',1,0,'1986-03-17 00:27:12'),(217,37,2,'Similique aliquid itaque nulla et ad adipisci in. Aut labore consectetur nobis dolore rerum.',0,1,'1970-07-19 20:54:30'),(218,98,81,'Aut aperiam amet qui ad. Recusandae molestias dolores ut eum dolor. Dolores praesentium et ab magni aspernatur sequi similique.',1,0,'2005-05-21 00:14:15'),(219,13,20,'Quia rerum quo eum aliquid quas sint. Mollitia qui porro cupiditate voluptas. Voluptas aut assumenda sunt facere. Laudantium magnam impedit officia et doloribus.',0,1,'2000-10-25 18:10:37'),(220,61,44,'Quo repellat voluptatem est dolore vel saepe. Quia et explicabo iste ipsa est natus soluta. Quibusdam fuga perferendis ea est vel ullam. Incidunt hic necessitatibus eos eos saepe excepturi nihil.',1,1,'1986-03-15 16:34:23'),(221,38,57,'Atque asperiores id facere sunt quod fugit. Quia enim earum corrupti corporis. Esse esse expedita consequatur quia. Quasi cupiditate esse deserunt. Et non alias non facilis.',1,0,'2019-10-02 20:40:05'),(222,69,73,'Distinctio repellendus non rerum perspiciatis. Officia quia est eos qui. Nemo dignissimos ab iure totam ipsa possimus sint.',1,1,'2010-01-06 09:04:02'),(223,58,72,'Quos quis consequatur dolorem optio aut. Voluptatem necessitatibus voluptates consectetur nesciunt illum et. Ex et et sint maiores ut asperiores vel.',0,1,'1977-08-22 09:56:01'),(224,86,12,'Et ad et id error sit nobis sed. Sequi ut vel excepturi repellat aut. Eaque ullam magni accusamus voluptatem non. Quia adipisci amet voluptates reiciendis quae. Fugiat quae reprehenderit debitis excepturi.',1,0,'2014-01-04 21:24:52'),(225,2,73,'Quia voluptatibus aspernatur ab commodi nihil repellendus minus dolores. Tenetur quia placeat quia qui temporibus voluptatibus autem. Dolorem explicabo sed ducimus nihil nihil. Rerum et molestias deserunt necessitatibus.',1,1,'2006-01-28 03:40:25'),(226,60,80,'Possimus aut delectus eveniet beatae sed molestiae sapiente. Voluptatem labore commodi consectetur minus quisquam et cum.',1,1,'2015-12-23 00:04:05'),(227,18,52,'Explicabo pariatur ut ducimus enim. Nihil reiciendis error corrupti voluptatem. Aut assumenda est quae praesentium consequatur.',0,1,'2007-07-02 15:35:44'),(228,5,66,'Occaecati dolores cum sunt id. Quae culpa sit nemo non suscipit. Quasi fugit fugit mollitia. Iste fugiat non eius aut voluptatem quas fuga.',1,0,'1974-02-18 03:05:35'),(229,16,82,'Qui beatae quo dolores est ullam incidunt sed. Reiciendis ut dolorem saepe sunt et quam voluptas. Vero suscipit molestiae a perspiciatis. Praesentium doloribus ipsum corrupti magni dolor voluptatem.',0,1,'2002-12-13 11:13:15'),(230,61,60,'Atque ducimus corporis esse voluptatem molestiae est eaque. Similique et eum officiis quia quod.',1,0,'1996-04-27 22:47:25'),(231,14,91,'Rerum quos suscipit aut molestiae doloribus sed iste velit. Dolor quia odio assumenda nesciunt aut sed quo quia. Accusamus voluptas reprehenderit voluptas eveniet optio quasi consequatur.',1,0,'1982-07-27 16:29:43'),(232,14,95,'Quisquam qui saepe deleniti ea hic et et. Sequi aliquid nulla dolore quos quia voluptatum blanditiis. Ex autem enim qui cum. Similique nihil quibusdam ipsum qui et perferendis.',0,0,'2016-02-20 19:59:38'),(233,32,75,'Voluptatem reiciendis vel quibusdam et. Qui ut qui magnam amet quia. Voluptatem accusantium ut quia temporibus asperiores repellendus tempore. Aut reiciendis itaque alias sed exercitationem.',0,1,'1992-06-03 00:35:25'),(234,80,73,'Est ipsum consequatur aut et ut et et. Ducimus aut est quia quidem quia necessitatibus dolores. Incidunt natus soluta perferendis corrupti consequatur rem.',1,1,'2017-06-13 07:59:42'),(235,24,1,'Inventore placeat dolores odit dicta eum earum neque architecto. Dolorem ea repudiandae ut aut est aliquid. Et dolores iste ipsum atque amet culpa.',1,0,'2006-01-21 21:46:07'),(236,35,68,'Omnis aut quasi eum nostrum molestiae. Omnis nam est consequuntur voluptatum veritatis sit.',0,1,'2007-12-20 19:12:08'),(237,36,77,'Eos repudiandae accusantium modi molestiae dolores perferendis maxime. Vitae eum at omnis mollitia nostrum perspiciatis. Totam repudiandae eos facilis nam impedit iusto. Deserunt iure voluptates quaerat et omnis quibusdam et.',0,1,'1990-04-24 04:56:43'),(238,75,43,'Veritatis vel placeat dicta explicabo aut. Saepe est aut incidunt sint eos voluptas. Voluptatem fuga est qui pariatur. Maxime tempora non est dolores.',0,0,'1996-10-12 08:07:46'),(239,89,16,'Aut fugit aut occaecati error ut omnis repudiandae. Reiciendis nostrum vero saepe. Voluptate minus laborum et nihil eum inventore laborum.',0,0,'2006-11-08 20:27:40'),(240,13,18,'Quasi reiciendis eveniet ut repellendus repudiandae qui rerum. Doloremque est iure veritatis voluptatibus sit. Inventore soluta ut eveniet totam molestiae quo amet. Aut deleniti quibusdam voluptatem eum sequi doloremque.',0,1,'1975-01-13 22:12:40'),(241,49,90,'Excepturi laudantium dolorem recusandae fugit et. Nisi illo qui ut ut. Non est saepe sequi aut autem rem.',0,0,'2017-03-08 12:41:13'),(242,1,36,'Consequatur omnis totam aspernatur odio rerum et labore et. Rerum inventore delectus atque dolorum et ut qui. Ad pariatur dolores fuga. Ad voluptas quo quis ex.',1,0,'1998-11-22 19:27:51'),(243,76,74,'Quia laborum atque eaque esse facere placeat. Ab ipsum quo quis vitae assumenda unde. Officiis veritatis fuga eius ut. Eos totam et illum accusamus omnis autem.',0,1,'1996-07-27 13:51:35'),(244,39,72,'Laudantium vel sit excepturi veritatis architecto a. Aperiam vero possimus ea earum.',1,1,'2004-12-25 08:19:53'),(245,43,99,'Quis libero aperiam commodi corporis illo fugiat quas. Et illo aspernatur fugit id illum ea. Suscipit aut ex et praesentium voluptatum doloribus.',0,1,'1999-09-26 14:16:40'),(246,66,33,'Consequuntur ullam porro ipsa quod aut in. Voluptate ut saepe in hic at saepe minima autem. Iusto omnis provident aut. Consequatur illum velit fugit ea numquam soluta est.',0,0,'1993-08-10 14:16:05'),(247,64,23,'Laudantium perferendis aut maiores qui suscipit temporibus. Eos omnis adipisci ut. Dolorem occaecati harum atque saepe voluptas. Eum perspiciatis soluta aliquam error.',1,1,'2016-02-11 23:45:53'),(248,24,47,'Necessitatibus deserunt perspiciatis tenetur qui. Possimus totam iste dolor distinctio qui asperiores. Tempora laborum est aspernatur explicabo.',0,0,'2015-03-08 21:38:54'),(249,65,82,'Expedita cum autem omnis voluptas officiis. Consequuntur ea culpa laudantium unde harum.',1,1,'2015-03-25 20:58:51'),(250,14,24,'Illum sunt ullam praesentium eum delectus. Distinctio consequatur animi distinctio ea voluptatem. In voluptates porro nostrum aliquid a facilis dolores.',0,1,'1983-07-27 07:18:33'),(251,79,20,'Sed porro sed eaque. Corporis voluptas occaecati est praesentium nisi vel quis. Eligendi est rerum doloremque placeat est odio qui. Quis porro saepe voluptatibus et inventore quis animi suscipit.',1,1,'1975-09-14 20:01:32'),(252,64,60,'Recusandae repellendus est cumque ratione totam. In optio dolorem excepturi in aut facere iusto. Illo in et laudantium sit non id consequatur. Voluptas expedita eos eum eaque temporibus.',1,0,'1989-02-14 02:05:57'),(253,5,47,'Est ut reprehenderit dolorem ipsam voluptate. Eius dolorum ea ullam aut eligendi veniam. Voluptas laudantium nobis in a. Quia nam itaque unde voluptatem reiciendis.',1,0,'1989-10-21 11:36:00'),(254,20,56,'Ad et est sed veniam culpa soluta temporibus deserunt. Qui accusantium omnis iste. Impedit ex maiores odit similique non illo similique. Quo illum ab rerum. Accusantium consequatur earum alias sint.',1,0,'1979-11-26 01:20:51'),(255,21,35,'Repellendus cumque explicabo sint quaerat. Et deleniti harum perspiciatis architecto. Cumque expedita placeat odio. Corporis iure quae laborum ea.',1,1,'1999-07-16 18:31:21'),(256,14,64,'Vel omnis esse doloremque tenetur aperiam totam dolore id. Iste sed impedit quae voluptas consequuntur enim. Enim suscipit ratione qui explicabo. Ipsam quae amet est maiores quia in.',0,0,'2010-11-26 08:50:02'),(257,79,2,'Beatae ullam voluptas exercitationem vel magni dolores ea excepturi. Sed eveniet quia delectus aut ipsam recusandae. Numquam laudantium consequuntur sed et maiores autem ducimus. Voluptas officiis aut sed aut.',0,0,'1976-11-26 20:02:47'),(258,70,44,'Cupiditate qui ea officiis amet autem. Sed error quis sunt quia aspernatur amet. Quos perferendis nisi aut reiciendis facere. Nobis et quidem a.',1,0,'1973-08-29 22:11:09'),(259,10,17,'Nemo est repellat quia nam pariatur animi voluptas fugit. Corporis eum in est repudiandae corporis. Sint velit nihil aut est laborum eveniet.',0,1,'2015-05-24 23:20:50'),(260,56,27,'Qui itaque quo ipsam consequuntur molestias consequatur soluta. Voluptates illum amet quo et. Ipsa magni assumenda laborum iste consectetur ducimus in. Quis delectus aut voluptatem sed iste.',0,0,'2012-01-29 15:50:35'),(261,69,63,'Sit ut praesentium in dolor tempora et. Consectetur ut quia laboriosam. Et laudantium molestias aut iste sunt delectus voluptas. Corrupti accusantium hic sed sint delectus ullam.',1,0,'1996-06-15 14:58:21'),(262,6,39,'Dolor velit id molestiae ab. Sint accusamus et voluptatem deserunt consequatur aut neque. Doloribus quod vero omnis numquam repellendus libero. Ut nihil explicabo aliquid mollitia laborum.',0,1,'1993-10-02 13:33:29'),(263,80,80,'Atque rerum amet voluptate ex et quam asperiores. Quia sapiente dolor doloremque qui voluptatem illo et. Non eveniet rem qui sint eos laboriosam.',1,0,'2019-05-16 21:01:42'),(264,62,69,'Est sequi consequatur voluptatem eos dolores enim. Magni ut ut nihil amet qui libero odit. Quis ipsam incidunt aut animi tenetur id recusandae ipsum.',0,1,'2013-10-11 13:06:26'),(265,60,90,'Et voluptatem sed ipsa similique quia. Asperiores illum iure necessitatibus reprehenderit deleniti molestiae sit sunt. Officiis beatae explicabo facere sit ea dolores dolorem.',0,0,'2004-04-13 03:31:07'),(266,70,78,'Sit aut corporis sed. Repellendus rerum consectetur dolorem in dolores et. Blanditiis placeat neque praesentium eum. Nulla sed voluptas suscipit perferendis voluptas omnis labore.',1,1,'1975-11-01 00:17:28'),(267,82,75,'Eos odit voluptatem pariatur asperiores dicta dolore. Rerum corporis culpa perspiciatis a nemo ut. Assumenda dicta cumque minima corrupti necessitatibus.',0,0,'1975-01-27 21:36:12'),(268,29,21,'Voluptatem nobis eligendi rerum odit totam velit. Tempora suscipit provident adipisci et quae. Totam repellat ullam ullam consequuntur. Minus aliquid dignissimos hic accusamus est necessitatibus.',1,1,'2013-11-01 22:42:56'),(269,15,12,'Id esse quaerat maxime laboriosam qui. Est ipsam hic sed ut nihil illum animi delectus. Nihil id eveniet et. Et mollitia dolores dicta eveniet aliquid quia.',0,1,'1994-10-01 12:07:25'),(270,16,43,'Et aut aut ipsum atque provident qui reprehenderit. Autem aliquid ad aperiam consequuntur ullam veritatis. Ut error provident laboriosam unde cum. Nostrum repellat labore quidem odio consequatur enim aut deserunt. Neque eos eveniet est error.',1,1,'1980-11-28 17:12:55'),(271,64,93,'Temporibus corporis nostrum quas consequatur. Odio cupiditate consequatur quisquam omnis aliquam. Aut accusamus sit non ad.',0,0,'1979-08-30 22:47:26'),(272,70,71,'Blanditiis blanditiis nostrum voluptatem quia porro rerum consectetur. Libero qui fuga vel expedita. Cum modi vitae temporibus voluptatum dolorem enim veritatis.',0,0,'2008-02-01 11:52:54'),(273,45,10,'Quo sunt neque necessitatibus aut nulla dolore. Qui odit eligendi in dolores molestiae. Totam tenetur et sunt sint. Ex iusto et quis excepturi. Ea repudiandae numquam aspernatur dolore commodi.',1,0,'2019-07-07 20:19:02'),(274,14,39,'Deleniti esse qui in quod nemo tempora vel. Nemo hic vel dicta ex est doloremque quaerat excepturi. Suscipit quia praesentium voluptas quae quas. Deleniti est molestiae nobis reiciendis assumenda exercitationem.',1,0,'1991-11-07 20:56:23'),(275,53,49,'Eos hic sunt qui odit distinctio vel eveniet. Aut soluta quos ipsa. Ex expedita aut temporibus soluta aut. Qui corporis delectus in vitae.',0,0,'2007-04-18 00:20:22'),(276,87,84,'Accusamus aut ipsum vero rerum. Distinctio aspernatur omnis et minima est omnis. Commodi blanditiis voluptas recusandae. Nam voluptatem mollitia sunt sit ex provident est.',1,1,'1979-06-25 12:11:30'),(277,61,51,'Impedit eum consectetur dolor minima cupiditate delectus recusandae. Quia voluptatem nobis consequuntur blanditiis voluptates. Id dicta non ipsa aut et aut et. Sint accusantium perspiciatis sunt itaque eum.',0,0,'2016-09-12 19:31:19'),(278,72,5,'Blanditiis et cumque error deleniti. Ducimus aliquid recusandae minus fuga vel voluptas. Nisi officia quia et cum.',0,0,'2019-06-26 03:43:36'),(279,10,33,'A nihil sequi ut illum consequatur. Eum ut qui eius quidem. Ipsum ducimus minima rerum velit.',0,0,'1974-06-10 10:25:02'),(280,35,77,'Ea totam quia nemo cum dolorum atque maxime. Ipsum exercitationem officiis dolorem omnis neque sapiente. Ea totam nulla sit ducimus facilis ea itaque.',1,1,'2007-01-19 17:42:17'),(281,80,66,'Dolorem expedita delectus doloremque quia magnam minus sequi omnis. Corrupti temporibus eos fuga omnis id deserunt quod. Ut est ex aut ut aliquam occaecati delectus.',1,0,'1971-02-27 09:15:57'),(282,92,62,'Vitae et ut quas velit. Adipisci consequuntur ducimus sint totam. Aut atque quis voluptatem non voluptates voluptatum unde. Eos vero et laborum delectus ea.',1,1,'1979-11-27 23:10:28'),(283,35,85,'Hic non a dolore. Assumenda libero recusandae expedita similique accusamus voluptatem voluptatem eaque. Voluptas incidunt cumque omnis sit.',0,0,'1974-09-05 19:32:15'),(284,19,43,'Fuga sit qui enim minima voluptatibus sint eos. Repellendus molestias dignissimos at neque tempore.',0,1,'1989-08-28 07:33:43'),(285,55,46,'Eligendi voluptatibus libero cupiditate voluptates ut. Possimus distinctio quasi est quia est. Dolore praesentium ad expedita eveniet consequuntur et quam.',1,1,'2003-01-28 16:38:58'),(286,64,81,'Qui vel quisquam incidunt at. Sequi ut qui illo aut sed. Ea quod quo nihil.',0,1,'2014-12-09 08:52:36'),(287,12,19,'Voluptatem sint sapiente quos voluptatem doloribus. Aut nisi et eum et soluta aut. Qui aut vitae aliquid sint commodi in.',0,1,'1977-12-23 08:10:34'),(288,57,27,'Id ullam dolorem quaerat cupiditate sit reiciendis hic. Alias earum ducimus facilis. Accusamus accusamus commodi et libero enim quis dicta. Doloremque accusantium tenetur molestias inventore eos doloribus.',1,1,'1976-02-14 17:13:26'),(289,65,44,'Eum ipsam fugiat laudantium magni. Non magni quod nobis veritatis ab. Voluptatem at expedita optio. Doloremque ut et doloremque enim sint temporibus.',1,0,'1989-01-13 14:40:47'),(290,25,92,'Minima dolorem quos illo beatae ut explicabo qui. Asperiores voluptas aut ex quidem rerum libero.',1,0,'1984-08-04 05:18:17'),(291,86,53,'Incidunt sint eveniet aut alias eveniet quia est. Deserunt et corporis non.',0,1,'1997-05-10 22:47:58'),(292,5,68,'Assumenda voluptatem eum deserunt quia. Laudantium fugiat quia ab sint dolorem blanditiis. Qui et nisi sit tenetur sit dolor. Qui assumenda accusantium eius et quo quibusdam autem.',0,0,'1978-10-18 18:21:06'),(293,22,7,'Sit soluta illum dolorem. Et nulla nulla saepe iure sit. Aut ea nulla facere rerum rerum voluptas perspiciatis. Atque quasi esse qui consequatur.',1,0,'2009-11-19 18:31:50'),(294,69,24,'Pariatur illo commodi explicabo mollitia dolores eaque cupiditate. Aut saepe voluptas expedita doloribus beatae repudiandae. Ut qui ipsa cumque officia ut sunt. Alias voluptatum nulla harum vitae illo eum expedita eligendi.',1,0,'1994-08-03 19:45:01'),(295,11,85,'Ea aliquid distinctio temporibus accusantium enim quia. Quam facere quam nihil repellat. Sint veritatis et voluptatem culpa consequuntur quibusdam magnam vero. Ut magnam recusandae ad reiciendis nam eius nihil.',0,0,'1973-11-02 06:59:20'),(296,89,88,'Ea atque harum minima temporibus voluptas nihil. Unde et consectetur quaerat voluptatum. In ratione molestiae totam adipisci fugiat aut.',0,1,'1991-08-17 23:02:54'),(297,75,8,'Dolor quia quae natus et sit autem commodi. Voluptatem ratione in perspiciatis nobis enim nam. Eum ipsam sit fugiat tenetur consequuntur.',0,0,'2011-03-07 02:59:41'),(298,16,57,'Sapiente placeat doloremque molestias eum. Et consequuntur atque in reprehenderit aut aperiam. Alias laudantium recusandae et.',1,0,'2017-09-21 11:29:03'),(299,34,100,'Eaque numquam aliquam vel consequatur at placeat voluptas incidunt. Fugit et exercitationem pariatur soluta quod. Quasi quia doloremque aperiam asperiores. Voluptates quas dolores molestias. Sint error ex velit deleniti nostrum alias est tenetur.',0,0,'2015-07-19 12:32:08'),(300,98,89,'Velit officia et autem nisi in nostrum. Repellat et consectetur veritatis placeat aut quasi voluptatem. Nesciunt molestiae dolores doloremque rerum voluptatem.',1,0,'2001-10-13 23:18:46'),(301,51,85,'Quaerat culpa sunt eos iure sed. Amet magni ea et. Praesentium dicta deleniti eaque dolorem magni esse. Voluptatem ut fugit animi.',1,1,'1997-12-03 08:21:50'),(302,73,11,'Non dolor tenetur nisi voluptates ea veritatis iste. Omnis qui hic reiciendis dolores aliquam. Ullam deserunt blanditiis veniam. Natus dolor molestiae maiores molestiae voluptatum. Ratione omnis non dolorem excepturi nobis accusamus.',1,0,'1996-11-20 21:56:56'),(303,36,44,'Iusto ratione facilis doloremque accusamus aut. Et delectus delectus qui recusandae et. Aut eum tempore a quas quis qui sed.',1,1,'2017-06-06 01:22:36'),(304,14,36,'Placeat eveniet perferendis dolorum occaecati aliquid quo debitis. Fugiat dolore quae molestiae aut totam qui. Error vel rerum expedita voluptatum corrupti laudantium consectetur facere. Error vitae ab vel cum id ratione inventore.',1,0,'2017-02-01 15:08:53'),(305,36,72,'Blanditiis tenetur vel accusamus ea et. Iste temporibus non similique eligendi dicta. Debitis a mollitia qui fugit quis.',1,0,'1979-11-10 04:48:28'),(306,53,47,'Perferendis ea ipsa voluptatem quibusdam et voluptatem quam. Porro voluptatem accusamus ut consequatur laborum quia. Dolores beatae cumque omnis cupiditate sit. Et itaque voluptate ullam reiciendis sed.',1,1,'2011-12-23 02:17:34'),(307,76,40,'Non non dolores vero. Fugit nostrum sequi eaque suscipit quia velit. Animi nihil voluptatum vitae distinctio laboriosam pariatur.',1,0,'1992-09-26 22:32:47'),(308,69,26,'Aut qui eum consequatur sit saepe. Repellendus officia tempora voluptas consequatur mollitia sit. Eveniet ad nostrum voluptatem inventore aut voluptatem occaecati.',0,0,'1993-05-01 01:16:23'),(309,21,26,'Ipsum aspernatur repellendus ea vel ut totam odio. Exercitationem fugiat ratione sint eos dolorem est repellat. In quisquam aspernatur eligendi.',1,0,'1999-03-26 07:17:57'),(310,69,67,'Autem non culpa fugiat velit accusamus ea. In enim dolores iste neque commodi. Deserunt enim voluptatem laboriosam et. Delectus voluptas reprehenderit eos nostrum.',0,1,'1980-01-11 09:20:55'),(311,27,32,'Aut ut ab nulla provident voluptatem sapiente culpa. Excepturi aliquid voluptatem quasi tempore ducimus. Vitae vel aut aut incidunt.',0,1,'1980-12-30 09:21:34'),(312,80,2,'Vero repellendus temporibus et ducimus tenetur aliquam facilis laborum. Voluptatem dignissimos nesciunt est ea. Atque voluptatem voluptatum et provident. Omnis nisi et porro est ut.',1,0,'2018-02-18 13:44:51'),(313,71,50,'Nulla doloremque ipsum eum quia reiciendis illum. Laudantium eaque accusamus enim inventore voluptatibus ipsum. Cum facere odio consectetur. Hic suscipit praesentium illum harum laudantium magnam est.',0,0,'2002-10-11 05:44:00'),(314,34,18,'Quia amet velit qui. Dolore expedita sequi rerum.',1,1,'1999-02-21 15:46:27'),(315,91,99,'Accusantium excepturi qui itaque. Illo voluptas nobis commodi vel deserunt maiores. Voluptatem consequatur fuga inventore. Nihil velit cumque eum voluptatem quibusdam hic.',0,1,'1976-09-03 10:26:59'),(316,20,2,'Ab ea ut omnis et aliquam dicta porro. Dicta aliquid porro asperiores est architecto. Dolores ut quidem voluptates dolorem. Iusto labore voluptas et deserunt tempore sed error.',0,1,'1997-06-29 12:11:54'),(317,52,53,'Ut non nisi dolores doloribus voluptatem aut. Rerum libero id et ipsa earum. Vel explicabo aut consectetur dolore.',0,0,'1987-11-23 20:36:27'),(318,8,81,'Sit sint aut nam voluptatem laudantium. Doloribus qui sit nihil vitae fugit. Ex ab dolores modi voluptas eos accusamus et.',1,0,'1986-09-29 13:33:33'),(319,82,66,'Maiores numquam dolor non optio ducimus ut necessitatibus. Ut et molestiae ad voluptas enim ut et. In unde laborum asperiores repellendus omnis. Fuga repellat sint omnis aspernatur cumque.',1,0,'2002-06-30 11:41:01'),(320,81,10,'Quae possimus consectetur qui maiores minus. Esse ut et dolorem qui qui ducimus qui voluptatibus. Possimus beatae dolor aliquid animi illo. Enim saepe est expedita necessitatibus consequatur voluptatem iure. Ea quo recusandae odit.',1,0,'1989-07-30 10:53:34'),(321,4,91,'Laboriosam quia vero tempora delectus sunt. Iste eveniet harum et dolores iure non nulla. Hic voluptatum aut perferendis facere sed est qui. Occaecati impedit et reprehenderit.',1,1,'1992-12-11 03:45:56'),(322,42,37,'Amet est voluptatum ducimus et dignissimos. Molestiae animi veniam omnis placeat consequatur deleniti. Quaerat quia amet amet tempora veniam eum. Aliquam sit iusto est. Nihil animi aperiam architecto dolores qui sed.',1,0,'1986-05-11 01:05:38'),(323,56,71,'Nam minus sunt ut sapiente. Soluta voluptatem hic sed rerum eum dolores.',0,1,'2010-03-22 19:04:09'),(324,88,23,'Dignissimos laudantium nostrum reprehenderit suscipit labore sequi. Id ut dolor eligendi blanditiis quia ut autem. Tempore eum ut occaecati expedita ipsa qui incidunt. Voluptatem quo aut id nostrum.',0,1,'1970-08-21 18:20:56'),(325,52,89,'Explicabo ut consequatur doloremque est blanditiis. Porro in laboriosam praesentium blanditiis officia velit quis. Nihil labore numquam et ad iste.',0,0,'2019-02-27 04:15:57'),(326,90,83,'Eum in explicabo quisquam assumenda iure. Cupiditate in dignissimos et eaque quia facere iste. Qui repellat odit aliquam modi nesciunt sit sunt. Aut et sapiente et omnis.',0,0,'1981-11-03 10:26:54'),(327,44,72,'Voluptates reprehenderit et aliquid aut non et. Quod ut error quaerat animi est quasi. Aliquid quae voluptas tenetur placeat.',0,1,'2017-01-29 17:02:54'),(328,27,19,'Ullam atque fugiat minus consectetur recusandae aut. Ipsa ut expedita debitis quia necessitatibus natus commodi sit. Consequatur ut est vel consequatur molestiae aliquam. Perferendis aut harum suscipit consectetur ullam. Aliquid ipsa quibusdam quam laudantium omnis rem voluptatibus eum.',0,0,'2009-06-26 15:36:58'),(329,11,100,'Voluptatem fuga sint omnis autem minus. Nostrum consequatur aperiam placeat consectetur non ab et. Aspernatur vel totam voluptatem. Aut doloremque quae hic consequuntur adipisci tempore.',0,0,'2010-02-22 17:27:29'),(330,68,37,'Voluptas voluptate sequi non hic ea. Et molestiae ut quas in. Enim esse quod et tenetur distinctio delectus inventore.',1,1,'2003-10-05 12:56:03'),(331,81,92,'Mollitia qui excepturi similique officiis consequatur quo qui. Sint voluptatum fugiat similique molestias sed. Incidunt cum id aliquid eligendi voluptatem. Et iure labore fuga sit.',1,1,'2012-05-12 21:29:35'),(332,17,9,'Ut ullam harum nemo. Debitis aut occaecati illo delectus. Qui laborum enim tempora eum soluta impedit.',1,0,'1992-11-10 13:16:53'),(333,92,32,'Voluptatibus sunt aut mollitia mollitia aspernatur. Quidem officiis ut distinctio placeat. Molestiae ut maxime sed ipsam.',1,0,'2011-12-04 17:56:27'),(334,83,19,'Neque dolor quo ut. Iure aspernatur eligendi voluptatum perspiciatis qui. Ipsam in et doloremque occaecati.',1,1,'1981-08-12 22:15:34'),(335,45,68,'Velit est suscipit enim perferendis veritatis ipsa. Ut rerum ut rerum et sit. Quasi magni omnis quam est error qui.',0,1,'2016-10-09 05:19:27'),(336,3,11,'Reiciendis ut exercitationem nesciunt minima qui earum est eligendi. Eum est doloremque qui vel ratione et consequatur ab. Quam cupiditate saepe quis qui atque aut delectus. Debitis optio cupiditate deserunt et qui fuga.',0,1,'2007-09-27 23:26:41'),(337,44,89,'Ad quis quaerat perferendis soluta optio. Eligendi aut consectetur at. Et deleniti libero aperiam cupiditate. Perferendis magni voluptatem maiores illo adipisci.',0,1,'1990-12-17 22:19:39'),(338,11,89,'Provident cum doloremque reprehenderit fugiat ea sunt dolores. Sit ad sed facilis ipsa hic magni. Et omnis sequi voluptatibus enim laboriosam.',0,1,'2007-07-22 04:21:09'),(339,10,83,'Voluptatem laborum nostrum itaque cum eum dolore. Impedit repudiandae quidem et accusantium eligendi. Sapiente molestiae perspiciatis ullam illo laudantium enim amet. Perferendis omnis quis dicta saepe debitis repudiandae.',0,1,'1982-11-13 10:06:04'),(340,85,76,'Et quidem est quia non. Ex temporibus libero et suscipit. Rerum neque nihil repellat esse tempore. Odio dolores recusandae perferendis dolore totam velit.',0,1,'2005-08-19 23:14:13'),(341,22,84,'Ut debitis quibusdam iusto qui sed sit et. Incidunt ipsum non aspernatur cumque aspernatur quasi labore. Quidem beatae quo reiciendis accusamus molestias odit numquam. Praesentium facere porro rerum.',0,0,'1980-09-24 17:59:00'),(342,52,8,'Illo est voluptatem magni deserunt reiciendis aperiam. Sit sit ut labore voluptates cumque deserunt maxime. Ducimus dolorem repudiandae iusto animi consequatur.',0,0,'2017-11-29 08:42:57'),(343,83,91,'Incidunt in corporis magni quia. Beatae sequi reiciendis libero quos. Velit praesentium temporibus blanditiis ea eius non. Et suscipit maxime mollitia quia.',1,0,'2002-03-27 00:21:37'),(344,6,56,'Eveniet quas neque porro quos et nostrum voluptates dolores. Officiis nihil nobis et nostrum omnis enim ut.',0,1,'2001-07-25 00:01:38'),(345,64,48,'Ea est qui aut et non atque voluptates. Dolores quia mollitia vel ut eum. Ea placeat sed optio fugiat quis et.',1,1,'1989-10-20 20:49:47'),(346,48,94,'Aut ut officiis dolorum. Labore animi hic et enim doloribus commodi. Possimus blanditiis quia rerum provident. Fugit quis cupiditate veritatis est. Rerum ut quia occaecati neque est laborum.',0,0,'1999-05-10 17:46:19'),(347,28,56,'Sed accusantium consequatur est aut qui incidunt ducimus. Ex est incidunt magnam non et unde nihil ad. A occaecati et nam perferendis voluptas rerum qui deleniti.',1,0,'1993-05-27 23:11:55'),(348,96,11,'Voluptatem voluptas sint voluptas quas aut. Eos est enim dolorem quis et omnis. Non et fugit et nihil natus sint totam labore. Amet tempore tenetur dolores quia mollitia quia.',0,1,'1991-09-30 22:08:02'),(349,66,99,'Ipsam voluptatem explicabo sint nulla. Asperiores sapiente et ut. Et repudiandae autem molestiae odit. Officiis praesentium eum omnis molestias accusamus. Quas atque illo illum ullam qui.',1,1,'2014-11-19 09:58:09'),(350,94,75,'Sed nemo id eius perspiciatis repellat. Enim doloremque et laudantium et labore distinctio sequi. Nihil voluptatem omnis fugiat omnis. Perferendis eos magnam minima accusantium.',0,1,'1992-11-21 10:16:48'),(351,91,28,'Voluptate neque omnis et iusto nemo rem. Autem dolor omnis non in ratione dolorem. Nihil unde voluptatem exercitationem nihil non placeat quam. Consequatur pariatur ut veniam optio.',1,1,'1972-10-28 00:21:16'),(352,67,52,'Consectetur quis nesciunt earum sequi quas accusantium facilis. Et enim pariatur asperiores blanditiis est et. Cupiditate molestiae illo dolor maxime rerum. Velit consequuntur mollitia repudiandae voluptatem quisquam laborum quo explicabo.',0,1,'1993-12-21 20:03:28'),(353,57,29,'Minus ea mollitia quos laudantium odio voluptas in. Sequi ea repellendus aperiam ea pariatur. Rerum voluptates enim iure corrupti.',1,0,'1974-03-04 12:11:54'),(354,72,73,'Est mollitia sed saepe. Minus necessitatibus voluptate impedit sed non velit numquam molestias. Non repellat ipsa laboriosam quos molestiae.',0,0,'1996-11-05 17:16:37'),(355,48,23,'Omnis natus voluptas molestiae et. Sequi consequuntur consequuntur vero sunt nihil sapiente veritatis. Reiciendis illo esse nobis natus dolore.',1,0,'1986-03-17 20:13:01'),(356,68,72,'Numquam neque quia voluptas quis reprehenderit eum. Est amet beatae quo eum est aspernatur saepe quasi. Quia hic provident et et sed ipsum commodi.',0,1,'2014-06-14 11:28:24'),(357,57,66,'Enim rerum nulla dolorum dolorem debitis quas magni. Minus accusamus earum laboriosam et qui. Consequatur ipsam quo perferendis voluptas iusto nostrum nostrum vel. Labore delectus dolorem consequatur eligendi animi mollitia aspernatur vero.',0,0,'1982-12-10 00:53:20'),(358,58,91,'Repudiandae iste facilis ipsa veniam. Numquam est at minus aliquam ut unde ut. Qui incidunt rerum quia aliquid sint qui et aliquam. Et nobis fuga voluptatem neque eius autem facilis.',1,1,'2007-10-02 01:09:57'),(359,83,39,'Est aut nam nostrum et aut et qui non. Non ipsam qui totam quod. Sequi et cupiditate voluptates expedita velit accusamus.',0,1,'1996-07-02 04:39:38'),(360,44,6,'Repellat qui non ea. Veniam ratione quis vel eligendi qui temporibus optio. Qui quia reprehenderit blanditiis aliquam et voluptates et.',1,1,'2004-04-19 07:47:35'),(361,96,62,'Natus accusantium sed beatae expedita reprehenderit. Libero fugit deserunt aliquam. Reiciendis veniam illum impedit totam doloremque.',0,1,'2003-08-06 22:51:32'),(362,20,15,'Aperiam enim molestiae facere repudiandae. Nihil dignissimos dolor enim dolorem tenetur velit. Similique dolor qui et voluptate perspiciatis et id.',1,1,'1996-07-22 15:32:06'),(363,13,21,'Illo perferendis inventore ut sit suscipit ipsa mollitia nihil. Nesciunt corrupti asperiores quo id aut dolores sint.',1,0,'1985-04-17 11:46:30'),(364,63,52,'Sunt quo quidem fugiat et. Nemo sed commodi omnis et omnis ullam velit in. Sunt perferendis maiores suscipit ullam maiores quaerat facere. Odit et explicabo aspernatur consectetur.',0,1,'1985-08-28 08:42:14'),(365,73,6,'Est in veniam dolores laborum. Officia eum quas quae non illo vero ex voluptatem. Harum aut corporis eum qui quia. Maxime iure ut minima qui molestias commodi.',1,0,'1989-07-19 08:13:45'),(366,11,37,'Sequi non et quis molestiae illum error sit. Cum molestiae et molestias veniam temporibus doloribus. Laudantium aut consequatur assumenda. Amet beatae aut sed sint sed sit et vel.',1,0,'2015-03-14 23:45:39'),(367,52,49,'Aut ex et maxime neque eum aut. Illum qui est velit magnam ea debitis. Architecto possimus velit voluptatem.',1,0,'1989-08-29 08:45:27'),(368,89,96,'In et consequatur tenetur. Et consequuntur minima ut. Non necessitatibus dolorum enim provident est. Et sunt aut vitae inventore error.',1,0,'1999-02-10 04:45:25'),(369,14,80,'Odio officiis delectus eum qui nam expedita fugiat quisquam. Qui ipsam labore quo voluptatem. Ipsam voluptatum consequatur beatae pariatur voluptas quia. Ut molestiae laudantium doloremque voluptatem ipsam distinctio.',0,1,'1976-08-03 08:52:15'),(370,59,52,'Ab voluptatum distinctio et beatae veritatis qui recusandae repellat. Eum ut voluptatum aut ex similique aut distinctio. Laboriosam hic velit ullam eum. Quos dicta doloremque et laudantium in.',1,0,'1993-02-27 22:29:26'),(371,85,69,'Et omnis aut qui consectetur saepe doloribus. Nobis rerum consequatur animi magni. Maiores quod similique dolores culpa nostrum dicta esse.',0,0,'1998-12-24 09:03:59'),(372,87,28,'Et omnis officia voluptatem aut totam. Exercitationem omnis facilis saepe quos quia. Cupiditate corrupti in harum eaque et. Porro possimus et cum eveniet.',0,1,'1993-10-06 23:44:29'),(373,81,18,'Quia corporis ut ut ut quae debitis doloremque est. Non ratione consequuntur laborum aut repudiandae nihil tenetur non. Fugiat sint dolor consequatur est. Nostrum quos aut optio dolor accusantium est.',0,0,'1982-11-26 11:57:38'),(374,48,85,'Quis officia dolore ex ex sequi ab. Deserunt et fugiat voluptas et iste molestiae. Quos nemo vitae omnis architecto. Labore aut voluptatum dolores consequatur distinctio hic velit.',0,1,'1977-01-08 18:50:54'),(375,81,49,'Id repudiandae reprehenderit autem sed qui nam possimus. Suscipit tempore et et libero explicabo. Non ut eveniet numquam est. Explicabo quae voluptatem ex est.',1,1,'1976-08-05 07:39:39'),(376,1,56,'Occaecati corporis minima non et sed reprehenderit consectetur. Nihil perferendis expedita et earum.',1,1,'1986-08-26 23:03:57'),(377,77,17,'Facilis inventore ex labore soluta est. Harum cupiditate dolorem libero et dicta. Rerum omnis reiciendis aut ea ipsum et ut. In fugit odio laboriosam occaecati cum.',0,0,'2019-01-11 23:10:17'),(378,55,24,'Cupiditate sint impedit minus. Autem dolorem fugit quisquam qui laudantium et. Incidunt nobis suscipit natus deserunt doloremque deserunt. Sed a ratione est occaecati omnis provident libero.',1,0,'2017-02-20 04:04:03'),(379,55,3,'Rerum ut qui consequuntur nihil molestiae ipsum dolorem quod. Pariatur expedita quam autem natus facilis autem.',0,0,'1977-03-01 01:18:22'),(380,48,33,'Accusantium ut corporis voluptatibus voluptatem. Quidem non ut rerum dolor et molestias.',1,1,'2002-07-26 01:35:42'),(381,17,87,'Iste sed iusto at et harum. Facere explicabo ipsum dolor. Veritatis aut laborum dicta.',1,1,'1974-11-24 18:55:58'),(382,83,54,'Dolorum occaecati sint incidunt nulla facilis. Ut provident officia magnam iure et impedit veniam. At at impedit sit vel vitae quos.',1,0,'1983-09-01 17:51:05'),(383,19,32,'Nihil voluptatem quidem voluptas consequatur optio. Accusamus quo nostrum autem vel a quia dicta. Ullam voluptatem eius laudantium sit. Aut soluta atque voluptatem harum.',0,0,'1986-03-13 03:06:36'),(384,4,25,'Vero qui laboriosam qui asperiores pariatur dolor. Libero officiis voluptatem et non placeat sit. Consequatur aut blanditiis rem accusamus aut.',0,0,'1981-10-28 10:26:13'),(385,10,74,'In voluptatem maxime dicta in minus eos reiciendis. Eum sit officiis vel quia ad velit doloremque. Eos fugiat commodi id quas accusamus corporis reiciendis iste. Qui suscipit corrupti incidunt officia et praesentium qui. Odio autem est perspiciatis tenetur.',1,0,'1990-10-23 13:59:46'),(386,42,85,'Et corporis et esse nostrum quia repellendus. Omnis et quidem tempora dolorum. Qui voluptatem rerum placeat soluta aperiam eum eaque.',0,1,'1994-04-12 23:04:49'),(387,99,40,'Et libero aut quidem ut esse. Delectus quo rerum pariatur quo. Officiis ut dolorem ut amet et dolorum nihil. Nobis amet delectus facilis repellat natus.',1,1,'1995-04-24 23:50:51'),(388,3,92,'Dolores ab temporibus aut voluptas officia doloremque sit. Consequatur explicabo eaque dolore quasi. Et autem aliquam temporibus inventore. Quae quia sapiente impedit voluptates deleniti maiores vel.',1,1,'1973-05-02 23:08:45'),(389,54,91,'Quos molestiae exercitationem ab sit. Sint occaecati laborum error recusandae ab sed ducimus. Fugit laboriosam sunt rerum voluptates.',0,1,'1980-11-28 23:57:58'),(390,95,99,'Aut veniam excepturi libero cupiditate. Dolor fugiat est enim nostrum quasi consequatur quia. Autem aliquid itaque cupiditate ut molestias. Voluptates voluptas vel cumque quia provident et rerum.',0,0,'1991-03-22 13:24:43'),(391,12,60,'Magni et sit velit reprehenderit et harum hic perferendis. Vitae rerum adipisci velit sit eveniet. Quia officiis autem velit voluptas dolorem assumenda.',1,0,'1999-01-30 23:19:54'),(392,63,36,'Fugiat quas blanditiis est consequuntur omnis quos adipisci. Beatae dolores non occaecati voluptatem. Odit ex culpa ex quis dicta. Aliquam et inventore veritatis facilis.',0,1,'1989-07-31 08:37:53'),(393,88,34,'Voluptatem nihil doloribus quasi veritatis sint eveniet. Atque perspiciatis non debitis nisi. Veritatis vel autem dignissimos impedit. Libero et nemo hic provident.',0,1,'2005-04-17 05:34:44'),(394,7,29,'Eligendi ut et et enim aperiam sit. Ut dolorem perferendis vero aut consectetur excepturi.',0,0,'2015-06-25 10:55:08'),(395,26,43,'Neque exercitationem aliquam aliquid. Soluta animi consequuntur velit odio quod. Est quia dolorem rerum et hic magni sequi qui.',0,0,'1996-08-19 00:26:51'),(396,37,54,'Dolor est impedit ad aut consequatur totam nostrum. Et sed quas aut omnis alias. Perferendis minus vel voluptate voluptatem placeat.',0,0,'2006-05-16 21:17:19'),(397,58,26,'Sapiente animi tenetur voluptatem aut. Neque ea alias earum consequatur velit reprehenderit. Illum vel aut fugit iusto voluptatum. Ex est consequatur quasi est aut aut vel vel. Nemo quidem rerum numquam voluptas esse aut quibusdam.',1,1,'1987-07-24 21:06:04'),(398,58,13,'Et aut in impedit aliquid minus ut ea. Vero esse eaque ipsam atque sed inventore perspiciatis. Id accusamus molestiae dolore cum natus facilis veritatis.',0,1,'1988-08-26 10:01:57'),(399,87,98,'Quaerat et et architecto inventore et. Ut quis voluptate nostrum quod fugiat. Et laboriosam amet quibusdam sit explicabo qui nihil. Illo sint ut sint nesciunt sapiente inventore.',1,1,'1988-01-07 20:11:25'),(400,26,38,'Est et rerum omnis nobis neque cumque sint. Molestias quia tempore eos eius magnam qui. Eos eaque saepe quos est quisquam voluptatum pariatur. Ducimus voluptatem est autem eum asperiores placeat.',1,1,'1994-10-11 14:17:40'),(401,10,35,'Dolorem debitis nemo et dolorum nesciunt porro. Alias ut incidunt reprehenderit et tempora quia qui nemo. Tenetur recusandae impedit cum velit maiores qui. Fuga rerum atque harum aut ab consequatur.',1,0,'1984-12-16 01:58:48'),(402,44,14,'Et dolorem rem quas ipsa dicta numquam quis. Minus voluptatem asperiores omnis eius eos dolor veniam ea. Aliquam est esse aspernatur.',0,0,'1973-06-18 06:04:35'),(403,40,58,'Adipisci magnam culpa omnis repellendus voluptate. Sed et esse aperiam illo sed maxime sint hic. Aut voluptate est suscipit eum sint aut maiores.',0,0,'2003-01-30 10:38:13'),(404,67,62,'Enim et cupiditate inventore repudiandae asperiores rerum architecto officia. Harum ducimus tempore eos nulla. Ut eveniet vitae et et. Voluptas corrupti cum voluptatem recusandae tempore magnam.',0,1,'1972-05-22 14:12:31'),(405,8,52,'Error iure aliquid placeat quo nulla earum nam id. Alias illo quia placeat voluptas maxime. Nulla sed libero ipsam et explicabo qui culpa est.',0,1,'2003-03-13 19:28:16'),(406,36,22,'Sint qui velit nam nesciunt ut. Aliquam ut amet temporibus sed. Possimus nisi praesentium nulla hic.',1,1,'1973-07-06 04:37:24'),(407,2,46,'Accusamus placeat unde animi ut. Ut et consequatur fugit vel velit deleniti sequi alias. Animi qui est quisquam quo.',0,0,'1994-01-23 10:57:39'),(408,21,69,'Sint inventore a nulla cum doloremque optio quasi. Qui maiores impedit quo sed culpa non rem. Quisquam consequuntur minus velit et dolorem quae quo enim.',1,1,'1971-10-22 01:12:19'),(409,80,93,'Nisi nesciunt consequatur consequatur reprehenderit voluptate iusto temporibus. Nam minus et nihil non mollitia et rerum asperiores. Accusantium cumque aut nam eligendi maiores quis ex. Dolores quasi qui sit et. Odio ut iusto impedit libero tempore laudantium tenetur.',1,1,'1983-07-31 17:00:27'),(410,26,50,'Necessitatibus consequuntur error ex. Omnis ex harum illum sint aut incidunt repellat enim. Id et magni molestiae et cum aliquam.',1,1,'1989-07-19 05:11:52'),(411,70,98,'Facere dolorem accusamus beatae aspernatur expedita accusamus nam. Quis fugit eveniet quis. Possimus reprehenderit veritatis incidunt nostrum et dolores magnam. Id aut sed omnis qui soluta ea similique.',0,0,'1996-03-03 12:40:34'),(412,83,17,'Explicabo dignissimos in laudantium qui. Tempore eaque corrupti provident nostrum.',0,1,'2018-03-01 20:35:18'),(413,38,40,'Harum ipsum laudantium itaque. Nisi velit voluptas fugit nihil molestiae. Saepe dolorum adipisci repellat quasi debitis non repellendus aspernatur. Similique dolorum nesciunt aut recusandae.',1,1,'1999-09-02 05:16:47'),(414,82,92,'Sunt dolor dolorem aut qui quas aut. Eveniet voluptates autem fugit placeat quisquam libero. Dolor provident repellat et pariatur eos quod qui. Quos repellat qui saepe aspernatur voluptatibus.',1,1,'2001-12-14 18:52:54'),(415,14,91,'Maiores necessitatibus molestias voluptatem architecto reprehenderit explicabo. Voluptatum unde rerum rem totam amet. Odit perferendis repellendus ut voluptatem laborum in dolore. Officia nemo ex harum maiores placeat vel et.',1,0,'1999-07-24 22:09:36'),(416,14,95,'Nesciunt et quasi est sed velit ratione. In corporis molestiae id impedit eius velit officiis. Reiciendis soluta eveniet beatae saepe. Accusantium tempore odio ut enim consequatur officia.',0,1,'2004-02-25 21:55:04'),(417,34,84,'Nesciunt recusandae et incidunt est omnis laudantium eligendi velit. Eaque quia quis et natus aut voluptatibus. Aut quia eos facilis. Atque a in odit.',0,1,'1992-12-01 07:46:39'),(418,17,33,'Tempora quis omnis quo quae est necessitatibus excepturi. Ut et non libero est et pariatur iste. Praesentium aut temporibus facilis reiciendis. Sed hic cum illo.',1,1,'2010-07-31 17:53:34'),(419,12,60,'Numquam inventore voluptatem et fuga sit dolores facilis. Et iure quia blanditiis fuga et necessitatibus. Magnam voluptatum impedit omnis ad maiores. Quidem et in itaque magni quis neque tenetur. Eos non occaecati omnis praesentium labore ipsa.',1,0,'2019-05-24 14:23:07'),(420,64,39,'A fuga sit quo ex. Sunt assumenda maxime assumenda quidem et consequuntur sint sed. Voluptas totam quo officiis repellendus non in possimus beatae. Nobis fugit eum dolores est.',0,1,'2007-09-20 11:37:42'),(421,1,90,'Qui alias ad nostrum sed quasi sit. Deleniti enim dicta et ut veritatis voluptatem animi. Error molestias et non suscipit dolorem ratione quia.',0,1,'1985-05-16 08:38:59'),(422,48,66,'Quo error facilis laboriosam sit eos. Molestias voluptatem in aut ad dignissimos fuga. Cupiditate quae et rem doloremque ea quibusdam in.',1,0,'1977-03-28 02:40:51'),(423,88,42,'Aut incidunt qui velit. Non eius velit provident sit sunt voluptates.',1,1,'2000-01-05 07:58:18'),(424,44,94,'Rerum deserunt ipsum fugit dolor sunt distinctio. Qui sed aut eum qui iusto omnis cumque. Consectetur sed distinctio dolores doloremque debitis tempore.',1,0,'1996-05-08 03:01:12'),(425,37,1,'Qui repellat magnam ut explicabo eius laboriosam excepturi ut. Et sed architecto sed consectetur distinctio culpa ipsam. Dolores dolore itaque assumenda quisquam ea. Alias ab enim ratione cupiditate voluptate.',0,0,'2012-03-20 03:38:01'),(426,94,68,'Eum dolorem eum qui quo qui rerum qui. Esse perspiciatis ut labore. Fuga nihil tempora hic quam omnis sapiente. Natus modi id neque omnis.',0,1,'1984-08-30 16:52:28'),(427,59,87,'Nulla voluptatum sit ut doloribus quaerat sint voluptatem. Velit est vitae inventore tempore. Sed omnis voluptas ipsum voluptates consectetur commodi quo. Deleniti perferendis repellat nihil quo non ad repudiandae.',1,1,'2017-04-30 19:57:30'),(428,61,40,'Nemo rerum sed est iste omnis eum enim mollitia. Ab vero distinctio alias fuga. Tenetur voluptatem voluptatibus impedit quis voluptas et aut. Reprehenderit voluptatem eum saepe autem voluptas.',1,0,'2009-01-27 23:39:30'),(429,18,71,'Beatae perspiciatis natus corporis tempora aut. Fugiat veniam impedit corporis fugiat. Autem in eos maiores id.',1,1,'1979-01-19 17:30:34'),(430,99,81,'Pariatur illo pariatur corporis illum delectus similique omnis. Rerum nostrum aspernatur saepe qui. Nobis dolores sed tempora mollitia sit qui et harum.',0,0,'2007-08-02 20:18:00'),(431,9,100,'Et assumenda ad amet ut architecto assumenda. Id sed vero et itaque. Consequatur maxime tenetur consequuntur omnis.',0,0,'2018-03-17 06:11:21'),(432,71,57,'Pariatur et placeat reprehenderit non molestias vel. Dicta ratione quam et sed quam alias. Iure voluptate quo aut quisquam.',0,0,'1999-05-17 17:46:25'),(433,70,80,'Voluptate explicabo corrupti et sed et ea. Ipsum ex rem nobis ut sunt qui.',1,0,'1990-10-14 13:31:37'),(434,88,100,'Atque consectetur qui possimus tempore quos et. Error voluptates maxime earum labore. Mollitia voluptate repellat eligendi laudantium consequatur. Voluptas quia quam voluptatem quae molestiae similique est.',1,1,'1995-06-11 14:04:18'),(435,34,71,'Et velit ad deserunt. Ut explicabo et necessitatibus ut.',0,0,'2015-08-26 21:37:10'),(436,51,42,'Aut omnis sunt velit molestiae. Cum dolores iusto sed enim ipsam.',1,0,'2018-11-20 07:14:18'),(437,58,65,'Molestiae enim impedit saepe cum iure est. Esse est accusantium ut.',1,1,'2016-12-19 10:47:28'),(438,48,44,'Aut aut odio non veritatis. Ad culpa consequatur sit quae alias. Iure dolore omnis error. Consequuntur maiores qui laboriosam cum repellat.',1,1,'2005-09-29 13:55:28'),(439,76,48,'Dolor modi nostrum minus saepe ut iste. Culpa facere molestiae enim officia eius voluptas. Nam vitae earum nulla iure et quo. Corrupti minima id sequi error ullam fugit aperiam.',1,0,'2012-01-29 18:59:26'),(440,11,11,'Soluta voluptatum placeat vel optio. Minima molestiae saepe consectetur est exercitationem nemo dolores minima. Cumque eum rem ea consequatur.',0,0,'1970-04-04 10:24:40'),(441,21,73,'Voluptate laborum laboriosam et et cum. Voluptas aperiam aspernatur nemo. Sapiente dolorem atque ipsam vitae architecto tenetur ut. Dolorum voluptates harum nemo consequuntur voluptatem.',1,0,'1987-07-29 11:39:05'),(442,99,78,'Est quia aut quibusdam. Et sit et quasi sed.',0,0,'1971-11-30 04:45:48'),(443,92,27,'Totam consectetur voluptas voluptatem qui ut quia. Dolorem qui ut animi odio dicta enim. Incidunt illum unde nam ipsam earum fuga atque.',0,0,'2016-09-05 21:15:34'),(444,58,6,'Est ea autem tenetur culpa nobis cum sit harum. Quisquam voluptas aspernatur facilis et tempora eos at. Ut fugiat et impedit adipisci.',1,1,'1978-03-07 15:02:50'),(445,58,70,'Quia molestiae dolorem beatae aut provident quis aut veniam. Magni et aut nemo laborum doloremque molestias. Accusantium est beatae tenetur dolores ut. Ut impedit ad deserunt fuga voluptatibus.',0,0,'1999-01-30 17:51:41'),(446,77,74,'Eos nihil velit quisquam debitis qui. Consequuntur explicabo sed libero ducimus nihil eligendi. Quis est eum debitis natus dolore voluptas. Aliquam velit odio et aut illum consequatur.',0,0,'2018-04-12 10:42:11'),(447,40,77,'Dolore eius facilis voluptas sequi consequatur ut. Ratione nostrum repellat non quod magni eligendi. Mollitia ullam id deleniti vel. Voluptas aut ullam consequuntur ea distinctio omnis.',1,0,'2000-04-03 18:48:39'),(448,65,93,'Et et sint qui illum dolores nobis. Non quia molestias aliquam recusandae aut. Adipisci eos et consectetur est.',1,1,'1981-10-08 02:49:01'),(449,71,74,'Nostrum nihil ut beatae qui. Numquam a dolores qui voluptas soluta praesentium.',1,1,'2004-04-10 10:35:12'),(450,56,57,'Alias et nulla nihil. Eaque commodi quaerat id recusandae vel. Et nesciunt at ex culpa nobis.',0,1,'2004-10-04 17:05:12'),(451,16,9,'Rerum explicabo illo et animi dolores qui. Consequuntur corrupti illo rem blanditiis magnam aut. Omnis porro magni blanditiis molestiae nobis adipisci maxime.',1,1,'1970-06-27 21:14:04'),(452,99,64,'Quo dolorem mollitia veniam itaque molestiae quidem officia. Rerum nemo facilis qui at sed. Debitis quos saepe asperiores provident deleniti rerum.',0,1,'1998-02-09 02:44:19'),(453,25,32,'Voluptate nam eveniet minus blanditiis enim eaque eos. Odio eligendi aut animi. Qui dolorem quia ut sequi omnis asperiores.',1,0,'2010-03-28 02:07:04'),(454,86,32,'Non deserunt officiis a possimus sed. Et modi vel amet aliquam rem blanditiis. Fugit inventore quo repellat laboriosam omnis.',1,1,'2012-05-07 07:08:55'),(455,3,18,'Hic nam quia alias animi labore autem. Quod ab non reprehenderit nulla non. Et minus tenetur distinctio sed neque quia. Officia asperiores perferendis quia hic eius aut et.',0,0,'2008-02-13 07:28:48'),(456,80,45,'Voluptas dolores qui dolorum sapiente iusto ut. Omnis odio aspernatur explicabo minima nulla aliquid est. Non provident laboriosam qui sit.',0,1,'1998-01-16 19:24:58'),(457,87,97,'Quibusdam dolores repudiandae sed ut accusantium earum mollitia ratione. Animi architecto hic sit nesciunt ipsum. Rem quibusdam non quis. Dicta autem illum unde.',0,1,'1993-12-16 17:15:36'),(458,25,32,'Iste sed quia corporis dolorem soluta. Necessitatibus soluta perferendis ea pariatur aut est autem. Facilis nesciunt necessitatibus pariatur id.',0,0,'1970-05-30 01:34:42'),(459,86,32,'Ducimus consequuntur nisi quia dolores voluptatibus tempore praesentium. Error aut omnis temporibus officia assumenda assumenda. Ut pariatur doloribus pariatur quis facilis cupiditate.',1,0,'1995-02-05 22:35:41'),(460,4,23,'Quaerat fugit porro distinctio enim ullam non velit. Nulla magnam natus optio. Laudantium dolores consequatur facere dolores eius culpa non aliquid. Qui deleniti consequatur qui eius.',1,1,'1974-12-21 17:55:02'),(461,3,46,'Saepe consequatur in cum esse maxime. Repellat nisi iste et. Nulla voluptas fugit est in voluptate dolor. Sit fugiat enim dicta labore et sunt quo. Dolor maiores suscipit vel qui.',1,1,'1983-08-10 12:23:31'),(462,18,52,'Quaerat nihil culpa id. Nulla qui molestiae commodi dolor.',1,0,'2010-02-11 19:07:31'),(463,6,73,'Aspernatur qui placeat soluta repudiandae architecto dolores iure. Quod consequuntur dolor alias repudiandae asperiores minima. Aut aperiam quos numquam dolore.',0,1,'1987-02-03 19:48:04'),(464,48,18,'Aut qui totam recusandae fugiat voluptate dolorem quia. Et tempore explicabo aut consequatur. Earum accusantium ratione dignissimos est ipsam. Excepturi sed qui et et cum.',0,0,'1982-02-06 05:24:58'),(465,49,88,'Fugiat sequi eum nobis sequi nihil. Nobis ipsa aut explicabo quia. Est quos molestiae consequatur ut voluptatem excepturi.',0,0,'1990-06-09 11:30:22'),(466,93,1,'Et totam et eum. Autem itaque vel nihil qui consectetur vitae. Et sit dicta mollitia sapiente quis quia veritatis. Aperiam ab quidem minima ex dolor perspiciatis.',1,1,'1999-05-29 13:07:18'),(467,25,21,'Tempore blanditiis autem in quaerat necessitatibus. Optio in minus voluptatum excepturi. Consequatur et eaque ipsum tempore.',1,0,'2000-04-24 10:46:15'),(468,30,84,'Facere dolore rerum perspiciatis laudantium ullam sit dolores. Velit labore qui temporibus in vitae delectus aliquam. Blanditiis aut dolorem aut laboriosam corporis dolores. Et sint aut voluptatem et quasi dolor aliquam rerum.',0,1,'1987-01-05 04:32:39'),(469,33,12,'Temporibus voluptatem exercitationem ad pariatur. Omnis ut nisi harum cupiditate ea voluptates. Velit reiciendis autem est ad fuga rerum. Voluptate corrupti sint vel in.',0,1,'2011-09-06 06:04:25'),(470,61,68,'Vel nobis voluptatem corporis veniam dicta. Dolor iste magni accusamus tempore ex iusto. Temporibus assumenda quam nam quo deleniti sed praesentium.',1,1,'2012-12-07 21:34:41'),(471,56,74,'Quas accusamus excepturi amet similique rerum sed. Numquam provident eos quia sed magnam et libero. Quo numquam aut voluptatem voluptatem minus aliquid doloremque. Laudantium facilis reprehenderit saepe.',1,1,'1970-04-01 06:06:58'),(472,4,95,'Numquam rerum officia maxime est aliquam. Blanditiis earum aut nesciunt a. Sapiente aliquam voluptatem aut.',0,0,'1976-02-15 00:02:07'),(473,62,27,'Quis quibusdam et et culpa minus et. Laborum aspernatur blanditiis doloribus. Id suscipit et nihil quia hic voluptatem. Eius rerum dolore quidem repellat aut sit.',1,1,'1991-09-26 13:26:38'),(474,49,64,'Consequatur beatae eaque ut impedit debitis nostrum. Omnis distinctio ipsam excepturi voluptatum adipisci rerum. Sit aperiam saepe iure.',0,1,'1974-07-26 01:58:27'),(475,70,61,'Nostrum nesciunt aliquid excepturi ducimus est neque deserunt. Nihil hic ea odio suscipit nam. Culpa vitae qui in quibusdam quibusdam. Est qui ea et ratione voluptate saepe enim nostrum.',1,1,'1996-02-25 03:20:21'),(476,91,72,'Debitis velit odio aliquid et voluptatem aperiam odio. Aut voluptatem autem hic eum. Officiis nesciunt maiores sapiente corporis quisquam animi.',0,0,'2006-01-23 13:56:33'),(477,88,22,'Libero nisi omnis doloremque molestiae et magni. Sequi cupiditate debitis dolorum quam consectetur molestiae. Non quia provident nemo. Pariatur ipsum consequuntur est voluptatem.',0,0,'1991-03-04 14:04:29'),(478,44,56,'Enim dolores dolor sed repudiandae et. Id eos accusamus neque harum id molestiae. Quia doloremque doloremque voluptatum quia et expedita. Rerum magni inventore beatae quo in deleniti.',1,0,'2018-09-04 06:37:24'),(479,46,61,'Sed quasi dolores est illum. A laborum incidunt voluptas numquam exercitationem delectus nostrum ut. Deleniti minima enim fuga voluptatum est saepe. In est est illo culpa iusto voluptas aut.',0,0,'2013-05-15 09:39:17'),(480,68,55,'Enim sapiente ut architecto laudantium. Ratione fugiat ut cupiditate aliquam. Et cupiditate enim blanditiis aliquam recusandae odio. Enim delectus molestiae voluptatum odio eum facilis.',0,0,'1988-03-29 21:26:00'),(481,72,95,'Enim modi enim quo maxime. Similique dolorum minima quidem sed omnis laborum. Aut eos ea temporibus totam voluptates ut. Rerum omnis iusto qui aut. Quam est est a qui vero est sit necessitatibus.',0,1,'2019-10-14 17:59:44'),(482,56,97,'In quae voluptates odit modi aut ipsam. Repudiandae sit aut non vero neque illum hic. Explicabo aut cumque odio rerum tempora neque.',1,0,'2011-01-22 03:11:42'),(483,14,82,'Asperiores et quae voluptas. Ducimus pariatur omnis incidunt nihil. Error aspernatur harum excepturi vel omnis dolores. Quisquam at corporis veniam labore commodi.',0,0,'1979-03-14 21:16:49'),(484,64,75,'Libero vel perspiciatis harum voluptas doloremque totam. Assumenda corrupti quas omnis soluta sequi vitae deleniti. A saepe fugiat rerum non debitis.',1,0,'1990-07-14 10:09:28'),(485,81,81,'Asperiores nisi sunt eligendi nulla. Temporibus enim eum velit laborum unde deleniti. Doloremque cum blanditiis quod porro sed incidunt velit libero.',1,0,'1996-07-20 05:58:57'),(486,62,68,'Id deserunt esse vitae et asperiores atque. Facere laboriosam omnis minus. Inventore mollitia vero ut omnis. Culpa fugiat itaque ea voluptas velit vel.',0,1,'2000-10-27 08:19:44'),(487,52,53,'Cum non laborum eius dignissimos placeat sit aliquid. Aut quibusdam sequi cum voluptas dolor a voluptatem. Aliquam error placeat distinctio voluptatibus sint deserunt. Sed esse deleniti aperiam aspernatur.',0,0,'1997-12-01 14:33:35'),(488,12,100,'Necessitatibus voluptates ducimus explicabo sunt. Sequi distinctio distinctio qui aut sit debitis occaecati deleniti. Ipsum et possimus facilis porro eos et occaecati. Rem quia et id sed.',0,1,'2011-05-23 16:39:16'),(489,65,21,'Quo voluptatem omnis quam cum molestiae cupiditate ab. Aperiam voluptates omnis deserunt deserunt voluptatem et at.',1,0,'1992-12-22 07:29:13'),(490,13,99,'Unde sit maxime non libero quod. Quia non sit quae quas maxime. Et sint architecto odit placeat architecto. Rerum ex quidem repudiandae.',0,1,'1974-05-26 12:48:13'),(491,58,92,'Minus quo illo consequuntur fugit sit autem. Quam nemo optio ipsam qui et enim ipsa laboriosam. Ea ea veniam ut. Magni sint dignissimos quo velit alias.',0,1,'2009-01-12 12:35:05'),(492,84,45,'Labore tempora veniam facere vitae corporis ut. Rem provident quasi aliquid. Omnis aliquam asperiores veritatis tenetur. Ullam iusto dolorum fuga nam harum.',0,0,'1983-06-30 00:13:08'),(493,70,16,'Similique aut earum porro atque aut. Voluptas voluptate id voluptatem impedit assumenda. Amet fugiat et vitae iure voluptates dolorum ut.',0,1,'2013-01-11 23:57:10'),(494,67,90,'Voluptatem eos necessitatibus aut est nisi rem hic. Ducimus accusamus voluptates ratione perferendis. Voluptas voluptatem eum commodi tempore repudiandae quisquam tempore. Quos eum neque suscipit distinctio.',1,1,'1978-08-05 17:29:39'),(495,47,65,'Sapiente quia id nemo ducimus cupiditate cum. Omnis cupiditate expedita velit quae. Voluptate delectus est et non aperiam ut expedita.',0,0,'2004-12-22 10:12:47'),(496,83,18,'Eum id corrupti corporis excepturi. Aut sunt maiores facere ratione molestias sed eos. Et maxime quia et in.',1,0,'1978-04-22 02:22:45'),(497,40,48,'Debitis corporis vel porro qui minus qui. Nobis aut ea veritatis voluptas. Dolores repudiandae hic aut rem repudiandae. Impedit magni adipisci reiciendis magni omnis nostrum necessitatibus.',0,0,'1994-10-21 14:29:07'),(498,19,52,'Minima est inventore quia rerum nulla mollitia. Repudiandae sit et cum et laborum sunt error reprehenderit. Voluptas consequatur omnis rerum est expedita. Tempora veritatis molestiae ipsum ut itaque.',0,1,'2009-05-07 10:52:17'),(499,99,41,'Ratione provident labore quisquam hic. Molestiae voluptas quis molestiae expedita qui. Omnis omnis necessitatibus architecto fugit. Dolorem ut nihil eveniet laudantium.',0,1,'2001-05-01 11:21:17'),(500,9,19,'Ducimus laborum unde magnam saepe molestiae quod porro. Voluptatem qui nam qui sint adipisci. Qui nihil corporis tempore alias et placeat harum sequi.',0,0,'1984-07-08 00:45:24');
/*!40000 ALTER TABLE `messages` ENABLE KEYS */;
UNLOCK TABLES;

--
-- Table structure for table `posts`
--

DROP TABLE IF EXISTS `posts`;
/*!40101 SET @saved_cs_client     = @@character_set_client */;
/*!50503 SET character_set_client = utf8mb4 */;
CREATE TABLE `posts` (
  `id` int unsigned NOT NULL AUTO_INCREMENT,
  `user_id` int unsigned NOT NULL,
  `header` varchar(255) CHARACTER SET utf8 COLLATE utf8_unicode_ci DEFAULT NULL,
  `body` text CHARACTER SET utf8 COLLATE utf8_unicode_ci NOT NULL,
  `media_id` int unsigned DEFAULT NULL,
  `created_at` datetime DEFAULT CURRENT_TIMESTAMP,
  `updated_at` datetime DEFAULT CURRENT_TIMESTAMP ON UPDATE CURRENT_TIMESTAMP,
  PRIMARY KEY (`id`)
) ENGINE=InnoDB AUTO_INCREMENT=101 DEFAULT CHARSET=utf8mb4 COLLATE=utf8mb4_0900_ai_ci;
/*!40101 SET character_set_client = @saved_cs_client */;

--
-- Dumping data for table `posts`
--

LOCK TABLES `posts` WRITE;
/*!40000 ALTER TABLE `posts` DISABLE KEYS */;
INSERT INTO `posts` VALUES (1,1,'Sed quasi natus aperiam veritatis.','Id ratione dolores dolor nemo possimus aliquid. Culpa ut animi magnam enim eligendi quasi exercitationem veritatis. Magni exercitationem nisi est aperiam odio quasi molestiae.',0,'1982-10-09 00:46:04','1970-07-07 18:45:09'),(2,2,'Qui dolore sunt perferendis et sed sequi ullam.','Similique ut dignissimos debitis ea alias a. Ut nesciunt corporis quos nulla architecto. Temporibus nihil nemo cum cupiditate. Quasi quibusdam perferendis est molestias perferendis sint.',0,'1990-11-03 00:51:44','1986-01-30 21:03:14'),(3,3,'Est optio dolorum molestias doloribus incidunt incidunt.','Doloribus voluptatibus adipisci doloribus qui voluptatem quia. Vero veritatis ducimus voluptatibus amet accusamus ipsam. Ut dolorum sint asperiores odio.',0,'1997-12-18 02:43:47','1976-01-06 09:46:48'),(4,4,'In magnam nulla ipsam.','Ex eos sapiente veritatis doloribus aut excepturi dolores ratione. Odit aliquid quo illo soluta veniam cum ipsam et. Quaerat et cumque aspernatur corporis sit.',0,'2001-05-01 02:01:32','2008-09-30 04:28:08'),(5,2,'Nam debitis dolorem perspiciatis doloribus voluptatem modi tenetur.','Quod tempore necessitatibus ex non harum accusamus consequatur. Non odit molestiae earum velit et earum ullam. Occaecati officia itaque est et vero commodi beatae. Quas aut nemo vel labore eos modi.',0,'1995-10-19 18:55:30','2006-08-04 18:48:57'),(6,2,'Sunt impedit et atque quo numquam sit et.','Sunt distinctio facere omnis saepe ea. Nulla molestiae modi dignissimos quis. Recusandae sed ut eligendi commodi nam.',0,'2001-01-20 03:15:42','1995-08-15 18:52:46'),(7,1,'Molestias velit voluptas corrupti in repudiandae.','Unde excepturi accusantium illo neque rerum velit quae. Beatae enim qui cum architecto cum illo. Quae tenetur perspiciatis maxime magni dolor voluptatem.',0,'1979-11-12 05:21:16','1973-11-06 20:19:26'),(8,4,'Ut tempore et ea laboriosam voluptatum commodi non et.','Illo molestias ut labore consectetur exercitationem. Aut praesentium fugiat laudantium ut quia dolorum aspernatur. Tenetur eius omnis et pariatur. Non quisquam nam et fugiat sed ipsam. Voluptates sit et dolores error doloribus ipsam consequatur.',0,'1983-04-22 07:30:29','2017-01-19 20:27:45'),(9,3,'Pariatur dolorem aut ut quia qui et.','Fugiat hic a voluptatem distinctio dolores voluptatem. Veniam dolores et assumenda fugit perferendis. Porro nihil qui delectus.',0,'1989-04-18 02:09:04','1997-03-25 02:07:34'),(10,8,'Sint aut nostrum quasi hic aut.','Adipisci id necessitatibus placeat saepe quo quisquam. Voluptatem ducimus et ut veniam. Libero sapiente iure aut vel aperiam ad asperiores labore.',0,'2001-10-21 14:29:10','2009-09-14 18:34:49'),(11,8,'Aliquid molestiae minima repellat atque quidem.','Laborum et cum illo qui pariatur eum quos. Maiores nesciunt est quis odio. Sint eaque sequi quaerat beatae. Similique dolorum quis dolores.',0,'2010-05-09 17:37:25','1971-03-25 05:57:08'),(12,9,'Et est architecto atque dolor voluptatibus magnam modi.','Quidem voluptas aut temporibus sequi. Quia quia reiciendis culpa enim. Non possimus dicta aut laudantium. Fuga atque tenetur deserunt expedita hic labore ipsam.',0,'1984-01-20 23:10:24','1973-02-24 07:43:26'),(13,7,'Necessitatibus consequatur sint iure mollitia rem ratione sequi.','Nemo quasi eveniet ex voluptatem magnam. Beatae aut nulla distinctio. Odit itaque sequi facilis delectus corporis suscipit voluptatem illo. Delectus numquam illo et eius eius repellendus.',0,'2016-03-23 04:58:03','1983-09-15 06:22:09'),(14,1,'Cum et quasi illum doloremque repudiandae maiores quod quidem.','Dignissimos libero eum quis laborum ut. Amet sed quos ut dignissimos dolorum. Esse cumque quia asperiores voluptas aperiam.',0,'1999-02-04 02:33:10','1970-06-23 18:48:36'),(15,9,'Facilis sunt libero voluptas in.','Aut dolor dolores voluptatibus rerum dicta nesciunt mollitia. Dolor molestiae rerum rerum vel illum modi et. Odit ipsa aperiam autem et ea. Dolor dolores architecto voluptas.',0,'1994-11-20 16:33:47','1978-07-06 00:41:00'),(16,7,'Et ut fuga vel dolores voluptatibus.','Qui molestias numquam eos et et. Qui consequatur nostrum consequatur consequuntur vel soluta. Et reprehenderit aut ut commodi reiciendis laudantium quo.',0,'1984-05-08 22:13:36','1982-05-05 00:47:43'),(17,6,'Eos vitae vitae placeat veniam est repellat.','Corporis quod tenetur architecto animi numquam laboriosam. Dicta mollitia recusandae labore nostrum et. Occaecati aut repellendus dicta nobis temporibus.',0,'1991-11-24 22:44:40','2003-12-16 00:56:42'),(18,6,'Amet possimus ut architecto molestiae inventore quia optio.','Non vel dolor provident adipisci et odio doloremque. Nihil maiores pariatur eum amet eum rem. Vel vero quia ut inventore recusandae rem.',0,'1981-01-31 14:52:35','2015-06-14 18:01:49'),(19,4,'Commodi quidem doloremque aliquid suscipit et porro sapiente.','Cumque quia modi ex animi delectus nostrum. Modi aliquam ut et dolorum. Aut tempore porro expedita repellendus iste id minus.',0,'2012-03-24 12:03:48','1989-07-30 16:40:00'),(20,4,'Quia maiores aliquid earum id.','Ut architecto mollitia aut accusamus nostrum adipisci iure. Facilis incidunt aut magnam ea omnis aut. Ut repellat rem quas quod cumque ipsam. Qui unde itaque ut alias perferendis sed earum.',0,'2014-05-18 01:34:03','2000-04-03 08:41:47'),(21,3,'Minus impedit voluptates vitae quis ea et.','Ullam tempora sunt et incidunt. Non consequatur autem quia iste quas dignissimos unde. Id eos aut labore sunt molestias voluptatibus rerum.',0,'1986-11-09 00:47:38','1975-03-20 12:45:11'),(22,9,'Reiciendis porro hic facilis accusantium quo omnis.','Eos velit quod quasi vel commodi. Eos sapiente hic sed repellendus ipsa nobis est. Mollitia placeat voluptas iusto et eius voluptatem.',0,'1973-03-17 09:28:00','1974-02-07 05:14:49'),(23,3,'Velit praesentium inventore rerum consequatur.','Corrupti iste nulla natus in. Omnis amet voluptas commodi dolore. Et vel deserunt ut labore. Consequatur reiciendis quibusdam facilis dolorem.',0,'1993-12-19 22:58:01','1982-09-11 06:10:59'),(24,2,'Dignissimos et ut alias totam.','Quis itaque eligendi perspiciatis non laudantium. Nesciunt sed sed quis ut consequatur eligendi ad. Consequatur explicabo at vel aut ipsum. Possimus odit harum itaque dignissimos.',0,'2006-06-12 11:33:25','2019-09-14 05:58:44'),(25,7,'Incidunt nostrum dolorum eligendi numquam soluta nemo ad perspiciatis.','Sit ex voluptate quaerat. Eligendi quos dolorem aspernatur expedita. In dolorum pariatur ut natus omnis voluptatum.',0,'1985-03-04 09:43:37','1981-03-01 09:50:50'),(26,9,'Sapiente et ratione sed animi culpa ipsam deleniti.','Quia perspiciatis et quibusdam voluptas enim porro et. Non maxime recusandae omnis nihil architecto non.',0,'1997-05-08 16:52:35','1996-04-13 20:53:29'),(27,4,'Quae ut et voluptatum et non ratione natus.','Sint libero culpa dicta rerum. Quo temporibus assumenda enim quia ad repudiandae earum.',0,'2006-06-09 08:50:46','1977-08-25 00:47:55'),(28,6,'Maiores voluptas nam veritatis magni modi.','Qui rerum aut alias laboriosam. Voluptatem iste sunt odit aperiam sit in temporibus. Voluptatem veniam vero quo laboriosam ullam dicta expedita voluptatum.',0,'1974-05-10 09:51:43','2019-11-21 17:57:49'),(29,8,'Nisi laudantium totam harum illum perspiciatis cumque.','Iusto beatae consectetur maiores est non nostrum. Et sit officiis perspiciatis ut fugiat repudiandae. Aut accusamus minus deserunt qui dolores numquam. Consequatur ut rerum voluptas dolor sunt quas nulla quas.',0,'1980-12-05 07:30:02','2009-09-02 10:31:02'),(30,8,'Veniam maiores suscipit enim dolore at vitae placeat.','Corporis facilis commodi et qui laborum nisi. Rem non et est enim. Est porro eos quae consequatur voluptatibus omnis. Quos vero quia occaecati numquam et.',0,'2019-10-27 00:41:48','1975-10-25 16:29:07'),(31,5,'Beatae non optio iure ut consequatur nobis delectus natus.','Quasi qui maiores dolorum exercitationem iste. Praesentium voluptatem ut nobis assumenda eligendi. Consequatur sed voluptatem rerum quia. Corrupti illum aliquid explicabo maxime quia.',0,'1973-11-04 03:33:42','2010-06-24 23:31:46'),(32,6,'Aut enim velit porro voluptas quibusdam omnis voluptatem quas.','Accusamus sequi sint dolorem qui omnis quos. Ad eveniet illo voluptatem iste illum. Doloribus similique ut est beatae.',0,'1984-01-04 14:17:12','1988-03-24 14:00:13'),(33,7,'Rem aliquam esse vel sunt.','Repellendus aut autem sit similique dolores officiis. Repudiandae at sed provident atque. Nihil non fugiat aut neque ea consequatur rerum. Ipsum quis qui quia animi necessitatibus a. Ut qui qui repudiandae ipsum veniam quam sit.',0,'1979-05-15 03:30:49','2005-08-18 20:51:19'),(34,1,'Voluptatem molestiae consectetur ratione aut.','Aliquam sequi dolores qui aut quis at facere recusandae. Aperiam quia quae accusamus. Sint voluptatem aliquid ab sed dicta.',0,'2000-09-24 02:53:07','1994-12-14 09:57:19'),(35,8,'Porro ad quibusdam minima.','Repellendus nisi ducimus odit dolorem consequatur reprehenderit ut. Deleniti eaque et earum blanditiis quia labore. Non quidem quia praesentium animi beatae sapiente. Est et voluptatum reprehenderit inventore.',0,'1990-06-10 11:01:48','1982-12-08 03:57:24'),(36,3,'Deleniti aperiam repellat libero aut voluptas inventore.','Repudiandae id dolores ipsam voluptatem vel expedita est fugiat. Pariatur ea odit voluptas qui. Quae et officia sed expedita.',0,'1998-04-04 09:02:40','2016-04-18 08:32:24'),(37,6,'Quod repudiandae eveniet consectetur quia dolorem quos.','Praesentium aut optio veritatis ea. Accusantium eos voluptatem occaecati natus et facere totam. Saepe est enim ipsa possimus. Sed sed quia est quas sint officiis.',0,'1993-01-31 02:57:00','2007-09-09 20:27:10'),(38,8,'Architecto quidem esse est illo atque.','Deleniti rem id tempora ut est. Reiciendis veritatis recusandae aliquam et fuga aliquam voluptatem. Illo ex unde unde illum cupiditate itaque eos.',0,'1995-04-11 19:04:18','2001-08-19 08:36:21'),(39,9,'Sed et sed in labore.','Aspernatur est consequatur dolore sapiente placeat consequuntur enim ipsa. Excepturi sequi facere repellendus esse.',0,'1971-12-04 00:33:03','2011-07-28 05:20:23'),(40,9,'Cum asperiores dignissimos deserunt voluptatem.','Ea exercitationem sequi laborum qui ut. Et aut unde dolor molestias eaque. Laborum ut suscipit reiciendis ipsam.',0,'1989-02-26 00:20:23','2012-06-08 08:30:24'),(41,6,'Perferendis sit aut qui et.','Qui architecto sint blanditiis qui. Est magni eligendi nulla occaecati cum. Fugiat et ut culpa repudiandae provident sit amet necessitatibus. Porro architecto quidem cum repellendus excepturi. Fugit similique magnam odio excepturi velit enim quis.',0,'1971-11-23 01:57:07','1999-10-04 21:09:27'),(42,7,'Aut officia facere dolorem quam eligendi.','Possimus dolorem voluptatum amet. Vel dicta aperiam beatae culpa quibusdam. Mollitia veritatis est quaerat ratione.',0,'1993-03-05 23:26:50','2018-08-31 00:39:50'),(43,9,'Et nisi sunt praesentium nihil.','Sed itaque incidunt nesciunt provident voluptas atque in. Ex rerum dolorem possimus dolor. Labore eaque molestias rerum id et sit et dignissimos.',0,'1991-10-30 20:35:39','1976-12-31 06:40:39'),(44,6,'Autem pariatur velit et aut.','Error eaque et minima enim. Quidem molestiae iste blanditiis quo vel voluptas aut. Tenetur rerum qui numquam.',0,'1995-02-13 16:15:22','1977-10-05 01:52:41'),(45,8,'Qui ab animi quisquam.','Doloribus nostrum odit sunt dolor beatae blanditiis aut ut. Quidem ad rem voluptas dolores beatae ut. Qui expedita ipsam velit magni. Hic eum accusantium minima rerum adipisci. Quam in vero porro repellendus.',0,'1987-05-05 13:55:21','1981-12-23 06:29:35'),(46,1,'Molestiae harum rerum accusamus vero quas in quaerat nulla.','Magni saepe esse et quo maiores. Pariatur odio error quia rerum. Veniam aspernatur dolorum sed aut.',0,'1978-03-30 03:34:51','1974-10-26 15:24:38'),(47,4,'Ex fuga aut rerum et quasi eius nobis.','Inventore ut eveniet ut optio nihil. Perferendis sint voluptatem et porro suscipit voluptatem. Aut sapiente fugit omnis et quia blanditiis. Sint quam non aperiam impedit totam odio omnis.',0,'2011-10-22 23:35:50','1999-12-11 19:49:34'),(48,5,'Maxime quos iste nisi hic.','Ut cum quos pariatur ut similique ratione eligendi. Voluptatum cumque delectus et itaque ullam. Nihil dicta dicta dicta doloremque qui est esse. Voluptates rem id laborum nobis vitae veniam. Quis maiores necessitatibus sunt consectetur unde quae.',0,'2009-02-19 12:37:39','1979-06-10 05:04:53'),(49,9,'Magni et laborum repellendus est.','Atque animi eligendi occaecati iusto tempore libero beatae odio. Voluptate ipsa laborum nemo inventore quia laudantium fuga dignissimos. Quam fugit vitae rem eligendi est corporis ut. Aut neque soluta quia mollitia enim.',0,'2012-03-22 03:58:40','2016-01-29 01:14:26'),(50,8,'Consequuntur eos dolorum quaerat ipsum et.','Assumenda et quia rerum a odit laborum doloremque. Voluptas qui accusamus ab magnam libero aut. Earum non perspiciatis iure est ullam sit voluptatem.',0,'1980-04-21 11:50:31','2014-02-18 21:23:18'),(51,6,'Aut aut facere at odit eum.','Est accusantium et ullam quo vitae perspiciatis iure. Rerum recusandae magnam quia porro. Sapiente quas dicta vel eius accusantium et voluptas.',0,'2007-10-22 17:17:51','2009-10-07 15:30:22'),(52,6,'Dolorem ex dolorum reprehenderit rerum distinctio.','Qui reiciendis exercitationem qui molestiae ipsum est. Doloribus quos similique dolorem harum. Animi autem sit consequatur. Accusamus sed est maiores labore cum voluptatem occaecati.',0,'2003-01-31 14:27:48','2004-07-18 12:04:25'),(53,7,'Dolor architecto laudantium et nobis error et repellat.','Cupiditate id aut dignissimos esse suscipit voluptates. Repellat praesentium deserunt unde ut. Ut cumque omnis quia sed impedit consequuntur reprehenderit.',0,'1993-07-06 21:19:17','2019-01-16 23:12:42'),(54,1,'Eius non quia enim qui unde corporis aut.','Praesentium incidunt tempore et id placeat quisquam quia dicta. Necessitatibus odio delectus voluptas. Praesentium repellendus autem repudiandae error sed.',0,'1989-07-28 09:17:22','1976-07-14 20:47:39'),(55,6,'Id error suscipit ut nam.','Sit dolore odio sunt placeat. Asperiores aut beatae tempore libero magni. Quos enim officia quia inventore voluptate animi aut. Porro esse fugiat est iste et aut et.',0,'1984-01-05 01:54:07','1989-06-27 08:41:55'),(56,3,'Libero ut optio molestiae quo repellat numquam magni.','Illo asperiores doloremque consequatur sint necessitatibus voluptas minima. Esse ducimus deleniti sed. Vel id aliquid voluptatem repudiandae est officiis sit. Corporis similique reprehenderit laboriosam quasi rerum.',0,'2019-04-03 17:04:01','1990-03-22 05:50:51'),(57,2,'Quidem tempore iste et maxime minus.','Earum quo voluptas similique dolor. Quaerat deserunt eum sit. Dolor sed modi consequatur et.',0,'1973-10-13 08:04:41','1977-08-18 10:28:59'),(58,3,'Porro aperiam tenetur veritatis sunt rerum deserunt quia exercitationem.','Sit unde repellendus quia aliquam enim. Et ullam quod deleniti qui consequatur consequatur perspiciatis. Perspiciatis placeat saepe aut quae placeat voluptate.',0,'2002-01-02 10:37:27','1986-12-26 07:05:23'),(59,6,'Qui voluptas nesciunt et ad fugit quibusdam.','Illum velit dolorum autem quod natus. Dicta nihil iure laboriosam qui et in facere. Corrupti autem sit exercitationem rerum qui laudantium iste. Eum facere aut pariatur qui harum voluptas.',0,'2013-12-26 02:13:04','1996-09-27 21:35:43'),(60,2,'Nihil alias maiores sequi magni aut ducimus nostrum.','Voluptates qui quos explicabo ea et recusandae iure. Recusandae ut esse autem sunt facilis quaerat est. Commodi distinctio ut dicta. Cum earum omnis tempore ut iure dolorem.',0,'1971-04-21 10:00:10','1991-04-29 22:53:56'),(61,1,'Assumenda vel non maiores omnis quaerat autem officiis rem.','Repellat ut molestiae tenetur est non. Impedit vel pariatur qui perferendis. Occaecati praesentium id sunt atque et est. Vitae sit ducimus voluptatum est dolor eum sequi.',0,'1999-12-31 16:12:58','1970-11-29 19:18:35'),(62,6,'Voluptas deserunt vitae dolore ut.','Quam illum vel fugiat qui commodi quo. Libero et sed assumenda commodi. Dignissimos commodi qui dolores inventore iusto ipsam. Saepe veniam sit eum voluptas.',0,'1981-02-23 00:24:48','1972-12-14 02:19:45'),(63,1,'Autem sapiente ipsum nam.','Eum cum exercitationem harum aliquam. Velit laudantium ut quia quia alias explicabo. Qui iusto ratione voluptatem.',0,'2011-07-11 23:53:01','1986-08-21 22:30:33'),(64,3,'Similique maxime aut consequatur qui dolorem tempore dolorem.','Sint nesciunt sed culpa. Ratione qui optio ea autem eum quam saepe. Numquam dolores ut illo quibusdam facilis in corrupti.',0,'2019-12-09 03:03:03','2015-04-08 21:22:39'),(65,2,'Non et nesciunt repellat.','Hic labore ipsam nulla et non molestiae. Ut ut non sed aut laboriosam. Expedita vel ut repellendus molestias laudantium.',0,'2003-09-29 13:18:59','1991-01-21 05:10:27'),(66,5,'Est est et quidem eum.','Sit reiciendis neque velit est eos. Est quia nesciunt et sit et. Dolore eaque inventore tenetur sunt.',0,'1984-06-28 04:23:47','2001-05-29 10:40:59'),(67,5,'Odio voluptates maxime eum.','Quod aspernatur mollitia dolores molestias earum hic. Rerum ut voluptatum numquam. Enim error ullam temporibus commodi.',0,'2001-03-26 17:58:14','1998-10-27 13:49:49'),(68,3,'Consequatur tempore sequi velit et.','Aut laborum perferendis quae suscipit soluta error voluptatem. Dicta voluptatibus aperiam animi voluptatem omnis nihil excepturi. Error explicabo eaque laboriosam ipsum illo ea rerum. Et voluptatem non molestiae corrupti ipsam omnis alias.',0,'1972-06-27 01:45:20','1979-06-14 09:34:48'),(69,4,'Laudantium doloribus labore nihil exercitationem libero perferendis voluptate.','Dolorem sint temporibus cumque. Non perferendis est debitis quibusdam molestias. Est ut praesentium neque optio. Rem tempora et quo ullam aut. Pariatur eos fugit laborum aliquid facilis voluptas.',0,'1991-09-12 14:46:49','2007-10-04 12:30:46'),(70,5,'Dolores sunt unde sapiente nam.','Doloremque velit culpa fugit nam voluptate impedit. Et quaerat quia sed omnis. Animi minima molestiae itaque consequatur.',0,'1992-02-06 15:53:12','2017-08-09 09:42:09'),(71,1,'Consequuntur voluptatem et id.','Rem asperiores quos assumenda est corrupti magni. Aliquid eveniet tempore nobis sapiente. Occaecati exercitationem qui qui corporis. Excepturi facere asperiores non quae ex perferendis.',0,'1983-12-20 13:42:08','2016-09-14 10:45:43'),(72,8,'Iste sint quidem vitae architecto nulla.','Optio repudiandae architecto cumque. Laudantium repellat vitae itaque amet. Velit natus eos deserunt et harum. Eaque a esse dolorum ut voluptate blanditiis repudiandae.',0,'2019-11-08 22:41:42','2006-06-02 16:34:00'),(73,4,'Quis eligendi vero ea eos ea.','Porro fuga illum maiores voluptate. Aliquid rerum sed perferendis laudantium rerum exercitationem. Dignissimos occaecati fuga quia asperiores et.',0,'2005-10-20 17:39:11','1999-02-04 08:27:58'),(74,8,'Reiciendis sed sed odit maiores cupiditate.','Quam qui rerum voluptatum eveniet est qui earum ea. Earum voluptas voluptatem necessitatibus et qui. Et aperiam voluptatem eligendi aut est.',0,'2010-07-17 09:55:21','1998-02-28 05:52:21'),(75,3,'Dolores hic consequuntur illum.','In quia culpa nihil veritatis adipisci consequatur. Aperiam quisquam nisi sit est quod ducimus totam quia. Et ex quia omnis. Qui quibusdam totam saepe.',0,'1980-09-07 22:13:34','2015-09-20 00:45:28'),(76,1,'Sunt eaque suscipit alias impedit.','Eveniet qui qui animi accusantium ea. Est voluptatem animi similique amet dolor mollitia placeat.',0,'1998-05-20 08:53:58','1991-09-27 18:16:12'),(77,2,'Totam eligendi expedita illum officia laudantium quia architecto laboriosam.','Aut facilis nostrum placeat dolor delectus. A aut qui quos reprehenderit sed ut. Cumque vero cum reprehenderit praesentium dolore laborum neque illum. Corrupti voluptatem hic sunt dolor et.',0,'2000-04-03 08:27:52','2003-01-06 09:50:33'),(78,3,'Amet totam voluptatum facere nam alias voluptates.','Amet at reiciendis corporis et accusamus. Officiis beatae est possimus veritatis ea sed. Quaerat vitae porro doloremque voluptates assumenda vel.',0,'1980-02-26 18:24:40','1978-04-17 03:17:10'),(79,7,'Veniam quis ipsam nisi ipsa occaecati optio commodi.','Placeat voluptas eos error ullam at molestiae. Vel natus ea mollitia sed. Mollitia sint sit nihil maxime ducimus assumenda quasi. Esse iure at amet et voluptas. Distinctio voluptate qui incidunt nostrum quidem.',0,'1980-06-14 06:35:56','1977-03-19 03:14:39'),(80,2,'Qui corrupti a et minus consequuntur.','Tenetur officiis et dolores voluptatem eveniet ratione. Labore voluptas enim saepe qui assumenda rerum. Quia qui ea et esse. Ipsam qui sunt saepe voluptas consequatur.',0,'2007-07-03 15:00:58','1990-12-23 03:47:39'),(81,7,'Odio quasi dolores neque optio.','Consequatur aspernatur quos mollitia voluptas facere debitis reiciendis. Amet voluptas minima est praesentium vitae ut. Autem fugiat vero expedita dolor.',0,'1977-04-17 20:45:09','1993-07-21 06:17:15'),(82,6,'Voluptas dolore qui nemo eos accusamus autem consectetur.','Quia qui rerum qui eligendi quisquam facere. Impedit et eum saepe cupiditate facere.',0,'1977-12-21 16:07:26','2013-01-30 13:59:17'),(83,8,'Alias tempora a inventore consequatur qui animi.','Sed ut facere nulla consectetur quia aut mollitia harum. Qui rem aperiam iste harum voluptate. Repellendus aut amet autem. Dolor quis odio voluptatibus ratione earum.',0,'2015-12-31 20:03:26','1984-12-17 05:14:08'),(84,9,'Qui dolores est ea iste.','Itaque eos nam molestiae. Id laudantium consequuntur aut facere. Recusandae exercitationem aut rem cum ratione quas et. Voluptatibus aut qui saepe doloribus sed.',0,'1996-05-22 10:18:17','2007-01-26 03:02:21'),(85,2,'In error non ut unde reiciendis dolorem.','Quasi hic eos vel maiores itaque cum ipsam. Illum quas dolor in qui laudantium et. Quaerat porro recusandae nesciunt dolorem.',0,'1980-10-31 15:48:30','2017-06-20 11:43:11'),(86,4,'Et molestiae eveniet nostrum nostrum est saepe ut.','A error totam velit optio eos est. Eius rerum voluptas est ipsam minus est et. Temporibus eum sit sunt deleniti libero.',0,'2013-09-29 23:01:32','1982-09-22 23:24:47'),(87,1,'Debitis voluptatem officiis voluptatum optio adipisci molestias consequatur animi.','Praesentium et provident porro dolor. Est officia sunt quis quia suscipit praesentium. Repellat corporis suscipit et sit aut. Aut pariatur non quia.',0,'1984-11-28 07:00:32','2006-06-13 03:18:07'),(88,7,'Quia illo et deserunt id ut hic.','Deleniti animi tempora qui aliquid eius earum eius. Beatae aliquam ut a quibusdam. Vitae facere distinctio est nobis non.',0,'1981-09-11 23:02:18','2001-11-18 16:43:36'),(89,5,'Et sint vero ab exercitationem.','Quo ipsa eum tempora optio assumenda aliquid minima. Et qui tempore vel ratione. Impedit qui et enim libero. Quo molestias ad itaque eius sint molestiae enim.',0,'2005-04-29 00:14:14','1994-06-10 20:19:04'),(90,6,'Qui qui in nisi hic quae.','Ipsam quo dolore doloremque et. Quas quia aut sed. Voluptatem reiciendis iure est iure. Nesciunt odio cum dicta molestias veritatis fugiat.',0,'1985-03-20 23:39:01','2006-08-29 19:42:17'),(91,6,'Vel commodi omnis eveniet illum iure eligendi.','Eius ut asperiores nihil quo rerum nemo. Corporis quis illum quia perferendis. Consectetur eos minima libero non aut et.',0,'2006-01-14 00:16:22','1983-11-10 15:20:49'),(92,1,'Reprehenderit aperiam aperiam hic non non perferendis.','Eos sed illum iure ut sapiente. Aut deserunt eligendi quod quidem aliquam nobis.',0,'2009-12-24 08:17:07','1984-04-26 07:14:22'),(93,3,'A exercitationem odio quasi dolor culpa.','Est numquam dolores ipsa facere. Id consectetur non odit enim ea. Sed nihil repellendus consequatur ratione fuga quae reprehenderit.',0,'1970-02-16 06:28:41','2003-06-08 06:47:31'),(94,3,'Nulla nisi aut dolor delectus recusandae.','Autem laudantium distinctio voluptatem in provident qui et. Qui commodi nam eligendi quia modi iure fugit quas. Est qui et ipsa unde laboriosam sit. Esse eveniet aut ratione perspiciatis aut.',0,'1979-07-27 18:09:08','2001-10-03 01:07:16'),(95,2,'Labore vitae quod et dolorem similique.','Dolore ut temporibus sit explicabo. Mollitia id debitis odio laborum rerum nihil sunt. Nisi repellendus a corporis hic.',0,'2002-09-27 23:52:36','2016-12-03 08:23:36'),(96,3,'Blanditiis labore inventore ut et quia atque quidem.','Veritatis voluptatum ipsa mollitia qui excepturi. Quia velit autem ad quasi sed ad. Et porro itaque non.',0,'2006-06-21 11:50:14','1989-02-27 05:31:59'),(97,4,'Qui in ducimus optio aliquid consectetur.','Consequatur quam non repellat deserunt ducimus. Dignissimos officiis molestias non quae enim unde quia. Esse alias labore dolor autem dolorem. Et veniam et laudantium est.',0,'2002-01-11 03:56:29','1975-05-15 07:17:27'),(98,4,'Culpa provident non quidem aut est laboriosam sunt.','Perferendis animi veritatis qui est at molestiae fuga. Minus qui facilis qui porro numquam corrupti quod. Debitis consequuntur vel excepturi inventore quasi molestias. Quis asperiores quia qui eos.',0,'1988-03-27 04:59:32','1993-10-01 10:09:11'),(99,1,'Consequatur qui architecto voluptatibus deserunt debitis.','Eligendi non rem est alias ipsum dolores. Aut odit sit nostrum eveniet. Autem consequatur non molestias ipsa animi libero. Veritatis laudantium voluptatem ipsam fugit.',0,'1992-11-14 05:24:58','2003-08-29 16:31:51'),(100,1,'Dolores sed quas aliquid aut dicta distinctio laudantium.','Non adipisci fugiat distinctio quasi officia. Pariatur delectus nulla aperiam fugiat veritatis cumque sed. Ipsam repellat est aut molestiae est corrupti aut doloribus. Consequatur sint laborum autem iusto modi hic provident. Minima consequatur dolorem dignissimos aspernatur.',0,'2003-04-28 05:35:19','2009-12-09 11:59:11');
/*!40000 ALTER TABLE `posts` ENABLE KEYS */;
UNLOCK TABLES;

--
-- Table structure for table `profiles`
--

DROP TABLE IF EXISTS `profiles`;
/*!40101 SET @saved_cs_client     = @@character_set_client */;
/*!50503 SET character_set_client = utf8mb4 */;
CREATE TABLE `profiles` (
  `user_id` int unsigned NOT NULL,
  `sex` char(1) CHARACTER SET utf8 COLLATE utf8_unicode_ci NOT NULL,
  `birthday` date DEFAULT NULL,
  `hometown` varchar(100) CHARACTER SET utf8 COLLATE utf8_unicode_ci DEFAULT NULL,
  `photo_id` int unsigned NOT NULL,
  `updated_at` datetime DEFAULT CURRENT_TIMESTAMP ON UPDATE CURRENT_TIMESTAMP,
  PRIMARY KEY (`user_id`)
) ENGINE=InnoDB DEFAULT CHARSET=utf8 COLLATE=utf8_unicode_ci;
/*!40101 SET character_set_client = @saved_cs_client */;

--
-- Dumping data for table `profiles`
--

LOCK TABLES `profiles` WRITE;
/*!40000 ALTER TABLE `profiles` DISABLE KEYS */;
INSERT INTO `profiles` VALUES (1,'m','1975-05-01','West Estell',1,'2019-12-27 19:13:04'),(2,'m','1981-11-03','Schowalterbury',2,'2019-12-27 19:13:04'),(3,'f','1989-02-28','Port Richiebury',3,'2019-12-27 19:13:04'),(4,'f','2016-11-29','Beierstad',4,'2019-12-27 19:13:04'),(5,'m','1985-02-08','Port Meaghan',5,'2019-12-27 19:13:04'),(6,'m','1980-10-15','Lake Providenci',6,'2019-12-27 19:13:04'),(7,'f','2016-08-17','Lake Minervaburgh',7,'2019-12-27 19:13:04'),(8,'m','1988-02-01','Port Llewellynton',8,'2019-12-27 19:13:04'),(9,'m','2012-06-23','Tillmanmouth',9,'2019-12-27 19:13:04'),(10,'f','1976-11-04','Croninfort',10,'2019-12-27 19:13:04'),(11,'f','1980-12-10','Tarafurt',11,'2019-12-27 19:13:04'),(12,'f','2015-06-20','Wolffmouth',12,'2019-12-27 19:13:04'),(13,'m','1999-09-09','Port Oscar',13,'2019-12-27 19:13:04'),(14,'f','2015-12-16','Lake Kayceefort',14,'2019-12-27 19:13:04'),(15,'f','1995-02-20','New Nyaland',15,'2019-12-27 19:13:04'),(16,'m','2002-01-29','South Trey',16,'2019-12-27 19:13:04'),(17,'f','1994-02-01','Margaretville',17,'2019-12-27 19:13:04'),(18,'m','1980-09-27','Port Lafayetteside',18,'2019-12-27 19:13:04'),(19,'m','1998-05-17','West Karliport',19,'2019-12-27 19:13:04'),(20,'m','2007-06-01','East Retta',20,'2019-12-27 19:13:04'),(21,'f','2006-10-14','New Rocky',21,'2019-12-27 19:13:04'),(22,'f','1975-05-09','Greentown',22,'2019-12-27 19:13:04'),(23,'m','1988-11-15','Lake Janaburgh',23,'2019-12-27 19:13:04'),(24,'m','1982-06-02','New Neil',24,'2019-12-27 19:13:04'),(25,'f','1970-06-25','Itzelhaven',25,'2019-12-27 19:13:04'),(26,'f','1991-11-27','North Ubaldohaven',26,'2019-12-27 19:13:04'),(27,'f','2015-04-28','Port Giovanniton',27,'2019-12-27 19:13:04'),(28,'f','1997-10-26','Lake Dorastad',28,'2019-12-27 19:13:04'),(29,'m','2002-09-23','Lake Norris',29,'2019-12-27 19:13:04'),(30,'f','2015-08-26','West Terence',30,'2019-12-27 19:13:04'),(31,'m','2019-08-14','Gregorioside',31,'2019-12-27 19:13:04'),(32,'m','2013-12-23','North Lonzo',32,'2019-12-27 19:13:04'),(33,'m','1978-01-23','Feeneyton',33,'2019-12-27 19:13:04'),(34,'m','1988-12-14','Lake Viviannechester',34,'2019-12-27 19:13:04'),(35,'f','2006-05-31','Port Arvilla',35,'2019-12-27 19:13:04'),(36,'f','1973-03-25','Charlenechester',36,'2019-12-27 19:13:04'),(37,'m','2001-03-12','West Dennischester',37,'2019-12-27 19:13:04'),(38,'f','1976-03-24','North Freddy',38,'2019-12-27 19:13:04'),(39,'m','1990-08-02','West Norwoodshire',39,'2019-12-27 19:13:04'),(40,'m','1994-03-08','Adamsview',40,'2019-12-27 19:13:04'),(41,'f','2018-03-25','Leuschkeberg',41,'2019-12-27 19:13:04'),(42,'m','2009-09-04','Port Alizeton',42,'2019-12-27 19:13:04'),(43,'f','1993-01-15','Lake Orlandfurt',43,'2019-12-27 19:13:04'),(44,'m','1991-08-11','South Sonnyview',44,'2019-12-27 19:13:04'),(45,'m','1990-11-10','Dachbury',45,'2019-12-27 19:13:04'),(46,'f','1988-02-24','Port Kaden',46,'2019-12-27 19:13:04'),(47,'f','1989-05-03','Lake Abelardoland',47,'2019-12-27 19:13:04'),(48,'f','2003-03-24','Hermanton',48,'2019-12-27 19:13:04'),(49,'m','2011-07-15','Ashlynnfurt',49,'2019-12-27 19:13:04'),(50,'f','2015-05-16','South Joe',50,'2019-12-27 19:13:04'),(51,'f','1982-01-30','South Brauliobury',51,'2019-12-27 19:13:04'),(52,'m','1985-04-05','New Maverickborough',52,'2019-12-27 19:13:04'),(53,'m','1985-06-12','Port Danikaview',53,'2019-12-27 19:13:04'),(54,'f','2013-02-06','Hopetown',54,'2019-12-27 19:13:04'),(55,'m','2017-06-26','Colefurt',55,'2019-12-27 19:13:04'),(56,'m','2014-07-18','Balistreriton',56,'2019-12-27 19:13:04'),(57,'m','2001-09-10','Hartmannstad',57,'2019-12-27 19:13:04'),(58,'f','1998-06-24','Jameymouth',58,'2019-12-27 19:13:04'),(59,'f','1996-10-23','Port Elissahaven',59,'2019-12-27 19:13:04'),(60,'m','1994-10-10','West Eileenview',60,'2019-12-27 19:13:04'),(61,'f','2017-10-28','Champlinburgh',61,'2019-12-27 19:13:04'),(62,'m','1979-10-17','Zemlakview',62,'2019-12-27 19:13:04'),(63,'f','2012-04-07','New Aracely',63,'2019-12-27 19:13:04'),(64,'m','2007-12-13','Haroldborough',64,'2019-12-27 19:13:04'),(65,'f','1996-08-12','Kingside',65,'2019-12-27 19:13:04'),(66,'f','1989-07-16','West Claudie',66,'2019-12-27 19:13:04'),(67,'f','2003-08-19','East Alycia',67,'2019-12-27 19:13:04'),(68,'m','1977-11-08','West Charitybury',68,'2019-12-27 19:13:04'),(69,'m','2008-08-30','West Eloy',69,'2019-12-27 19:13:04'),(70,'f','1982-11-29','New Lutherton',70,'2019-12-27 19:13:04'),(71,'m','1983-01-12','Mayerstad',71,'2019-12-27 19:13:04'),(72,'m','2019-07-31','South Joystad',72,'2019-12-27 19:13:04'),(73,'m','1996-02-27','Willytown',73,'2019-12-27 19:13:04'),(74,'m','2015-09-02','South Tremaine',74,'2019-12-27 19:13:04'),(75,'m','2019-04-12','West Adrielhaven',75,'2019-12-27 19:13:04'),(76,'f','2001-12-24','Port Maymie',76,'2019-12-27 19:13:04'),(77,'m','2014-06-15','Lake Dena',77,'2019-12-27 19:13:04'),(78,'f','1987-01-26','New Gianni',78,'2019-12-27 19:13:04'),(79,'f','2007-08-09','Hilllstad',79,'2019-12-27 19:13:04'),(80,'m','2015-07-24','New Scottystad',80,'2019-12-27 19:13:04'),(81,'f','2018-07-14','Hyattview',81,'2019-12-27 19:13:04'),(82,'f','1970-07-23','South Delfina',82,'2019-12-27 19:13:04'),(83,'f','2017-01-06','South Taureanport',83,'2019-12-27 19:13:04'),(84,'m','1979-01-26','Port Garnettown',84,'2019-12-27 19:13:04'),(85,'f','1971-04-26','Schusterberg',85,'2019-12-27 19:13:04'),(86,'m','1973-04-05','Jeffreyberg',86,'2019-12-27 19:13:04'),(87,'f','1974-12-25','North Theodora',87,'2019-12-27 19:13:04'),(88,'f','2019-02-07','North Gustburgh',88,'2019-12-27 19:13:04'),(89,'m','1985-03-29','Daughertyfort',89,'2019-12-27 19:13:04'),(90,'m','1970-10-19','Ginatown',90,'2019-12-27 19:13:04'),(91,'m','1979-04-03','Klockoton',91,'2019-12-27 19:13:04'),(92,'m','1971-12-17','Rosenbaumchester',92,'2019-12-27 19:13:04'),(93,'m','1970-01-03','Mollieberg',93,'2019-12-27 19:13:04'),(94,'m','2015-04-26','Vitabury',94,'2019-12-27 19:13:04'),(95,'f','2010-05-18','Carlifurt',95,'2019-12-27 19:13:04'),(96,'m','1991-09-30','Kulastown',96,'2019-12-27 19:13:04'),(97,'f','2005-09-25','Alivialand',97,'2019-12-27 19:13:04'),(98,'f','2016-09-07','Whitebury',98,'2019-12-27 19:13:04'),(99,'f','2007-07-12','New Nannieborough',99,'2019-12-27 19:13:04'),(100,'f','1992-03-03','New Nadiafort',100,'2019-12-27 19:13:04'),(101,'m','1983-10-13','Gutmannhaven',101,'2019-12-27 19:13:04'),(102,'m','1990-02-10','South Kristopherview',102,'2019-12-27 19:13:04'),(103,'m','1987-08-18','Port Conradhaven',103,'2019-12-27 19:13:04'),(104,'f','1982-10-15','Schneiderside',104,'2019-12-27 19:13:04'),(105,'f','2015-08-25','Stromanberg',105,'2019-12-27 19:13:04'),(106,'f','1992-03-16','South Haleighmouth',106,'2019-12-27 19:13:04'),(107,'f','1993-11-01','Port Talia',107,'2019-12-27 19:13:04'),(108,'m','1991-07-20','Hoppefurt',108,'2019-12-27 19:13:04'),(109,'m','2006-08-12','New Mariano',109,'2019-12-27 19:13:04'),(110,'f','2009-04-09','Hansenview',110,'2019-12-27 19:13:04'),(111,'f','1988-10-10','Pacochaville',111,'2019-12-27 19:13:04'),(112,'f','1974-01-08','Kassulkeborough',112,'2019-12-27 19:13:04'),(113,'f','2011-05-03','East Dana',113,'2019-12-27 19:13:04'),(114,'f','2000-09-29','Cathymouth',114,'2019-12-27 19:13:04'),(115,'f','2003-01-13','East Amayahaven',115,'2019-12-27 19:13:04'),(116,'f','2011-02-13','Siennaville',116,'2019-12-27 19:13:04'),(117,'f','2006-05-12','West Marilou',117,'2019-12-27 19:13:04'),(118,'f','1984-08-22','North Nikkistad',118,'2019-12-27 19:13:04'),(119,'m','1997-06-19','North Georgianaburgh',119,'2019-12-27 19:13:04'),(120,'m','2019-08-28','Paucekberg',120,'2019-12-27 19:13:04'),(121,'m','1991-05-06','Dorcasside',121,'2019-12-27 19:13:04'),(122,'m','2007-07-21','New Gavinshire',122,'2019-12-27 19:13:04'),(123,'m','2004-07-05','Okunevafurt',123,'2019-12-27 19:13:04'),(124,'m','1970-08-06','Port Minervaberg',124,'2019-12-27 19:13:04'),(125,'f','1973-10-17','Mayerport',125,'2019-12-27 19:13:04'),(126,'m','2018-02-10','South Rick',126,'2019-12-27 19:13:04'),(127,'m','2011-12-02','Connorfurt',127,'2019-12-27 19:13:04'),(128,'f','2006-02-28','Lake Koryberg',128,'2019-12-27 19:13:04'),(129,'m','1976-03-15','Koelpinhaven',129,'2019-12-27 19:13:04'),(130,'m','1988-08-17','East Arthurshire',130,'2019-12-27 19:13:04'),(131,'f','2005-09-21','Lake Mabelle',131,'2019-12-27 19:13:04'),(132,'m','1981-01-25','Gaylordhaven',132,'2019-12-27 19:13:04'),(133,'f','1996-08-13','Gussiechester',133,'2019-12-27 19:13:04'),(134,'f','2007-05-26','Generalport',134,'2019-12-27 19:13:04'),(135,'f','1984-09-20','Orvalberg',135,'2019-12-27 19:13:04'),(136,'f','1973-04-11','Port Bernieceville',136,'2019-12-27 19:13:04'),(137,'f','1977-01-22','Gleichnertown',137,'2019-12-27 19:13:04'),(138,'m','1994-07-06','Christiansenville',138,'2019-12-27 19:13:04'),(139,'m','2018-09-23','Boganville',139,'2019-12-27 19:13:04'),(140,'m','1991-01-09','New Kelsi',140,'2019-12-27 19:13:04'),(141,'m','1994-04-11','Zboncakchester',141,'2019-12-27 19:13:04'),(142,'m','1987-04-09','Eusebioland',142,'2019-12-27 19:13:04'),(143,'f','1971-04-10','West Karianeberg',143,'2019-12-27 19:13:04'),(144,'f','1994-12-30','Jonesbury',144,'2019-12-27 19:13:04'),(145,'m','1981-10-14','Bridietown',145,'2019-12-27 19:13:04'),(146,'f','2005-08-17','Sigridburgh',146,'2019-12-27 19:13:04'),(147,'f','1985-11-07','South Maybelle',147,'2019-12-27 19:13:04'),(148,'m','2019-01-03','Francescomouth',148,'2019-12-27 19:13:04'),(149,'m','1972-09-17','South Eduardofort',149,'2019-12-27 19:13:04'),(150,'f','2003-12-30','East Leta',150,'2019-12-27 19:13:04'),(151,'f','1994-06-01','North Davontemouth',151,'2019-12-27 19:13:04'),(152,'f','1979-12-15','Lake Thelmaport',152,'2019-12-27 19:13:04'),(153,'m','1986-11-09','New Misael',153,'2019-12-27 19:13:04'),(154,'m','2002-07-03','Webermouth',154,'2019-12-27 19:13:04'),(155,'f','2004-06-26','West Stephen',155,'2019-12-27 19:13:04'),(156,'f','1976-07-20','Lake Lawrence',156,'2019-12-27 19:13:04'),(157,'m','1973-07-12','Kalebfurt',157,'2019-12-27 19:13:04'),(158,'m','1978-01-23','Goodwinfort',158,'2019-12-27 19:13:04'),(159,'m','1992-03-14','Stammberg',159,'2019-12-27 19:13:04'),(160,'f','2004-01-26','New Everardo',160,'2019-12-27 19:13:04'),(161,'f','1982-01-11','Jaceyburgh',161,'2019-12-27 19:13:04'),(162,'f','2001-07-22','Volkmanton',162,'2019-12-27 19:13:04'),(163,'f','1984-09-02','Port Robyn',163,'2019-12-27 19:13:04'),(164,'m','2018-01-18','Cassinview',164,'2019-12-27 19:13:04'),(165,'f','2007-04-01','North Tre',165,'2019-12-27 19:13:04'),(166,'m','2012-06-10','North Bridiestad',166,'2019-12-27 19:13:04'),(167,'m','1989-01-24','East Jonas',167,'2019-12-27 19:13:04'),(168,'m','2014-08-23','Lornaview',168,'2019-12-27 19:13:04'),(169,'m','1980-04-18','West Stuarthaven',169,'2019-12-27 19:13:04'),(170,'m','2011-08-13','East Fredrick',170,'2019-12-27 19:13:04'),(171,'f','2006-07-01','Port Merrittshire',171,'2019-12-27 19:13:04'),(172,'m','1977-04-29','Lake Lilianetown',172,'2019-12-27 19:13:04'),(173,'f','1992-02-16','Macejkovicside',173,'2019-12-27 19:13:04'),(174,'f','2002-06-03','New Deliaview',174,'2019-12-27 19:13:04'),(175,'f','2003-03-04','Moentown',175,'2019-12-27 19:13:04'),(176,'f','2010-10-20','New Clemens',176,'2019-12-27 19:13:04'),(177,'m','1992-01-29','West Angus',177,'2019-12-27 19:13:04'),(178,'f','2000-07-11','West Malcolm',178,'2019-12-27 19:13:04'),(179,'f','2011-11-03','Port Aylaburgh',179,'2019-12-27 19:13:04'),(180,'m','2004-05-22','West Mckennaside',180,'2019-12-27 19:13:04'),(181,'f','1981-01-06','O\'Konstad',181,'2019-12-27 19:13:04'),(182,'f','2013-10-28','Murazikchester',182,'2019-12-27 19:13:04'),(183,'m','1988-08-08','Port Anissaland',183,'2019-12-27 19:13:04'),(184,'f','2000-01-13','Chadborough',184,'2019-12-27 19:13:04'),(185,'f','1982-05-10','Dinoton',185,'2019-12-27 19:13:04'),(186,'f','2013-10-22','Christiansenton',186,'2019-12-27 19:13:04'),(187,'m','2016-05-02','New Edwinberg',187,'2019-12-27 19:13:04'),(188,'m','1974-03-23','Trevionville',188,'2019-12-27 19:13:04'),(189,'f','1986-03-30','South Gabrielmouth',189,'2019-12-27 19:13:04'),(190,'f','2018-03-31','New Edwardomouth',190,'2019-12-27 19:13:04'),(191,'f','1981-04-14','South Andreanneview',191,'2019-12-27 19:13:04'),(192,'m','2006-11-12','Alexchester',192,'2019-12-27 19:13:04'),(193,'f','1985-09-30','Port Ericka',193,'2019-12-27 19:13:04'),(194,'m','1998-09-27','Port Caroleton',194,'2019-12-27 19:13:04'),(195,'f','2017-01-04','Smithambury',195,'2019-12-27 19:13:04'),(196,'f','2013-03-01','Stiedemannberg',196,'2019-12-27 19:13:04'),(197,'m','1988-02-02','Lake Torrey',197,'2019-12-27 19:13:04'),(198,'f','1998-05-20','Lake Ollieburgh',198,'2019-12-27 19:13:04'),(199,'f','1989-04-30','North Alisa',199,'2019-12-27 19:13:04'),(200,'f','2006-10-09','West Emieshire',200,'2019-12-27 19:13:04'),(201,'f','1974-12-04','Orvalfort',201,'2019-12-27 19:13:04'),(202,'m','1976-01-31','Jerryton',202,'2019-12-27 19:13:04'),(203,'f','1997-04-05','Pacochamouth',203,'2019-12-27 19:13:04'),(204,'f','1998-04-16','Gusikowskiton',204,'2019-12-27 19:13:04'),(205,'f','1984-12-06','Howellberg',205,'2019-12-27 19:13:04'),(206,'f','1985-10-21','North Elyse',206,'2019-12-27 19:13:04'),(207,'f','1970-05-22','New Elvie',207,'2019-12-27 19:13:04'),(208,'m','2018-07-03','Mireyatown',208,'2019-12-27 19:13:04'),(209,'f','1982-09-19','Lake Edmundville',209,'2019-12-27 19:13:04'),(210,'m','2002-09-26','Schimmelside',210,'2019-12-27 19:13:04'),(211,'m','1973-10-18','Makenzieview',211,'2019-12-27 19:13:04'),(212,'m','2017-05-16','Lake Raymundobury',212,'2019-12-27 19:13:04'),(213,'m','2019-05-10','East Imogenebury',213,'2019-12-27 19:13:04'),(214,'m','1972-10-18','Rosestad',214,'2019-12-27 19:13:04'),(215,'m','2016-06-23','Lake Domenicberg',215,'2019-12-27 19:13:04'),(216,'m','2009-08-13','Lake Maritza',216,'2019-12-27 19:13:04'),(217,'f','1975-03-03','South Kylershire',217,'2019-12-27 19:13:04'),(218,'m','1993-08-04','Shieldsside',218,'2019-12-27 19:13:04'),(219,'m','2017-03-07','Brekkeburgh',219,'2019-12-27 19:13:04'),(220,'m','2003-01-04','Gusikowskiberg',220,'2019-12-27 19:13:04'),(221,'f','2017-01-07','New Elsie',221,'2019-12-27 19:13:04'),(222,'f','1983-11-15','Lake Ozella',222,'2019-12-27 19:13:04'),(223,'m','2018-02-28','Lake Janiyamouth',223,'2019-12-27 19:13:04'),(224,'m','1992-12-18','Port Jacklynland',224,'2019-12-27 19:13:04'),(225,'f','1989-09-24','Tillmanhaven',225,'2019-12-27 19:13:04'),(226,'m','1979-07-25','Gutkowskiberg',226,'2019-12-27 19:13:04'),(227,'m','2016-04-23','Johnsonville',227,'2019-12-27 19:13:04'),(228,'m','1980-11-18','VonRuedenport',228,'2019-12-27 19:13:04'),(229,'f','2009-04-30','Gorczanyshire',229,'2019-12-27 19:13:04'),(230,'m','1981-09-03','New Lillian',230,'2019-12-27 19:13:04'),(231,'f','1974-11-14','South Isaias',231,'2019-12-27 19:13:04'),(232,'f','1976-02-27','Deontaeborough',232,'2019-12-27 19:13:04'),(233,'m','1997-02-13','South Tomasa',233,'2019-12-27 19:13:04'),(234,'f','1979-02-15','South Franciscoport',234,'2019-12-27 19:13:04'),(235,'m','2000-04-07','East Mitchell',235,'2019-12-27 19:13:04'),(236,'m','1980-10-20','South Oralburgh',236,'2019-12-27 19:13:04'),(237,'f','1979-07-31','Runteview',237,'2019-12-27 19:13:04'),(238,'m','1998-07-13','Haagmouth',238,'2019-12-27 19:13:04'),(239,'f','1998-03-16','Sashafort',239,'2019-12-27 19:13:04'),(240,'m','1978-11-30','Flatleyview',240,'2019-12-27 19:13:04'),(241,'m','1983-04-21','New Monserrateside',241,'2019-12-27 19:13:04'),(242,'f','1990-03-11','East Loyalstad',242,'2019-12-27 19:13:04'),(243,'f','1970-05-06','Feilmouth',243,'2019-12-27 19:13:04'),(244,'m','1991-11-05','Wittingview',244,'2019-12-27 19:13:04'),(245,'f','1990-03-19','Hoppemouth',245,'2019-12-27 19:13:04'),(246,'f','2007-04-12','Ernestoside',246,'2019-12-27 19:13:04'),(247,'m','2012-05-15','Lake Myra',247,'2019-12-27 19:13:04'),(248,'f','1972-02-24','Lake Cory',248,'2019-12-27 19:13:04'),(249,'f','1996-05-10','Kuhlmanberg',249,'2019-12-27 19:13:04'),(250,'m','1971-03-22','South Janick',250,'2019-12-27 19:13:04'),(251,'f','2014-06-18','South Geovanny',251,'2019-12-27 19:13:04'),(252,'m','2002-10-01','Murphytown',252,'2019-12-27 19:13:04'),(253,'m','1975-02-10','Walshfort',253,'2019-12-27 19:13:04'),(254,'f','2015-05-28','South Makaylachester',254,'2019-12-27 19:13:04'),(255,'f','2001-01-13','South Lillyburgh',255,'2019-12-27 19:13:04'),(256,'f','1979-10-08','Franeckishire',256,'2019-12-27 19:13:04'),(257,'f','1979-10-20','North Arturo',257,'2019-12-27 19:13:04'),(258,'f','1982-07-09','Mooreburgh',258,'2019-12-27 19:13:04'),(259,'f','2017-06-03','East Adolf',259,'2019-12-27 19:13:04'),(260,'f','1992-09-05','Port Jaquelineville',260,'2019-12-27 19:13:04'),(261,'m','1977-04-20','Linastad',261,'2019-12-27 19:13:04'),(262,'m','1976-06-20','North Nelle',262,'2019-12-27 19:13:04'),(263,'m','1995-09-06','East Elmirachester',263,'2019-12-27 19:13:04'),(264,'f','2011-09-08','Leonorabury',264,'2019-12-27 19:13:04'),(265,'f','1981-10-27','North Inesmouth',265,'2019-12-27 19:13:04'),(266,'f','1975-10-29','North Rainaland',266,'2019-12-27 19:13:04'),(267,'f','1984-02-26','Lake Nelle',267,'2019-12-27 19:13:04'),(268,'m','2002-09-10','Carleyville',268,'2019-12-27 19:13:04'),(269,'f','1977-09-07','Ceasarshire',269,'2019-12-27 19:13:04'),(270,'f','2013-10-13','Llewellyntown',270,'2019-12-27 19:13:04'),(271,'m','1984-08-23','South Vito',271,'2019-12-27 19:13:04'),(272,'m','2014-02-18','Barrettfurt',272,'2019-12-27 19:13:04'),(273,'m','1996-06-11','Lewside',273,'2019-12-27 19:13:04'),(274,'m','1987-05-10','Port Eda',274,'2019-12-27 19:13:04'),(275,'f','1989-02-14','New Cydney',275,'2019-12-27 19:13:04'),(276,'m','1974-05-30','West Audraberg',276,'2019-12-27 19:13:04'),(277,'m','1983-06-18','Murazikmouth',277,'2019-12-27 19:13:04'),(278,'f','2004-01-01','Altenwerthside',278,'2019-12-27 19:13:04'),(279,'m','1970-01-06','East Jeromeport',279,'2019-12-27 19:13:04'),(280,'f','2003-04-01','Buddyberg',280,'2019-12-27 19:13:04'),(281,'m','2011-04-14','East Maxwell',281,'2019-12-27 19:13:04'),(282,'m','2014-09-20','East Vesta',282,'2019-12-27 19:13:04'),(283,'m','2015-10-27','Zorahaven',283,'2019-12-27 19:13:04'),(284,'m','2015-11-22','West Felicia',284,'2019-12-27 19:13:04'),(285,'m','1991-12-30','Magdalenmouth',285,'2019-12-27 19:13:04'),(286,'f','1980-05-18','East Selmer',286,'2019-12-27 19:13:04'),(287,'m','2010-06-19','Wolfffort',287,'2019-12-27 19:13:04'),(288,'f','1978-06-08','New Filomena',288,'2019-12-27 19:13:04'),(289,'m','1984-05-08','Corwinside',289,'2019-12-27 19:13:04'),(290,'f','2015-06-12','Allyland',290,'2019-12-27 19:13:04'),(291,'f','2010-11-15','Giaborough',291,'2019-12-27 19:13:04'),(292,'m','1971-08-24','Lauraland',292,'2019-12-27 19:13:04'),(293,'f','2000-12-02','West Elmo',293,'2019-12-27 19:13:04'),(294,'m','1984-06-19','Jarredshire',294,'2019-12-27 19:13:04'),(295,'m','2018-02-18','Lefflerborough',295,'2019-12-27 19:13:04'),(296,'f','1974-11-19','Emmerichtown',296,'2019-12-27 19:13:04'),(297,'m','2000-07-13','Estellborough',297,'2019-12-27 19:13:04'),(298,'m','1976-08-28','New Ashtynshire',298,'2019-12-27 19:13:04'),(299,'m','1981-06-14','Beattymouth',299,'2019-12-27 19:13:04'),(300,'m','1973-06-02','Loyborough',300,'2019-12-27 19:13:04'),(301,'m','1995-05-10','New Tiannaside',1,'2019-12-27 19:13:04'),(302,'m','1985-02-14','Caspershire',2,'2019-12-27 19:13:04'),(303,'m','2012-04-17','North Paytonview',3,'2019-12-27 19:13:04'),(304,'f','2000-03-05','West Maureen',4,'2019-12-27 19:13:04'),(305,'f','1979-08-19','Millsshire',5,'2019-12-27 19:13:04'),(306,'m','2000-09-11','Lake Dayton',6,'2019-12-27 19:13:04'),(307,'f','1998-09-27','Robelfort',7,'2019-12-27 19:13:04'),(308,'m','2017-10-12','Simonisburgh',8,'2019-12-27 19:13:04'),(309,'f','1982-11-21','Cartwrightview',9,'2019-12-27 19:13:04'),(310,'f','1990-08-06','Brantton',10,'2019-12-27 19:13:04'),(311,'m','1979-02-03','Lednerberg',11,'2019-12-27 19:13:04'),(312,'m','1985-04-30','East Alisa',12,'2019-12-27 19:13:04'),(313,'f','2008-01-05','West Rudy',13,'2019-12-27 19:13:04'),(314,'f','1979-04-16','East Stephania',14,'2019-12-27 19:13:04'),(315,'m','1992-11-20','Pearlieland',15,'2019-12-27 19:13:04'),(316,'f','2001-12-02','Jammieside',16,'2019-12-27 19:13:04'),(317,'f','1983-05-19','Elishaburgh',17,'2019-12-27 19:13:04'),(318,'m','1989-04-12','Andreaneton',18,'2019-12-27 19:13:04'),(319,'f','1974-11-15','West Alphonso',19,'2019-12-27 19:13:04'),(320,'m','1998-11-12','Alannaville',20,'2019-12-27 19:13:04'),(321,'m','1991-11-19','Port Michelle',21,'2019-12-27 19:13:04'),(322,'f','1989-06-17','South Leonieshire',22,'2019-12-27 19:13:04'),(323,'m','1985-09-27','Emardland',23,'2019-12-27 19:13:04'),(324,'m','1988-12-05','Gerryberg',24,'2019-12-27 19:13:04'),(325,'m','2006-09-26','Darylchester',25,'2019-12-27 19:13:04'),(326,'f','2018-04-28','Lake Francofurt',26,'2019-12-27 19:13:04'),(327,'f','1989-09-16','Harberton',27,'2019-12-27 19:13:04'),(328,'f','2015-08-03','Cliffordland',28,'2019-12-27 19:13:04'),(329,'f','2013-01-07','Goyettetown',29,'2019-12-27 19:13:04'),(330,'f','1984-03-22','North Vergiehaven',30,'2019-12-27 19:13:04'),(331,'f','1994-04-07','New Aletha',31,'2019-12-27 19:13:04'),(332,'f','1995-01-26','Revafurt',32,'2019-12-27 19:13:04'),(333,'m','1971-05-15','Annaliseton',33,'2019-12-27 19:13:04'),(334,'m','1994-10-02','Barrowsport',34,'2019-12-27 19:13:04'),(335,'m','2003-11-09','North Ethelyn',35,'2019-12-27 19:13:04'),(336,'m','1998-09-01','Zackaryberg',36,'2019-12-27 19:13:04'),(337,'m','2016-04-30','Danielview',37,'2019-12-27 19:13:04'),(338,'m','1991-09-20','Doyleview',38,'2019-12-27 19:13:04'),(339,'f','1995-06-27','East Maida',39,'2019-12-27 19:13:04'),(340,'m','1975-02-13','West Alvafurt',40,'2019-12-27 19:13:04'),(341,'m','1970-12-09','West Bernicefurt',41,'2019-12-27 19:13:04'),(342,'f','1972-07-30','Hackettbury',42,'2019-12-27 19:13:04'),(343,'f','1977-07-26','Hickleview',43,'2019-12-27 19:13:04'),(344,'m','1997-03-25','Amanitown',44,'2019-12-27 19:13:04'),(345,'f','2015-04-11','Lindchester',45,'2019-12-27 19:13:04'),(346,'m','2019-10-27','Joellehaven',46,'2019-12-27 19:13:04'),(347,'f','2016-01-13','New Leanne',47,'2019-12-27 19:13:04'),(348,'f','1998-01-12','Gregoriomouth',48,'2019-12-27 19:13:04'),(349,'m','2019-03-24','Bartonmouth',49,'2019-12-27 19:13:04'),(350,'f','2013-04-04','New Sarahport',50,'2019-12-27 19:13:04'),(351,'f','2000-10-30','Robertchester',51,'2019-12-27 19:13:04'),(352,'f','1973-07-15','Hudsontown',52,'2019-12-27 19:13:04'),(353,'m','1986-09-21','Turcotteton',53,'2019-12-27 19:13:04'),(354,'f','1989-12-30','Leschland',54,'2019-12-27 19:13:04'),(355,'f','1989-03-04','Millerview',55,'2019-12-27 19:13:04'),(356,'m','2017-02-16','New Onieton',56,'2019-12-27 19:13:04'),(357,'f','2006-02-13','South Emmittmouth',57,'2019-12-27 19:13:04'),(358,'f','1983-12-22','Port Nedraville',58,'2019-12-27 19:13:04'),(359,'m','2010-06-20','Lindtown',59,'2019-12-27 19:13:04'),(360,'m','1991-09-08','Steviechester',60,'2019-12-27 19:13:04'),(361,'m','2019-08-31','Santoshaven',61,'2019-12-27 19:13:04'),(362,'m','1990-03-21','Boylestad',62,'2019-12-27 19:13:04'),(363,'m','1996-12-12','Carmellachester',63,'2019-12-27 19:13:04'),(364,'f','1985-07-08','West Werner',64,'2019-12-27 19:13:04'),(365,'f','1973-06-25','East Brenden',65,'2019-12-27 19:13:04'),(366,'m','2013-01-26','New Carmen',66,'2019-12-27 19:13:04'),(367,'m','1997-06-29','Rennerville',67,'2019-12-27 19:13:04'),(368,'f','1997-02-23','Hahntown',68,'2019-12-27 19:13:04'),(369,'m','1974-04-15','West Kaylin',69,'2019-12-27 19:13:04'),(370,'f','2003-01-18','Tremayneland',70,'2019-12-27 19:13:04'),(371,'f','1985-03-09','Lake Bennett',71,'2019-12-27 19:13:04'),(372,'f','2018-06-17','Cletusmouth',72,'2019-12-27 19:13:04'),(373,'f','2013-03-29','Bartonberg',73,'2019-12-27 19:13:04'),(374,'m','1970-06-06','Manteville',74,'2019-12-27 19:13:04'),(375,'m','2018-01-10','Jaquelineborough',75,'2019-12-27 19:13:04'),(376,'m','2013-08-19','South Andrew',76,'2019-12-27 19:13:04'),(377,'f','1986-09-02','Rodriguezfort',77,'2019-12-27 19:13:04'),(378,'f','2002-07-14','Eltaberg',78,'2019-12-27 19:13:04'),(379,'f','2017-01-20','Patsyland',79,'2019-12-27 19:13:04'),(380,'f','1974-08-12','Marlenestad',80,'2019-12-27 19:13:04'),(381,'f','2014-04-29','Gerdatown',81,'2019-12-27 19:13:04'),(382,'m','2010-07-14','Ettieville',82,'2019-12-27 19:13:04'),(383,'m','2014-10-18','Hannahville',83,'2019-12-27 19:13:04'),(384,'f','1971-01-03','Port Anabelle',84,'2019-12-27 19:13:04'),(385,'f','1993-11-15','Terryshire',85,'2019-12-27 19:13:04'),(386,'m','1978-02-12','Reynoldsmouth',86,'2019-12-27 19:13:04'),(387,'f','2000-05-05','West Lethafort',87,'2019-12-27 19:13:04'),(388,'m','2005-02-11','Janchester',88,'2019-12-27 19:13:04'),(389,'f','2016-01-29','North Noemi',89,'2019-12-27 19:13:04'),(390,'m','1990-07-06','West Darion',90,'2019-12-27 19:13:04'),(391,'f','2016-07-01','Mohrton',91,'2019-12-27 19:13:04'),(392,'m','1989-02-26','Orvilleview',92,'2019-12-27 19:13:04'),(393,'f','1988-12-01','West Danikastad',93,'2019-12-27 19:13:04'),(394,'m','2017-10-03','Barretttown',94,'2019-12-27 19:13:04'),(395,'m','1998-01-18','South Guillermomouth',95,'2019-12-27 19:13:04'),(396,'m','2006-09-07','Madysonfurt',96,'2019-12-27 19:13:04'),(397,'f','2010-02-21','Altenwerthborough',97,'2019-12-27 19:13:04'),(398,'m','1972-10-29','South Elisa',98,'2019-12-27 19:13:04'),(399,'m','1995-02-24','East Nestor',99,'2019-12-27 19:13:04'),(400,'f','2005-02-26','Maggioburgh',100,'2019-12-27 19:13:04'),(401,'m','1981-07-19','Buddyborough',101,'2019-12-27 19:13:04'),(402,'f','1982-07-25','New Aricstad',102,'2019-12-27 19:13:04'),(403,'f','2017-03-06','Lefflerberg',103,'2019-12-27 19:13:04'),(404,'m','2007-05-12','Minnieland',104,'2019-12-27 19:13:04'),(405,'m','1986-05-05','West Bernard',105,'2019-12-27 19:13:04'),(406,'f','1994-09-16','New Christychester',106,'2019-12-27 19:13:04'),(407,'f','1994-04-10','Sonnyton',107,'2019-12-27 19:13:04'),(408,'f','2002-06-08','West Elainashire',108,'2019-12-27 19:13:04'),(409,'f','1983-05-25','South Rowlandshire',109,'2019-12-27 19:13:04'),(410,'f','1970-12-01','Gleasontown',110,'2019-12-27 19:13:04'),(411,'m','2013-08-29','Reichertberg',111,'2019-12-27 19:13:04'),(412,'f','2014-09-20','East Oscarchester',112,'2019-12-27 19:13:04'),(413,'f','2011-02-06','Boscostad',113,'2019-12-27 19:13:04'),(414,'m','2003-10-31','New Merle',114,'2019-12-27 19:13:04'),(415,'m','1991-07-28','South Garrymouth',115,'2019-12-27 19:13:04'),(416,'f','2005-08-15','East Anne',116,'2019-12-27 19:13:04'),(417,'m','2002-03-15','East Victormouth',117,'2019-12-27 19:13:04'),(418,'m','1991-11-17','Edentown',118,'2019-12-27 19:13:04'),(419,'f','1985-11-23','Walshstad',119,'2019-12-27 19:13:04'),(420,'m','1992-02-03','Devanteshire',120,'2019-12-27 19:13:04'),(421,'f','2010-03-18','Lake Maudtown',121,'2019-12-27 19:13:04'),(422,'m','1995-04-26','Junetown',122,'2019-12-27 19:13:04'),(423,'f','1971-06-25','Mayershire',123,'2019-12-27 19:13:04'),(424,'m','1988-03-30','Port Clarabelle',124,'2019-12-27 19:13:04'),(425,'m','1997-04-04','New Pearliehaven',125,'2019-12-27 19:13:04'),(426,'f','2006-11-17','North Mauricemouth',126,'2019-12-27 19:13:04'),(427,'f','2012-03-31','Port Sheldon',127,'2019-12-27 19:13:04'),(428,'f','1993-10-08','Port Corine',128,'2019-12-27 19:13:04'),(429,'m','2019-03-04','Jastborough',129,'2019-12-27 19:13:04'),(430,'m','1994-07-21','Metzberg',130,'2019-12-27 19:13:04'),(431,'f','1972-03-08','Lake Tomasabury',131,'2019-12-27 19:13:04'),(432,'f','2016-01-30','South Judahview',132,'2019-12-27 19:13:04'),(433,'f','2002-08-29','Treutelshire',133,'2019-12-27 19:13:04'),(434,'m','1997-08-30','Baileyside',134,'2019-12-27 19:13:04'),(435,'f','1996-06-06','Kemmerport',135,'2019-12-27 19:13:04'),(436,'f','2003-04-15','West Hesterhaven',136,'2019-12-27 19:13:04'),(437,'m','1984-08-12','New Aliyaton',137,'2019-12-27 19:13:04'),(438,'m','1986-07-15','West Lemuel',138,'2019-12-27 19:13:04'),(439,'f','1993-07-16','Ernserburgh',139,'2019-12-27 19:13:04'),(440,'m','2008-08-16','Keelingtown',140,'2019-12-27 19:13:04'),(441,'m','1998-07-01','Declanbury',141,'2019-12-27 19:13:04'),(442,'m','1985-09-11','Lake Arnoberg',142,'2019-12-27 19:13:04'),(443,'m','1971-05-28','South Orinview',143,'2019-12-27 19:13:04'),(444,'m','1975-09-03','Rolfsontown',144,'2019-12-27 19:13:04'),(445,'f','1990-03-15','South Braxton',145,'2019-12-27 19:13:04'),(446,'m','1971-08-16','Lake Katlynn',146,'2019-12-27 19:13:04'),(447,'m','1991-04-09','Taureanville',147,'2019-12-27 19:13:04'),(448,'m','2007-04-16','Nolanborough',148,'2019-12-27 19:13:04'),(449,'m','1974-06-18','West Brittanyport',149,'2019-12-27 19:13:04'),(450,'f','2009-04-22','West Janelle',150,'2019-12-27 19:13:04'),(451,'f','2008-07-16','Connellystad',151,'2019-12-27 19:13:04'),(452,'f','1985-04-26','West Danyka',152,'2019-12-27 19:13:04'),(453,'m','2012-09-09','North Doyle',153,'2019-12-27 19:13:04'),(454,'m','1986-01-16','Stiedemanntown',154,'2019-12-27 19:13:04'),(455,'f','1976-08-01','West Darlene',155,'2019-12-27 19:13:04'),(456,'f','1995-05-05','Christyhaven',156,'2019-12-27 19:13:04'),(457,'f','2003-12-20','West Luellatown',157,'2019-12-27 19:13:04'),(458,'m','1981-05-21','West Florida',158,'2019-12-27 19:13:04'),(459,'f','2003-08-13','North Quentin',159,'2019-12-27 19:13:04'),(460,'f','2013-02-11','New Elseville',160,'2019-12-27 19:13:04'),(461,'m','2006-01-28','North Jeanne',161,'2019-12-27 19:13:04'),(462,'m','2007-05-07','North Axelport',162,'2019-12-27 19:13:04'),(463,'m','2004-05-15','Marcelinaland',163,'2019-12-27 19:13:04'),(464,'f','1984-03-03','Braunburgh',164,'2019-12-27 19:13:04'),(465,'m','1986-11-08','North Corbinhaven',165,'2019-12-27 19:13:04'),(466,'m','1987-03-05','Elianefurt',166,'2019-12-27 19:13:04'),(467,'f','2006-11-25','Leannonport',167,'2019-12-27 19:13:04'),(468,'f','1979-10-21','Raushire',168,'2019-12-27 19:13:04'),(469,'m','1984-10-12','Boganchester',169,'2019-12-27 19:13:04'),(470,'f','1987-02-21','Oscarbury',170,'2019-12-27 19:13:04'),(471,'f','2000-09-06','Port Katelin',171,'2019-12-27 19:13:04'),(472,'m','2002-11-16','West Jerrell',172,'2019-12-27 19:13:04'),(473,'m','1999-04-03','Ilamouth',173,'2019-12-27 19:13:04'),(474,'f','1993-03-12','West Brannonmouth',174,'2019-12-27 19:13:04'),(475,'f','2007-05-07','East Kelsieport',175,'2019-12-27 19:13:04'),(476,'f','2011-07-03','New Nichole',176,'2019-12-27 19:13:04'),(477,'m','1987-06-09','West Kayleighport',177,'2019-12-27 19:13:04'),(478,'f','2002-06-18','Starkbury',178,'2019-12-27 19:13:04'),(479,'m','1980-03-06','Malvinamouth',179,'2019-12-27 19:13:04'),(480,'m','2013-05-19','Lefflerburgh',180,'2019-12-27 19:13:04'),(481,'f','1971-06-09','Gutmannberg',181,'2019-12-27 19:13:04'),(482,'f','1977-09-04','Lake Rebekamouth',182,'2019-12-27 19:13:04'),(483,'f','2005-09-30','Tatyanamouth',183,'2019-12-27 19:13:04'),(484,'m','1971-04-09','North Dewitt',184,'2019-12-27 19:13:04'),(485,'m','2006-09-10','Sigurdshire',185,'2019-12-27 19:13:04'),(486,'m','1981-08-18','West Danielleville',186,'2019-12-27 19:13:04'),(487,'f','1989-11-09','Asaborough',187,'2019-12-27 19:13:04'),(488,'f','2004-06-11','West Reillyland',188,'2019-12-27 19:13:04'),(489,'f','1979-10-01','Port Margretland',189,'2019-12-27 19:13:04'),(490,'m','1987-10-26','Borisfort',190,'2019-12-27 19:13:04'),(491,'f','1992-12-02','Port Othomouth',191,'2019-12-27 19:13:04'),(492,'m','1998-08-21','Erdmanburgh',192,'2019-12-27 19:13:04'),(493,'f','2006-03-12','Bruenmouth',193,'2019-12-27 19:13:04'),(494,'f','1987-04-22','New Jaydon',194,'2019-12-27 19:13:04'),(495,'m','1991-07-10','South Ethan',195,'2019-12-27 19:13:04'),(496,'f','1985-03-19','Lake Kayleemouth',196,'2019-12-27 19:13:04'),(497,'m','1986-01-06','McLaughlintown',197,'2019-12-27 19:13:04'),(498,'m','2015-03-14','East Donavonport',198,'2019-12-27 19:13:04'),(499,'m','1993-09-03','Jacobimouth',199,'2019-12-27 19:13:04'),(500,'m','2015-12-28','North Parkertown',200,'2019-12-27 19:13:04');
/*!40000 ALTER TABLE `profiles` ENABLE KEYS */;
UNLOCK TABLES;

--
-- Table structure for table `target_types`
--

DROP TABLE IF EXISTS `target_types`;
/*!40101 SET @saved_cs_client     = @@character_set_client */;
/*!50503 SET character_set_client = utf8mb4 */;
CREATE TABLE `target_types` (
  `id` int unsigned NOT NULL AUTO_INCREMENT,
  `name` varchar(255) NOT NULL,
  `created_at` datetime DEFAULT CURRENT_TIMESTAMP,
  PRIMARY KEY (`id`),
  UNIQUE KEY `name` (`name`)
) ENGINE=InnoDB AUTO_INCREMENT=5 DEFAULT CHARSET=utf8mb4 COLLATE=utf8mb4_0900_ai_ci;
/*!40101 SET character_set_client = @saved_cs_client */;

--
-- Dumping data for table `target_types`
--

LOCK TABLES `target_types` WRITE;
/*!40000 ALTER TABLE `target_types` DISABLE KEYS */;
INSERT INTO `target_types` VALUES (1,'messages','2020-01-16 20:41:43'),(2,'users','2020-01-16 20:41:43'),(3,'media','2020-01-16 20:41:43'),(4,'posts','2020-01-16 20:41:43');
/*!40000 ALTER TABLE `target_types` ENABLE KEYS */;
UNLOCK TABLES;

--
-- Table structure for table `users`
--

DROP TABLE IF EXISTS `users`;
/*!40101 SET @saved_cs_client     = @@character_set_client */;
/*!50503 SET character_set_client = utf8mb4 */;
CREATE TABLE `users` (
  `id` int unsigned NOT NULL AUTO_INCREMENT,
  `first_name` varchar(100) CHARACTER SET utf8 COLLATE utf8_unicode_ci NOT NULL,
  `last_name` varchar(100) CHARACTER SET utf8 COLLATE utf8_unicode_ci NOT NULL,
  `email` varchar(120) CHARACTER SET utf8 COLLATE utf8_unicode_ci NOT NULL,
  `phone` varchar(120) CHARACTER SET utf8 COLLATE utf8_unicode_ci NOT NULL,
  `created_at` datetime DEFAULT CURRENT_TIMESTAMP,
  `updated_at` datetime DEFAULT CURRENT_TIMESTAMP ON UPDATE CURRENT_TIMESTAMP,
  PRIMARY KEY (`id`),
  UNIQUE KEY `email` (`email`),
  UNIQUE KEY `phone` (`phone`)
) ENGINE=InnoDB AUTO_INCREMENT=501 DEFAULT CHARSET=utf8 COLLATE=utf8_unicode_ci;
/*!40101 SET character_set_client = @saved_cs_client */;

--
-- Dumping data for table `users`
--

LOCK TABLES `users` WRITE;
/*!40000 ALTER TABLE `users` DISABLE KEYS */;
INSERT INTO `users` VALUES (1,'Dawn','Grant','bill63@example.org','(156)785-2418','1995-12-12 18:15:56','1970-01-08 11:00:06'),(2,'Salma','Carroll','maye.purdy@example.com','1-619-354-5221x15681','1985-10-13 18:45:36','2006-04-08 16:39:35'),(3,'Aurelio','Murphy','umurphy@example.org','1-612-152-8986','1990-08-16 09:41:40','1982-12-03 11:03:58'),(4,'Jordon','Watsica','casper.cristal@example.net','(781)424-5308x1896','1997-11-09 17:58:39','1989-04-20 05:47:36'),(5,'Ines','Gerhold','aniya00@example.org','1-377-606-0879','1974-11-03 11:29:04','1977-04-14 12:50:02'),(6,'Ara','Koss','sschaefer@example.org','(544)606-3506x27625','1982-05-01 08:45:44','2001-05-17 18:58:35'),(7,'Wendy','Stehr','brown.amina@example.net','660.655.5785','2005-11-04 01:36:28','1989-04-17 05:57:42'),(8,'Watson','Gutkowski','cremin.reuben@example.org','1-208-986-5686x337','1987-01-31 01:49:00','2002-05-30 01:49:24'),(9,'Lee','Schroeder','tbeatty@example.org','1-099-720-3507','1984-12-24 21:27:06','2016-05-25 08:04:27'),(10,'Abe','Zulauf','block.juliana@example.net','595-226-1418','2013-06-05 02:09:42','1982-05-12 23:36:22'),(11,'Georgiana','Johnston','cora.kub@example.org','1-505-416-0368x8962','2009-01-30 08:22:04','1970-02-09 06:17:22'),(12,'Johnathon','Sanford','tito07@example.net','07755451814','2017-08-03 08:02:47','1984-01-14 03:51:43'),(13,'Lupe','McCullough','kennedy.brakus@example.org','(715)134-0392x818','2004-02-03 01:15:55','2001-07-05 00:18:51'),(14,'Cassidy','Cormier','baumbach.elnora@example.org','774.493.4987x2375','1985-04-11 19:25:21','2003-11-07 10:28:48'),(15,'Jaime','Crooks','modesto62@example.net','02004695287','2012-06-05 16:13:00','1971-09-21 12:45:47'),(16,'Magdalen','Stroman','augustine.herzog@example.org','978.613.1316x5379','2016-06-04 20:13:00','1994-09-05 07:08:55'),(17,'Bart','Hermann','hassie00@example.net','215.027.7244x6349','1976-10-15 06:42:53','1998-07-10 20:09:37'),(18,'Margarita','Dicki','qschuppe@example.net','763-424-5328','2002-01-15 21:05:37','1996-03-29 18:14:00'),(19,'Laurie','Hermann','toni.schimmel@example.org','1-998-787-5824x7856','1971-02-06 22:03:56','1978-12-19 07:59:56'),(20,'Vinnie','Keebler','wgoyette@example.net','528.228.8717','2008-12-06 09:23:02','1998-07-05 15:58:09'),(21,'Alvina','Pouros','etillman@example.net','(842)259-6136x1382','1970-06-03 02:45:14','2019-07-06 16:22:10'),(22,'Amelia','Moen','luettgen.tyreek@example.com','598.115.8700','2000-11-09 12:48:57','1974-01-20 12:01:04'),(23,'Ervin','Little','yrutherford@example.com','915-803-4014x38643','1978-05-07 03:56:35','1999-07-01 20:51:32'),(24,'Kaitlyn','Gaylord','odie55@example.org','309.718.6163','2002-06-09 01:09:37','1970-09-09 18:21:58'),(25,'Addison','Wunsch','arnulfo.wiza@example.org','+34(3)4540002731','1997-02-19 13:27:40','1971-03-22 17:33:20'),(26,'Antonina','Gaylord','herzog.marina@example.net','1-345-433-4416x4384','1979-08-31 07:26:14','2008-09-26 23:27:41'),(27,'Lenore','Morissette','eldon49@example.net','1-997-256-1760x08127','1994-01-01 10:04:15','2018-03-25 03:51:34'),(28,'Bradford','Rodriguez','kelli.monahan@example.com','(129)386-3934x188','2013-11-22 14:00:41','1978-01-06 13:22:38'),(29,'Jayne','Stroman','tessie55@example.net','+85(0)0693818390','2005-08-20 01:35:30','1997-12-15 17:14:50'),(30,'Modesta','Schiller','swift.alize@example.com','088.979.0926x862','2005-09-21 15:43:53','1989-12-10 10:53:35'),(31,'Lon','Littel','shirley.mraz@example.com','(711)209-8842','1997-05-08 01:32:46','2016-12-07 20:20:47'),(32,'Robbie','Witting','dixie.o\'keefe@example.org','349.761.8325x3640','1977-07-17 10:42:09','1985-09-18 14:16:31'),(33,'Hunter','Romaguera','efritsch@example.com','+35(5)6209375899','2013-03-06 03:38:13','2010-01-29 20:22:02'),(34,'Dejah','Ward','woodrow.lesch@example.org','720.432.0742x2102','2007-03-19 02:06:26','1999-06-28 14:01:34'),(35,'Muriel','Wiegand','yzemlak@example.net','990-490-8464x37980','1978-12-21 14:48:01','1972-05-16 00:16:04'),(36,'Raymond','O\'Connell','santa55@example.org','(856)829-4506','1989-02-15 01:00:15','1994-06-27 12:26:27'),(37,'Lelah','Padberg','gail.ward@example.com','166-766-2735x963','1973-03-15 06:20:05','2001-09-30 11:08:52'),(38,'Mitchell','Ratke','hlynch@example.net','985-461-2302x558','2002-03-01 14:05:20','2007-09-19 22:36:03'),(39,'Dewitt','McKenzie','vena.rohan@example.net','+00(4)8845105249','1971-12-06 14:37:00','1996-09-13 06:42:21'),(40,'Tavares','Torphy','janessa45@example.com','1-315-681-4892','2019-06-08 03:39:14','1972-06-10 08:15:45'),(41,'Kari','Keeling','myah08@example.net','(514)958-9320x89336','1989-04-21 21:01:37','1988-06-09 14:16:01'),(42,'Mackenzie','Jaskolski','dyost@example.org','02925035175','2017-05-19 14:53:21','2000-03-11 05:04:38'),(43,'Cordelia','Volkman','marianne.cormier@example.net','1-328-399-9508x43573','1973-09-15 05:06:36','2007-06-15 18:41:11'),(44,'Arturo','Rodriguez','ho\'reilly@example.com','713.318.3406','2013-04-04 06:33:57','1989-08-06 16:47:01'),(45,'Abraham','Hayes','bgleason@example.net','1-122-876-0437x45924','2018-12-19 12:46:32','1987-07-01 03:32:17'),(46,'Cullen','Daniel','eliza.macejkovic@example.org','1-432-989-5201x9764','1993-12-14 13:27:08','1974-05-10 17:05:41'),(47,'Mallory','Monahan','stroman.jefferey@example.com','589-817-7150x6361','1995-10-12 00:29:25','1996-04-27 01:34:52'),(48,'Dominique','Bartoletti','qtromp@example.net','(138)203-2862x720','2005-01-11 11:43:21','1996-05-25 11:59:53'),(49,'Cora','Tremblay','oceane.keebler@example.com','1-867-476-3902x572','2015-06-08 22:07:15','1976-10-21 04:56:53'),(50,'Jessica','Wilderman','ofelia72@example.org','+28(0)8550011470','2001-05-26 07:18:45','1983-01-14 09:50:30'),(51,'Jeanne','Wolf','nestor55@example.com','+98(8)8465884395','2006-08-05 04:59:30','2014-05-29 01:29:18'),(52,'Ethan','Russel','tyree48@example.com','1-491-660-5965x818','2000-06-04 19:23:33','2002-03-20 15:20:04'),(53,'Amiya','Daniel','ecremin@example.net','(523)511-5694','2009-08-20 17:45:01','1977-03-11 13:34:55'),(54,'Dimitri','Grady','schimmel.garett@example.net','1-219-790-1340x839','1999-11-12 01:16:38','2016-01-11 10:52:18'),(55,'Christophe','Kassulke','yasmeen.bogan@example.org','958.160.4090','2002-12-21 17:45:48','2010-10-17 23:01:34'),(56,'Name','Kshlerin','vreinger@example.com','874-360-5703','1975-12-02 04:19:32','1979-12-17 22:53:36'),(57,'Mohammad','Runolfsdottir','fgutmann@example.org','250-931-9427','2013-03-24 16:46:35','1990-03-17 17:49:22'),(58,'Jessica','Gusikowski','nico.corkery@example.org','1-302-279-1214x5588','1998-10-14 13:24:29','1982-04-04 23:55:11'),(59,'Alfonzo','Tillman','kilback.alanna@example.org','(157)556-6830x74218','2003-10-19 23:29:19','1983-07-20 00:32:24'),(60,'Lane','Kemmer','wintheiser.efrain@example.net','968.799.4156x7426','1997-12-22 09:33:32','2015-07-24 18:35:37'),(61,'Daryl','Nitzsche','ucollins@example.org','526.699.3915','1984-12-15 06:47:31','2006-01-07 14:19:25'),(62,'Libby','Mante','oernser@example.com','406.623.9115','2000-12-03 14:28:53','1974-06-27 00:52:07'),(63,'Hoyt','Ryan','o\'connell.janice@example.org','246.992.5233x988','2007-05-29 04:42:13','2005-11-22 05:34:09'),(64,'Cathrine','Fadel','xmertz@example.com','036.631.3716','2012-12-30 05:54:32','1985-07-03 16:19:55'),(65,'Myrl','Runolfsson','jaufderhar@example.org','910.505.0762x4640','1992-03-13 09:10:56','1978-02-01 23:11:35'),(66,'Casper','Thompson','naomi57@example.net','(716)249-7040x44424','2009-01-02 08:59:28','2003-08-18 00:52:59'),(67,'Derrick','Brakus','mdaugherty@example.com','(936)988-0162x151','2009-12-17 01:08:28','2005-08-11 00:59:59'),(68,'Alysha','Gerlach','kiera.sporer@example.org','1-287-105-7229x5260','2019-10-23 22:15:47','1995-06-30 08:50:37'),(69,'Emanuel','Waelchi','xrutherford@example.net','889.044.2221x6563','1979-05-01 05:06:59','1973-10-20 02:05:32'),(70,'Adelia','Schowalter','spencer.sally@example.net','1-797-724-2712x534','2007-05-05 02:11:02','1981-04-20 13:35:01'),(71,'Susie','Ledner','marianna12@example.org','(956)002-1912x1770','2001-03-14 12:13:13','1977-12-15 22:12:06'),(72,'Vicenta','Prohaska','gdeckow@example.com','519.921.4911','1975-03-27 12:07:43','2019-10-30 12:21:12'),(73,'Kaylie','Crist','joesph.daugherty@example.org','1-105-876-9874x84797','1989-09-12 01:09:50','1981-04-01 04:17:33'),(74,'Lupe','Schaden','smante@example.com','1-244-922-2183','2010-01-31 05:20:15','1979-06-03 22:20:49'),(75,'Eileen','Shields','smitham.bethel@example.com','1-033-282-4662','1996-11-30 19:44:28','1975-08-14 11:29:19'),(76,'Dayna','Glover','nolan76@example.com','09344100789','1994-12-22 04:46:05','1974-12-17 19:25:26'),(77,'Violette','Schaefer','schoen.joel@example.org','1-736-176-8259x1854','1989-03-04 18:27:50','2000-11-30 14:21:10'),(78,'Lindsey','Spencer','sanford.sandra@example.com','09947305036','2019-07-20 15:31:02','2016-06-22 11:07:11'),(79,'Gia','Weber','cecile25@example.com','413.457.3037','2019-03-06 14:25:17','2012-09-10 00:24:28'),(80,'Clement','Wolff','merlin64@example.net','1-414-888-5812x7003','1994-07-22 16:54:46','1983-05-26 21:42:19'),(81,'Vicky','Bauch','elta36@example.net','+58(3)3328828793','1987-10-21 20:08:54','1980-01-01 21:28:47'),(82,'Carson','VonRueden','jordi75@example.com','+11(2)6700173399','1996-09-15 03:41:39','2007-02-05 01:28:36'),(83,'Julie','Deckow','windler.wilford@example.org','+27(7)5120559573','2015-09-21 01:03:40','2006-12-21 11:07:58'),(84,'Lenora','Blanda','jbartoletti@example.org','02047287778','2003-05-14 14:51:30','2013-12-24 09:34:03'),(85,'Glennie','Auer','enoch.botsford@example.com','1-393-257-7245','2010-09-18 16:02:05','1997-07-09 12:31:37'),(86,'Creola','Fadel','khauck@example.com','(370)233-9563x29195','2006-09-25 17:18:48','1990-07-13 09:12:37'),(87,'Vicente','Murphy','berniece61@example.net','1-435-577-2828x673','1998-08-21 18:29:18','1994-07-22 05:27:14'),(88,'Beth','Beier','bpagac@example.net','985-173-6251x795','1986-08-21 10:39:35','1979-03-20 21:32:53'),(89,'Darby','Beier','lindsey83@example.net','975-506-3172x4944','1990-12-18 14:22:51','2007-11-18 18:24:50'),(90,'Oscar','Wintheiser','fmclaughlin@example.net','09858646450','2003-02-08 22:51:52','2016-03-14 01:03:45'),(91,'Lionel','Greenfelder','peyton73@example.net','961-526-3021x7175','1999-11-26 11:24:20','1999-01-09 06:02:51'),(92,'Berenice','Hamill','kimberly63@example.com','037-609-1580x07244','2017-06-24 19:13:23','2002-04-21 19:39:07'),(93,'Jules','Larson','marisa18@example.net','(393)159-7462x89189','1997-12-24 04:21:32','2006-07-02 07:48:09'),(94,'Salvatore','Lockman','olson.arvilla@example.org','+31(0)7085127887','1976-11-25 18:36:58','1990-02-23 12:44:59'),(95,'Demetris','Donnelly','rickie.hoeger@example.net','(882)701-2112','1984-04-03 10:59:27','2000-12-24 23:02:38'),(96,'Silas','Franecki','altenwerth.jaida@example.org','992.705.8911','1974-04-22 19:59:44','2014-03-26 23:35:11'),(97,'Arnulfo','Jast','josh11@example.com','473.918.2823','2003-03-31 03:50:49','1972-08-23 19:11:46'),(98,'Ardella','Stokes','ankunding.karson@example.com','(378)129-4202','2013-10-22 11:16:11','1984-03-08 01:02:57'),(99,'Davonte','Kuhic','buckridge.travis@example.com','02781050362','1987-09-17 15:32:54','2005-10-16 20:48:49'),(100,'Cynthia','O\'Keefe','sven77@example.com','+49(8)4047365984','2001-02-01 20:31:38','1977-06-16 04:00:49'),(101,'Izaiah','Kuhn','tressa53@example.org','953-108-8295','1982-09-10 02:35:12','1974-09-16 12:52:58'),(102,'Ayden','Walsh','marian07@example.org','(209)275-9208','1977-08-03 13:28:03','2006-12-31 04:36:57'),(103,'Donny','Wisoky','ankunding.drew@example.org','02489473598','2009-06-13 17:40:38','1970-11-15 03:32:25'),(104,'Raphael','Kerluke','marco.dare@example.com','(220)773-7220x490','2009-07-19 17:14:11','1971-04-03 08:31:09'),(105,'Leann','Schuppe','eliseo.conroy@example.net','07123307228','1997-03-10 08:56:54','1982-02-21 20:42:07'),(106,'Keshawn','Raynor','corkery.garett@example.net','1-966-189-1034x3555','2008-03-05 20:52:56','1977-06-11 21:11:36'),(107,'Lauryn','Gerhold','gregoria50@example.com','358-223-6572','1980-08-29 20:21:43','1971-10-30 06:51:45'),(108,'Max','Volkman','ondricka.kamryn@example.com','(993)994-4297x469','1977-09-06 21:38:46','1999-07-26 19:00:21'),(109,'Alan','Mayer','lind.kareem@example.net','485.329.4471x4984','1996-10-21 19:53:02','1997-01-24 19:16:07'),(110,'Godfrey','Dibbert','leanna.windler@example.net','1-243-888-1393x53396','1995-02-22 12:54:24','1990-08-07 12:40:09'),(111,'Micah','Kautzer','zvonrueden@example.net','+98(3)9305840033','1976-11-09 20:11:49','1983-11-29 01:08:13'),(112,'Kareem','Kunde','sammy.strosin@example.com','044.543.9365x40682','1972-10-16 18:56:06','2006-04-24 19:47:55'),(113,'Tony','Schmitt','macie.dare@example.net','279.706.2517','1985-03-02 21:31:31','2004-01-21 21:53:40'),(114,'Rubie','Stroman','rmohr@example.org','09371726885','1987-03-13 13:11:52','1979-06-23 18:05:15'),(115,'Howard','Stamm','weissnat.courtney@example.net','200-523-4311x05367','1978-12-29 17:59:56','2001-09-12 15:14:33'),(116,'Elisa','Friesen','ludie.shields@example.org','00276812811','1982-06-29 02:24:04','2004-10-04 23:05:55'),(117,'Hulda','Adams','rhuels@example.org','801-212-3167x74525','2006-12-18 03:29:08','1977-06-04 22:34:29'),(118,'Dawn','Price','madeline86@example.org','(144)847-4002x4539','1984-08-25 05:32:58','2008-08-08 18:52:23'),(119,'Spencer','Stokes','raynor.kurt@example.com','1-580-131-3181','2005-05-18 12:29:12','1991-06-06 01:31:22'),(120,'Presley','Lynch','krista.gerlach@example.com','(179)948-8215x475','2001-10-11 02:09:42','1972-08-31 10:55:18'),(121,'Edyth','Leuschke','rferry@example.com','1-716-391-9309x958','1972-08-20 15:40:02','1980-02-10 08:45:45'),(122,'Eloise','Hintz','ahickle@example.org','729.471.2570','2009-12-25 01:25:42','1995-01-10 21:44:34'),(123,'Novella','Nienow','suzanne.mclaughlin@example.org','(457)911-5063x39915','2015-03-06 03:13:08','1970-02-10 10:49:02'),(124,'Kaleigh','Boyle','wellington55@example.org','393.692.1539','1997-10-12 11:05:44','1995-08-11 01:28:13'),(125,'Jeffery','Medhurst','abigale.reichert@example.org','930-656-2807','1975-02-27 12:47:00','1989-11-11 20:46:28'),(126,'Marcelle','Kautzer','erolfson@example.net','1-368-136-0651x640','2016-03-11 13:53:38','1996-12-06 00:47:29'),(127,'Brown','Runolfsdottir','zoberbrunner@example.net','(730)682-0020x797','1984-09-01 07:07:21','2019-08-01 11:07:59'),(128,'Alessandra','Will','go\'keefe@example.com','272.197.6305x350','1971-11-11 18:14:28','1987-11-10 08:14:22'),(129,'Florine','Kertzmann','swift.milo@example.com','127.729.8710','2006-10-01 22:17:01','1988-09-23 22:35:00'),(130,'Earlene','Lakin','vweissnat@example.com','1-987-822-2470x886','1979-12-03 03:04:07','2006-10-14 19:47:07'),(131,'Hailey','Douglas','retha.kulas@example.org','00794577580','2005-10-15 21:03:19','2017-07-17 22:15:13'),(132,'Rosie','Hegmann','stroman.aiyana@example.org','1-700-415-4081','1984-10-15 09:41:19','1971-07-18 03:19:29'),(133,'Johnny','McLaughlin','langworth.hermina@example.net','+02(5)9288088150','1980-04-24 14:17:30','1993-10-14 00:05:38'),(134,'Hermann','Turner','zkohler@example.net','+01(2)4633476752','1999-12-29 19:48:58','1975-06-04 03:00:13'),(135,'Lauryn','Nicolas','homenick.russel@example.com','107.016.6062x9695','1973-12-07 21:16:56','1981-05-21 05:53:03'),(136,'Domenick','Carter','xturcotte@example.com','260-795-7928','1976-04-20 07:55:47','2012-04-02 03:38:44'),(137,'Jaylan','Langosh','vbednar@example.org','073.385.3843x9874','1984-10-05 07:15:42','2017-04-14 13:40:32'),(138,'Chase','Kautzer','corene39@example.org','500-687-6635','2019-09-11 06:09:10','1984-07-18 09:21:56'),(139,'Tommie','Wunsch','ajacobson@example.org','(040)148-7486','2004-06-06 06:10:45','2015-03-02 18:39:17'),(140,'Griffin','Hudson','hsteuber@example.org','509-807-4735x221','2019-02-05 15:07:18','2017-07-29 03:51:27'),(141,'Makenna','Olson','sylvester.zboncak@example.net','522-876-5030x28619','1970-02-27 01:49:32','2014-12-24 19:42:14'),(142,'Emma','Herzog','qlangosh@example.org','08000393998','1995-08-12 03:50:50','1980-10-23 11:19:11'),(143,'Shanel','Mayer','misty27@example.org','167.434.6237x55055','2001-09-15 17:04:47','2011-06-23 02:18:09'),(144,'Rene','Boyer','pascale.strosin@example.net','07791574743','1992-04-25 05:01:00','1970-07-28 12:42:19'),(145,'Carmen','Stroman','cartwright.tiffany@example.org','1-985-292-3031','2004-10-14 07:29:48','2015-02-25 13:22:17'),(146,'Elvera','Paucek','murphy.vita@example.net','(076)622-1811x55902','1987-05-29 09:47:04','2002-10-04 22:03:53'),(147,'Ed','Volkman','obraun@example.com','05167958361','1979-03-09 12:53:55','1979-03-18 12:39:38'),(148,'Consuelo','Walker','jolie.abernathy@example.org','00761843641','2016-11-25 01:15:23','2012-01-14 18:09:40'),(149,'Horace','Casper','patsy.roob@example.org','1-239-166-5783','2005-02-24 06:10:26','1986-05-17 22:29:09'),(150,'Mia','Wisozk','claudine76@example.net','191-852-9725x380','1986-11-21 17:19:46','1970-10-28 02:01:51'),(151,'Brenna','Conroy','natalia.harvey@example.com','1-606-406-8618x35238','1998-03-06 04:00:36','1995-10-27 10:57:18'),(152,'Erin','Casper','johnston.maurice@example.net','602.053.4140x19635','1970-07-04 01:36:50','2008-09-24 09:55:35'),(153,'Agustina','Altenwerth','anya.heidenreich@example.com','1-113-123-7698','1986-10-13 12:48:42','1993-01-03 18:52:14'),(154,'Chelsie','Jerde','dmueller@example.org','1-781-234-9480x80862','2018-06-20 01:46:01','1977-06-22 00:35:51'),(155,'Kayden','Wolf','mlakin@example.com','630-629-3805x957','2013-08-24 03:19:06','1995-05-25 17:31:49'),(156,'Jon','Bruen','nbernhard@example.net','550.799.0415','1975-02-22 21:12:59','2006-07-28 16:17:44'),(157,'Noemie','Green','cfarrell@example.org','878-964-1010','1984-05-11 19:08:13','1975-04-08 08:03:19'),(158,'Nikolas','Will','jessie78@example.com','(420)790-9129x51404','1983-06-29 16:15:37','1996-09-01 01:31:28'),(159,'Rickie','White','friesen.llewellyn@example.com','1-989-529-3752x105','2000-02-17 04:03:05','1997-04-18 18:14:25'),(160,'Gerard','Romaguera','adolph76@example.org','962.030.8113','2015-07-28 20:38:46','2008-01-24 17:43:57'),(161,'Imogene','Deckow','heller.vernie@example.org','963.096.9581','1985-08-25 16:55:58','1986-04-19 09:55:31'),(162,'Adan','Leffler','marvin.lowe@example.net','1-861-969-9212x7142','2006-12-08 11:34:45','1985-06-12 00:01:12'),(163,'Jameson','Osinski','harmony89@example.org','09424409685','1983-09-27 11:59:21','2007-04-29 09:56:50'),(164,'Tiffany','Connelly','greenholt.nick@example.org','+61(8)5397819300','1988-10-15 00:52:51','2005-03-13 15:47:18'),(165,'Haley','Reinger','mia.cruickshank@example.com','992-451-4082x212','2003-10-15 06:05:36','2002-01-12 07:37:27'),(166,'Hassan','Purdy','wilhelmine53@example.net','08127341460','2006-03-22 09:53:58','2018-04-01 01:41:34'),(167,'Baron','Greenfelder','eda37@example.org','575-727-5737','1994-04-22 21:47:03','2010-05-10 00:04:31'),(168,'Nikolas','Cummerata','ngleichner@example.net','1-008-200-1970','1997-06-09 15:25:02','1981-12-05 04:29:40'),(169,'Alanis','Kirlin','jonathon.watsica@example.org','01060492983','2006-06-06 22:17:09','1974-07-30 22:42:06'),(170,'Toby','Becker','feest.benedict@example.net','268-108-2615x6856','1998-06-15 11:58:44','2008-11-07 23:35:58'),(171,'Frances','Smith','conn.emie@example.org','04023313916','2014-01-12 08:48:30','2016-05-20 04:41:37'),(172,'Meggie','Fisher','rebeka.russel@example.com','1-098-118-6110x92215','2003-03-24 15:11:28','2015-05-31 08:41:24'),(173,'Richie','Bogan','lauren.schroeder@example.org','01381962396','1975-10-01 08:03:57','2004-09-22 13:52:46'),(174,'Casandra','McGlynn','gutkowski.vivianne@example.net','274-522-0796x526','1981-02-03 15:20:37','1985-10-20 12:14:20'),(175,'Kylie','Larson','joany08@example.com','(541)933-1817x7875','2019-01-10 03:33:19','1979-01-15 19:00:30'),(176,'Juana','Jaskolski','joannie75@example.com','206.492.6756x885','2013-08-17 09:35:12','1984-07-10 18:17:10'),(177,'Edwin','Vandervort','casimer88@example.org','1-025-141-4247','1973-07-18 15:33:04','1999-07-14 00:00:02'),(178,'Adan','Hammes','annabel19@example.com','757-394-4746','1978-04-24 02:47:31','1980-01-12 22:35:48'),(179,'Raquel','Kozey','iliana.mertz@example.com','646.136.1389x9202','1986-02-07 21:24:58','1970-01-23 06:23:35'),(180,'Darian','Goldner','terry64@example.org','(466)033-3960','1979-12-04 17:24:10','2017-08-26 17:18:40'),(181,'Alanna','Ebert','ekemmer@example.org','1-026-808-5830x65917','2008-11-09 13:33:14','1982-06-07 16:44:11'),(182,'Vernie','Toy','wjerde@example.net','+79(1)4590272407','1983-01-19 02:58:03','1979-05-24 00:50:23'),(183,'Braxton','Batz','therese.lebsack@example.net','(868)379-8760','2012-07-17 16:07:06','2002-11-14 12:09:16'),(184,'Nona','Konopelski','cgislason@example.com','217.008.9400','1994-12-03 01:50:00','1987-12-24 17:02:02'),(185,'Luisa','Nitzsche','wellington.thiel@example.net','161-071-6242x0302','2015-12-29 22:25:04','1978-03-29 18:03:50'),(186,'April','Wilkinson','ambrose.hahn@example.com','1-002-570-1982','1974-12-18 14:08:28','2001-08-13 04:59:48'),(187,'Dahlia','Zemlak','mertz.krista@example.net','870-195-6712','1985-05-19 10:57:57','2007-09-18 06:03:24'),(188,'Andrew','Schroeder','vwalsh@example.net','789-051-4913x04402','1983-09-12 08:13:18','1979-01-27 15:36:42'),(189,'Heber','Champlin','carmelo91@example.net','325.418.7280','2008-08-26 22:47:35','1983-06-14 21:10:00'),(190,'Antoinette','Johnston','vnader@example.org','1-800-452-2040','2000-04-16 14:13:18','2019-11-06 16:14:28'),(191,'Leonor','Quitzon','mosciski.emil@example.net','1-094-651-7202x41130','1988-01-06 16:02:40','2012-05-09 20:33:38'),(192,'Vincent','Lueilwitz','elmer.kunde@example.com','1-890-819-1578x5422','2004-02-17 03:44:29','1985-01-10 04:24:06'),(193,'Fanny','Haag','grant.bernie@example.com','662-626-6518','1999-11-24 15:05:05','1991-01-20 03:45:25'),(194,'Meredith','Monahan','heller.payton@example.net','514.085.4615','1977-10-12 05:51:21','1972-02-17 10:21:09'),(195,'Josiane','Wisozk','beahan.hilton@example.com','+94(0)8333966166','2011-05-13 12:58:02','1970-08-12 16:50:59'),(196,'Angela','McClure','alanis22@example.net','(944)701-1832','1986-10-27 07:39:40','1974-03-27 00:25:45'),(197,'Libbie','Schneider','lenore36@example.org','(626)023-6462','1975-02-21 23:12:51','2019-04-29 00:21:15'),(198,'Reinhold','Terry','helga.luettgen@example.org','(366)726-6448','2000-07-12 08:12:33','2007-06-15 19:17:52'),(199,'Rosalinda','Langworth','jgusikowski@example.org','(681)251-6538','1987-06-16 20:00:30','1986-05-30 09:06:36'),(200,'Adaline','Crooks','nmonahan@example.com','737.384.0322x75239','1987-03-20 18:51:10','1994-11-16 11:03:24'),(201,'Mikel','Howe','ken13@example.org','(168)396-8422x02759','1989-03-10 03:21:33','1986-01-11 12:16:40'),(202,'Alva','Howell','jordane07@example.net','+45(3)8741840839','2019-11-23 15:57:37','2006-12-10 01:16:52'),(203,'Ruben','Breitenberg','darrick.emard@example.org','675-339-7973x33250','2018-07-24 02:10:42','2010-11-27 10:42:57'),(204,'Melyssa','Toy','heidi61@example.com','+87(1)0284211022','1982-01-22 20:03:48','1971-03-11 17:48:10'),(205,'Rachel','Bruen','connelly.nelle@example.com','(039)391-3646x003','1982-05-24 13:10:02','1983-04-12 11:35:20'),(206,'John','Howell','alexander.carroll@example.net','(950)376-7079','2013-06-25 14:39:08','1973-05-01 02:45:19'),(207,'Jada','Keebler','hvandervort@example.com','1-985-104-9886x689','2015-11-26 14:16:52','2018-09-24 22:19:51'),(208,'Giovanna','Purdy','wiegand.laverna@example.org','1-974-911-7883','1983-02-17 22:54:53','2015-05-23 07:20:44'),(209,'Rasheed','Bogan','xgutkowski@example.com','(469)886-8827x18015','2002-01-04 18:48:17','2008-02-02 08:42:52'),(210,'Wilson','Kovacek','torp.ian@example.com','193-308-4733','2001-12-29 09:14:46','1993-02-25 03:48:35'),(211,'Obie','Koepp','ghilpert@example.com','01182071538','2013-09-23 01:54:02','2009-06-15 00:57:11'),(212,'Dayne','Pagac','pgulgowski@example.com','372-678-1811x492','1991-11-29 01:52:13','2007-09-12 00:23:36'),(213,'Araceli','Kihn','enrique.bergstrom@example.net','+29(8)7649829672','1986-03-10 16:48:56','1987-01-09 13:15:54'),(214,'Reagan','Kuhlman','brent50@example.net','077-251-0269x2901','1979-08-21 13:21:05','2007-03-18 18:57:05'),(215,'Marilie','Kemmer','dtromp@example.com','07740637554','2011-08-26 00:33:33','2003-09-16 05:26:38'),(216,'Amira','Hammes','shields.libbie@example.org','277-855-8387','1997-11-21 08:06:53','2010-02-21 02:48:15'),(217,'Liana','Moore','trinity69@example.net','(759)723-4701x4623','2019-12-19 12:41:37','1973-07-15 09:05:38'),(218,'Sadye','Kerluke','kenneth03@example.net','582-888-5085x95523','1998-01-06 08:06:48','1979-11-10 13:54:07'),(219,'Edyth','Steuber','rhett.wolff@example.net','439-575-1045x5431','1985-12-10 20:29:43','2016-07-01 17:45:40'),(220,'Travis','Lueilwitz','cole44@example.org','05023377587','1992-12-21 21:57:40','1984-05-01 22:47:57'),(221,'Marie','Zulauf','arne.schamberger@example.com','1-438-347-8520x674','2016-11-08 21:20:51','2019-04-03 23:13:27'),(222,'Jarod','Frami','corwin.gayle@example.com','693.392.9688','1974-03-14 16:27:11','1986-07-30 04:28:50'),(223,'Vaughn','Schumm','ro\'kon@example.net','(529)551-6738','1995-04-19 07:35:54','1994-07-24 13:54:30'),(224,'Brain','Lang','yost.tristin@example.org','965.955.2727','2007-05-29 19:55:14','2002-04-23 22:22:22'),(225,'Elliot','Schimmel','mhermiston@example.net','347-734-9331x8071','1978-02-15 04:37:55','2000-06-20 17:30:56'),(226,'Garland','Huels','scottie06@example.net','1-790-256-9196x8844','2007-10-07 10:17:15','1995-10-06 17:59:15'),(227,'Lon','Stroman','dschaden@example.org','(898)469-0199','2006-12-20 15:29:15','1984-02-26 09:36:33'),(228,'Keenan','Labadie','dannie41@example.org','985.661.5116','2019-08-11 19:43:08','1995-12-30 14:16:22'),(229,'Tommie','Carter','brook.vonrueden@example.org','+81(5)0919034929','2014-05-24 14:03:45','2001-04-04 06:42:44'),(230,'Darrell','Jacobi','lboyle@example.org','895.414.1246x7713','1980-03-03 02:34:56','1977-03-13 12:07:16'),(231,'Maude','Daugherty','robb70@example.net','(376)737-3046x837','1989-04-28 06:24:43','2017-06-08 04:10:24'),(232,'Esta','Barton','west.jorge@example.net','470.534.0669x32932','2014-04-22 19:33:36','2002-03-05 05:36:47'),(233,'Thad','Boyle','towne.libby@example.org','122-279-3456','2007-02-15 05:48:44','1986-06-10 02:53:07'),(234,'Mariano','Deckow','emorar@example.net','204.491.1869x2718','2012-02-15 22:07:10','2011-12-27 10:38:56'),(235,'Mya','Harris','genesis.gaylord@example.com','1-322-706-6886x118','1996-01-07 20:17:13','2013-11-30 15:09:02'),(236,'Norberto','D\'Amore','flavio04@example.net','252-533-4150','1998-06-22 05:20:19','1993-11-24 18:59:30'),(237,'Eloisa','Balistreri','yazmin58@example.com','899.200.2959','2007-06-25 02:33:04','1983-08-18 04:26:00'),(238,'Rosa','Murazik','eugene85@example.org','774.400.4695x2598','2011-06-18 07:40:18','2008-02-16 14:11:28'),(239,'Sarah','Ziemann','gkling@example.net','(545)054-6284','1974-12-12 14:58:48','2010-02-25 18:22:08'),(240,'Turner','Ledner','citlalli19@example.com','1-645-847-0108x4325','1983-06-15 21:43:50','2014-10-09 20:49:10'),(241,'Marina','Marvin','ylabadie@example.org','1-114-114-9303','1990-01-13 09:29:10','1999-03-09 05:21:02'),(242,'Kyleigh','Breitenberg','rose.schultz@example.net','1-238-717-3026x198','1999-07-10 20:11:19','1984-04-13 16:11:18'),(243,'Nels','Keebler','thompson.margot@example.net','(804)611-0437x1102','1976-12-19 00:42:38','1985-04-28 04:03:01'),(244,'Katelyn','Runte','herzog.donna@example.org','05849381844','1991-04-24 13:38:15','1977-05-15 08:36:43'),(245,'Ruby','Howe','dayton21@example.com','09290497458','2014-05-16 11:33:13','1982-03-31 17:36:19'),(246,'Carley','Leffler','sydney.hilpert@example.com','(188)426-0067x49324','2014-09-20 21:52:18','2009-01-12 17:15:56'),(247,'Anjali','Kuhlman','otromp@example.net','1-108-429-2175x18910','1978-09-15 07:16:52','2010-03-19 20:03:45'),(248,'Elsa','Kerluke','abdullah64@example.org','1-143-706-4479','2005-07-11 23:18:23','1985-08-19 10:20:01'),(249,'Eliza','Gaylord','albin74@example.com','05712177616','1990-10-05 23:07:49','1984-09-17 14:13:19'),(250,'Tara','Ryan','ransom.cormier@example.net','(760)367-8351x359','1994-11-06 13:55:53','2013-05-09 08:43:22'),(251,'Meta','Parisian','sanford.marc@example.com','1-142-308-1592x980','2011-04-13 21:00:33','2005-09-28 12:10:31'),(252,'Anne','Schroeder','lysanne.kautzer@example.org','769-921-6258x414','1974-04-26 08:05:39','1990-12-12 13:28:57'),(253,'Abelardo','Bednar','robel.xavier@example.com','(471)683-8853x2348','1975-09-26 22:04:37','1997-12-20 22:45:29'),(254,'Jude','Ritchie','osinski.erika@example.org','(268)365-3771','1993-03-23 00:58:58','2017-07-22 00:59:24'),(255,'Orlando','Metz','herminia83@example.org','732.265.5166','2007-07-05 11:09:14','2008-11-14 16:48:53'),(256,'Ofelia','Osinski','quincy53@example.org','255.984.5283','1997-05-19 13:22:29','2015-10-23 11:37:18'),(257,'Cody','Cronin','jeanne35@example.com','(099)625-0443x102','2000-06-04 16:12:41','2001-08-11 19:49:34'),(258,'Christ','Kshlerin','smith.olga@example.org','844.284.3834','1995-11-27 13:16:15','2007-03-27 04:12:22'),(259,'Christine','Grant','sidney.senger@example.net','819-283-0691','1995-06-22 09:53:01','1975-01-27 06:27:22'),(260,'Delphine','Bashirian','lera59@example.net','366-569-8526','1990-05-25 21:22:16','1989-01-12 02:03:57'),(261,'Jermey','Trantow','julia.franecki@example.net','1-523-353-7229','1995-01-16 09:24:05','2007-02-27 03:51:30'),(262,'Maddison','Schinner','ocorwin@example.net','(347)532-7888x830','2011-09-13 17:04:01','2009-08-28 20:34:12'),(263,'Granville','Mraz','mafalda37@example.net','1-159-421-9828x8155','2005-10-03 15:32:34','1978-09-25 16:44:46'),(264,'Anissa','Kemmer','lillian56@example.com','1-672-011-2535x09746','1987-08-19 21:36:55','2011-03-22 23:17:22'),(265,'Meagan','Nicolas','sasha37@example.net','(241)023-0655','1975-05-02 03:39:11','2003-06-05 15:54:49'),(266,'Coy','Nikolaus','devonte.funk@example.org','(308)287-2839','2018-11-07 08:57:41','2015-06-16 18:19:56'),(267,'Alexis','Spencer','kathryne.mayer@example.org','(473)299-1653x021','2015-11-24 02:19:24','1972-11-07 07:50:28'),(268,'Idell','Adams','kreiger.gideon@example.com','529.021.4475','1997-03-28 09:59:15','1999-10-25 15:34:26'),(269,'Mireille','VonRueden','rau.adrian@example.net','831.926.0425','1998-01-25 01:25:39','1976-03-17 18:41:19'),(270,'Rico','Reinger','buckridge.earnest@example.net','786.210.7149x2698','2011-01-17 11:05:32','1999-12-31 10:33:43'),(271,'Camren','Fadel','clint.russel@example.org','271-851-2956x668','1995-07-22 19:34:00','2004-08-27 20:14:02'),(272,'Aliza','Berge','iwaters@example.com','04137328263','2016-07-08 07:59:31','1974-11-21 00:05:20'),(273,'Alvina','Rath','haven24@example.com','1-535-324-9177','2017-10-14 11:47:07','1993-10-22 14:15:08'),(274,'Mustafa','Mohr','howe.maudie@example.org','1-534-345-4647x327','1997-10-07 14:00:15','2010-04-16 08:34:04'),(275,'Lenny','Murazik','delphine30@example.net','(660)475-4784x9673','1975-12-15 00:02:17','2015-03-20 02:30:59'),(276,'Nettie','Leuschke','khalil.o\'hara@example.net','+16(4)5015987532','1996-08-15 16:01:45','2003-11-03 08:45:23'),(277,'Chester','Macejkovic','wlarkin@example.org','(488)710-1592x05992','1985-05-16 02:33:26','2005-03-14 19:55:08'),(278,'Demetrius','Kihn','ozella.powlowski@example.org','(691)898-2385','2018-11-25 01:18:30','1999-05-01 22:11:24'),(279,'Minnie','McClure','hyman89@example.net','579-403-8713','1991-03-02 11:10:14','1972-09-27 14:37:50'),(280,'Juliet','Muller','jaquan82@example.org','601.341.3999','1984-11-23 21:33:01','2017-07-04 20:38:05'),(281,'Ryley','Collins','zelma82@example.net','1-606-434-3669x938','1990-10-01 15:15:24','1982-10-24 03:53:38'),(282,'Carley','Dibbert','ylebsack@example.net','528-887-4695x955','1996-06-22 16:47:15','1989-05-02 14:03:51'),(283,'Claudine','Gorczany','hellen.orn@example.org','174-733-8971x123','1982-08-07 23:39:07','1991-10-14 00:17:26'),(284,'Adrianna','Lind','pierre.weissnat@example.org','054.836.4530','1973-06-17 12:24:20','2008-04-12 17:21:13'),(285,'Dustin','Harvey','grimes.charley@example.com','335.683.5529x1587','2014-05-17 20:17:55','1994-03-25 19:47:22'),(286,'Roger','Grant','sam.collier@example.net','+40(8)4826403935','1999-12-21 00:36:43','1986-06-29 10:20:46'),(287,'Madalyn','McLaughlin','sbergnaum@example.net','459.179.6023x99789','1978-11-05 05:50:28','1989-07-23 12:34:01'),(288,'Assunta','Wolff','sally.rippin@example.net','1-601-246-8506x66833','2000-10-24 11:20:05','1990-04-28 18:45:05'),(289,'Eugenia','Padberg','dgibson@example.net','(996)923-8610','2013-12-01 22:43:14','1972-05-17 02:57:29'),(290,'Melissa','Daniel','lhilpert@example.org','1-290-589-7678','2013-02-10 15:24:19','2009-01-04 13:59:07'),(291,'Tiara','Terry','nbailey@example.com','936-626-9324x2582','2010-02-26 08:39:16','1973-05-16 23:53:00'),(292,'Leila','Tromp','pbruen@example.org','912.990.6119x4323','2016-09-13 18:08:51','2007-03-08 07:04:13'),(293,'Kenyatta','Herzog','lbogisich@example.net','(996)299-4566x115','1980-07-06 07:05:17','1992-08-05 11:43:57'),(294,'Lucy','Sporer','stark.lucio@example.com','(538)277-9135x75319','1981-07-14 04:28:18','1998-12-08 21:40:06'),(295,'Leda','Legros','dlabadie@example.com','(661)383-8989x4270','1974-02-07 12:25:29','1980-01-14 14:15:47'),(296,'Viviane','Jaskolski','raynor.dillan@example.org','+75(8)1187917093','2013-08-22 04:51:47','1978-12-01 11:56:32'),(297,'Humberto','Haag','kuphal.charlie@example.com','042-130-2557','2000-12-21 00:01:34','2001-09-27 21:12:11'),(298,'Cleora','Mohr','demond.rau@example.com','1-719-738-9855','2017-08-09 17:54:49','2013-06-12 12:54:12'),(299,'Pearlie','Ruecker','miguel.schumm@example.com','+49(3)7286761818','1999-09-02 18:01:29','1998-05-19 12:01:56'),(300,'Kristy','Huel','rpfeffer@example.net','071-398-9203x337','1976-11-14 14:06:42','1978-06-16 03:27:26'),(301,'Lorenzo','Langworth','mgreenholt@example.net','1-712-793-0778','2015-11-05 17:58:15','1993-08-10 02:02:22'),(302,'Oren','Bartell','jodie36@example.com','574.951.7593x102','1975-02-19 08:35:57','2008-05-07 21:32:29'),(303,'Noemy','Cronin','kfisher@example.org','(095)643-8529x7959','1976-02-15 21:35:49','1980-01-22 07:59:34'),(304,'Dayton','Ruecker','randall31@example.org','06333287682','2005-09-22 09:17:50','1982-12-26 08:47:49'),(305,'Kiarra','Nicolas','bmckenzie@example.com','+34(4)9472422811','1985-03-21 19:30:13','1973-01-07 11:27:08'),(306,'Wilbert','McDermott','esther.purdy@example.com','(406)143-1092x963','2005-04-12 21:38:56','2013-12-15 04:36:45'),(307,'Saul','Bechtelar','vinnie52@example.org','1-774-324-6989','2013-04-11 08:04:38','2010-07-29 23:10:05'),(308,'Vaughn','Shields','brennon72@example.org','760.459.3443','2010-08-20 04:30:24','1989-08-31 10:25:28'),(309,'Ivory','Sauer','marcella28@example.com','146.182.6069x1409','2005-07-13 18:40:48','1988-06-09 04:59:32'),(310,'Cierra','Jenkins','marjorie62@example.org','(362)789-2560','1989-07-18 01:47:28','2016-12-18 23:35:51'),(311,'Conner','Mertz','jaida.lakin@example.com','726-938-3515','1993-08-22 17:07:44','1994-11-24 01:58:56'),(312,'Destini','Flatley','berenice75@example.org','089-123-5358x77630','2004-11-20 20:41:36','1987-06-09 06:24:16'),(313,'Douglas','Stehr','kendrick40@example.com','041.240.6689x881','2016-06-02 15:41:41','2004-07-18 19:50:56'),(314,'Carlie','Ullrich','toy.ashlynn@example.org','(478)619-6432','2015-04-17 19:16:40','2003-04-08 14:58:34'),(315,'Jeff','Waters','ruben33@example.com','(795)536-0584','1981-04-15 18:29:07','1978-04-06 21:06:42'),(316,'Stan','Murray','nathaniel.purdy@example.org','1-125-209-3065','1998-04-05 12:53:15','1982-07-10 19:26:46'),(317,'Grover','Bauch','ethel92@example.net','(590)475-6894x884','1992-09-08 12:06:15','2010-03-01 13:20:48'),(318,'Ava','Barrows','sigurd.dicki@example.net','322.021.6617','1972-08-19 14:42:18','2017-05-24 10:34:52'),(319,'Kaylee','Roberts','conroy.shanna@example.com','1-819-280-1665','2002-02-08 21:17:20','2002-01-29 17:46:36'),(320,'Lilyan','Treutel','rblick@example.org','026.282.0214','2004-04-29 20:26:05','2018-07-19 14:26:17'),(321,'Mohammad','Yost','corkery.concepcion@example.com','281-265-8454','1984-05-01 14:07:39','1978-03-17 13:56:46'),(322,'Annie','Bartell','boris.daniel@example.net','902.130.8641','2009-03-25 02:13:24','1972-12-15 15:33:39'),(323,'Kelsi','Wisoky','nstracke@example.com','(194)785-3722x0699','2005-01-16 15:10:58','1991-03-17 05:15:56'),(324,'Sincere','Haley','jeremie.mosciski@example.net','1-351-057-5425x32601','1999-07-16 04:17:41','2004-02-07 07:25:12'),(325,'Ignatius','Roob','jwaelchi@example.net','380-502-5295x3822','2010-01-10 11:53:01','1985-03-26 03:44:36'),(326,'Danial','Weimann','dubuque.novella@example.org','(349)015-3308','2015-05-10 10:18:49','1973-10-02 20:25:01'),(327,'Adrienne','Bednar','rebert@example.net','+46(3)9114740903','1977-12-29 22:11:55','2009-03-05 13:54:49'),(328,'Birdie','Hoppe','durward57@example.com','02899000023','1975-10-23 13:07:57','1973-09-26 12:16:47'),(329,'Trent','Mante','jeanie98@example.com','(700)871-8113','2011-06-26 14:39:10','1991-11-15 10:44:22'),(330,'Camryn','Swaniawski','charlene.goodwin@example.net','(496)843-7635','2006-01-17 10:20:16','1992-01-14 12:24:03'),(331,'Randall','Rolfson','hodkiewicz.veda@example.com','209-844-0451','1978-10-28 15:37:09','1983-03-06 20:52:23'),(332,'Lesley','Cormier','eugene.mitchell@example.net','1-758-449-6362','2006-09-23 21:21:27','1977-03-12 01:59:21'),(333,'Dillan','Botsford','ernie27@example.org','+21(6)8859023407','1982-12-20 07:59:11','1974-03-04 13:57:51'),(334,'Courtney','Yundt','idonnelly@example.com','922.325.0325','1984-01-01 23:25:18','1991-04-23 01:17:04'),(335,'Chance','Ruecker','treva98@example.net','(165)821-3449','1985-05-17 10:10:41','2013-02-26 07:59:07'),(336,'Sylvan','Bradtke','sherwood.medhurst@example.net','+71(0)0392652539','1978-12-08 01:13:30','1990-05-01 10:01:08'),(337,'Reva','Hamill','bmurray@example.org','(094)519-4192x123','1970-05-27 22:49:43','1983-02-26 20:20:42'),(338,'Jeffry','Herman','marcelina.weissnat@example.net','289.382.1318x187','1972-09-18 18:13:46','1999-04-26 10:46:05'),(339,'Antonette','Hoppe','bborer@example.com','312-667-6021x838','1973-12-28 07:37:10','1988-08-30 14:15:55'),(340,'Darby','Ryan','eo\'conner@example.org','(819)656-9807','1973-09-29 03:28:30','2011-10-04 19:21:01'),(341,'Giovanni','Keeling','ryley.hirthe@example.com','02202295927','1977-10-21 23:30:45','1981-09-17 13:58:21'),(342,'Erika','Bashirian','esther20@example.com','170-087-2965x9095','1987-11-28 12:17:28','2002-08-29 05:47:31'),(343,'Tre','Rempel','gsporer@example.net','306.180.2079x681','2019-04-01 13:12:53','1989-08-21 16:09:28'),(344,'Juana','Heller','zieme.georgianna@example.org','336.749.0259','1987-07-02 20:01:48','1995-03-16 07:35:38'),(345,'Jess','Heller','miracle54@example.net','203-347-4012x11575','1974-06-16 03:43:58','1995-11-08 01:11:50'),(346,'Tomas','Boehm','hmiller@example.net','+97(7)8951576545','2019-12-14 15:55:03','1991-06-03 01:12:33'),(347,'Angel','Nolan','ukemmer@example.net','012-001-8516','2018-06-28 05:08:32','1988-04-13 00:09:15'),(348,'Everardo','Weissnat','bmraz@example.com','+11(1)0484794010','1983-10-30 23:41:17','2016-05-23 20:58:17'),(349,'Fidel','Koepp','eloisa.carter@example.org','067-362-5368x7257','1977-01-19 09:43:36','1980-08-04 07:02:18'),(350,'Valentine','Johnston','shemar05@example.net','985-397-0770x418','1972-07-03 09:50:06','1991-03-12 20:40:20'),(351,'Reinhold','Predovic','walter.adelle@example.org','504.804.8721x71991','1978-07-05 23:17:25','1983-11-20 18:32:58'),(352,'Breanne','Ward','ngibson@example.net','1-829-488-6279x42706','2011-06-16 06:19:59','1984-05-31 00:48:47'),(353,'Herman','Kling','upton.missouri@example.org','(515)532-1911','1971-09-13 10:08:15','1971-04-03 16:24:17'),(354,'Kattie','Klocko','nikki62@example.org','159.592.3944','2006-08-30 12:12:48','1994-09-06 15:30:11'),(355,'Marc','Schaefer','uhuels@example.net','862-033-4974','2016-03-11 16:39:43','1993-06-12 01:30:37'),(356,'Natasha','Zieme','ukoelpin@example.com','028-568-4571x371','1971-06-18 10:48:24','2009-06-17 12:52:42'),(357,'Israel','Orn','stefanie.bogan@example.net','07271589735','1981-05-04 17:39:21','2008-03-12 06:58:05'),(358,'Clay','Bosco','lkihn@example.com','062.773.8641x7032','1973-01-20 15:20:09','1971-10-26 03:36:53'),(359,'Tressa','Gaylord','bfahey@example.com','+72(8)3340256494','2007-04-21 23:10:19','1970-05-18 14:55:32'),(360,'Mellie','Lebsack','windler.esther@example.org','06071394627','2003-06-12 08:57:59','1979-09-21 05:29:54'),(361,'Roman','Bayer','vlangworth@example.org','1-357-440-6739x911','2004-06-04 16:04:46','1988-05-20 07:03:44'),(362,'Zena','Feest','klein.fleta@example.net','(950)611-6338','2019-06-10 06:43:36','2010-11-18 12:50:44'),(363,'Kaela','O\'Kon','adrain.harvey@example.org','314-618-2561','1978-08-04 20:05:52','1981-02-23 06:38:52'),(364,'Christiana','Turcotte','torey94@example.net','1-915-242-5516x52786','2005-08-22 12:55:10','2000-01-02 10:59:14'),(365,'Brock','Boyle','felicita18@example.org','08270357965','1985-01-19 03:43:07','2001-05-26 01:37:17'),(366,'Terence','Swaniawski','louvenia19@example.net','684-601-9074','1971-07-23 10:54:59','2000-12-20 02:14:26'),(367,'Bert','Towne','mwilliamson@example.org','836-010-5446','1970-12-05 00:27:52','2016-12-15 19:35:39'),(368,'Hellen','Dicki','agustin90@example.net','809.537.1262','1977-06-23 23:16:27','1976-01-09 10:21:52'),(369,'Rosamond','Conroy','reuben.gottlieb@example.net','1-916-692-6876x032','2008-02-24 07:53:35','2005-03-30 12:38:34'),(370,'Joshua','Gibson','white.colby@example.com','(959)003-8856x293','2006-02-21 13:26:04','1994-07-29 23:50:58'),(371,'Kaylin','Gulgowski','alessandro.little@example.net','1-317-499-0840x4334','2002-02-28 18:16:30','1970-02-24 21:52:42'),(372,'Mekhi','Kuhic','lueilwitz.cole@example.net','1-373-415-9576','2011-07-14 11:24:24','2017-02-06 17:37:31'),(373,'Jason','Breitenberg','braxton94@example.net','146-893-7690','2002-03-24 12:22:25','1997-06-06 10:40:35'),(374,'Dell','Jones','hettie22@example.com','(309)380-5393x89039','1999-11-30 09:06:13','1981-09-24 12:01:56'),(375,'Nannie','Oberbrunner','gutmann.katelyn@example.org','07274144423','1970-10-20 14:49:00','2007-07-04 03:44:58'),(376,'King','Conn','herzog.aracely@example.org','+45(6)8871635199','2005-01-29 23:02:01','2016-11-17 12:20:45'),(377,'Lexus','Romaguera','delpha.nicolas@example.net','1-919-587-7398','2015-12-05 01:00:34','2006-03-30 13:19:51'),(378,'Marquise','Wilderman','gryan@example.net','(669)783-0144x3329','1985-03-10 00:11:37','1979-10-07 20:02:55'),(379,'Cary','Will','nico.fisher@example.net','527-987-6670x76907','1972-12-10 11:03:51','1990-04-14 22:14:49'),(380,'Harold','Sanford','kcummerata@example.net','1-131-775-9164x22830','2012-10-29 11:14:21','2015-10-30 22:54:54'),(381,'Delfina','Purdy','hkerluke@example.com','1-578-918-2397','2009-12-27 20:36:16','1985-02-23 06:25:45'),(382,'Kylee','Schultz','jena52@example.com','1-141-592-7090x3511','2003-12-21 03:59:28','1979-09-04 15:20:52'),(383,'Luna','Boyer','deckow.nils@example.net','04444687832','2007-11-25 19:27:07','2019-12-20 21:59:20'),(384,'Pansy','Buckridge','cjaskolski@example.com','1-844-863-8462x64214','1986-08-25 19:03:31','2012-01-09 04:35:37'),(385,'Meaghan','Wiza','gusikowski.lilliana@example.net','716.953.9597x5892','1988-11-15 04:18:21','1997-04-28 09:59:53'),(386,'Casper','Bahringer','madelyn59@example.org','(887)835-2947','2019-06-11 01:18:28','2010-01-30 12:15:32'),(387,'Gregg','Walker','marianna99@example.net','073.746.9418x705','1977-07-29 21:33:57','1996-03-29 21:16:39'),(388,'Marcus','Feest','jackie.hettinger@example.com','1-736-459-8192','1995-10-23 05:58:50','2015-11-11 03:05:15'),(389,'Tanner','Kessler','ojohnston@example.net','1-260-739-9882x6785','2006-03-06 22:50:45','1984-09-01 03:09:17'),(390,'Earl','Kuphal','gustave08@example.net','(757)062-1820x996','1979-11-29 20:18:29','1994-11-18 11:41:08'),(391,'Sibyl','Stoltenberg','udietrich@example.net','1-860-560-9400x6361','1996-04-11 04:41:44','1986-03-03 12:28:50'),(392,'Sanford','Hagenes','celine.walsh@example.net','(628)237-6144','1999-12-23 16:15:22','2017-09-30 10:00:42'),(393,'Carrie','Zemlak','eryn.simonis@example.net','(174)119-4235x02318','1983-11-17 17:32:24','2005-07-14 00:19:02'),(394,'Linda','Fahey','darrin.mcdermott@example.com','1-258-901-0804','1989-01-01 01:12:34','1976-07-30 13:38:35'),(395,'Nickolas','Fisher','marianne.monahan@example.org','100.293.3995','2003-11-14 20:14:26','2017-01-16 22:04:34'),(396,'Adrianna','Krajcik','thompson.lenore@example.com','010-497-6468x6207','1996-03-18 05:52:54','1977-05-29 22:38:27'),(397,'Mike','Ondricka','scartwright@example.com','805.329.7101x2930','1999-06-20 16:47:22','1990-07-29 14:41:50'),(398,'Eleazar','Boyer','htrantow@example.org','741-175-4345x9421','1970-09-14 17:10:22','2011-09-20 08:27:20'),(399,'Jacey','Zulauf','ohayes@example.com','213.225.3815','1992-12-09 03:26:53','1971-03-24 19:13:45'),(400,'Josie','Grady','hartmann.davin@example.org','456-327-7580','2007-07-23 05:22:30','1996-02-04 05:17:33'),(401,'Dawson','Hills','ofelia.dibbert@example.net','932.216.5083x1201','1977-05-31 07:06:14','2018-10-03 12:09:09'),(402,'Amber','Bogan','cole.camryn@example.net','(313)242-1246x8388','2012-10-16 10:59:53','1980-01-01 10:57:32'),(403,'Brenda','Balistreri','vicente58@example.net','445.139.1237x927','1989-07-07 09:39:59','1984-03-02 02:01:10'),(404,'Jabari','Schiller','keyshawn.bednar@example.com','1-210-942-2041','2004-01-03 15:59:37','1979-08-29 09:38:18'),(405,'Marta','Harber','so\'conner@example.org','05211523269','1984-04-28 12:01:05','2007-07-18 05:40:35'),(406,'Jackie','Bailey','schulist.shawna@example.org','1-783-925-6683','2019-01-15 14:02:39','1977-10-31 07:23:42'),(407,'Harley','Cassin','ethel.bogisich@example.com','713.338.3000x548','1976-06-28 05:47:52','2007-03-26 12:49:35'),(408,'John','Gulgowski','karli86@example.com','544-493-7291','1972-03-06 18:05:09','2002-09-26 04:16:58'),(409,'Chaim','Lueilwitz','douglas.jada@example.com','1-021-268-4307','1971-03-26 08:01:02','1977-09-22 03:32:57'),(410,'Jalyn','Crona','gpadberg@example.net','1-459-926-2576','1989-02-14 21:30:10','1997-03-19 09:36:12'),(411,'Shanel','Haag','edwina.west@example.net','870-607-8816','1991-10-05 12:42:40','2008-12-09 12:47:40'),(412,'Esteban','Hessel','qhackett@example.org','363-918-9904x027','2018-04-05 08:46:20','1984-12-01 21:46:45'),(413,'Norene','Gutmann','uhirthe@example.org','590.754.1709x925','2003-07-30 18:31:29','1990-07-17 22:38:14'),(414,'Jacques','Farrell','marvin.wava@example.com','(339)454-3577x15241','1999-11-10 09:36:16','2011-10-19 14:52:02'),(415,'Rhiannon','Veum','witting.ariel@example.org','478-340-8329','1994-08-24 01:52:31','1970-08-25 10:51:06'),(416,'Sonny','Stehr','bianka88@example.org','1-012-169-5561','1989-12-20 12:00:42','1989-10-25 14:05:05'),(417,'Clay','Gaylord','rkuvalis@example.com','763.119.7398x098','2018-07-25 17:43:48','1997-03-15 09:16:05'),(418,'Aurelia','Wisoky','oreilly@example.org','774-636-7058x0792','2006-10-01 20:46:37','1999-01-21 16:59:53'),(419,'Ozella','Douglas','borer.ivah@example.com','+74(1)0546059785','1976-10-19 20:19:57','1970-08-19 20:06:31'),(420,'Timmy','McLaughlin','melyssa69@example.com','493.799.5887x175','1972-02-24 10:28:38','2003-08-27 21:36:51'),(421,'Alexandre','Wunsch','rosemarie.feil@example.com','+64(5)2981431001','1988-02-22 01:43:27','1987-03-31 01:04:01'),(422,'Estella','Donnelly','ethan41@example.net','04780379828','1998-03-18 11:50:36','1991-01-31 17:05:29'),(423,'Emmalee','Morar','rigoberto51@example.com','142-523-5858','1971-02-10 09:03:52','2017-04-03 18:15:41'),(424,'Freida','Sawayn','hansen.madge@example.org','1-601-807-2069','1994-12-11 02:16:48','1999-03-07 02:58:52'),(425,'Adrienne','Wilderman','jovan79@example.com','02659153363','2011-12-03 05:30:02','1997-03-02 17:08:21'),(426,'Colby','Kemmer','lebsack.mazie@example.org','776-105-8787x3222','2014-07-01 03:07:17','1985-09-16 08:23:33'),(427,'Darrell','Corkery','xlubowitz@example.net','958-497-8955','1999-03-18 13:53:26','1979-07-27 23:53:00'),(428,'Emily','Collier','brian.howe@example.net','+64(5)8059282797','1974-08-03 01:04:37','1987-01-09 01:08:41'),(429,'Marquis','Legros','wilderman.trenton@example.net','03361146953','2015-05-03 11:31:59','2016-10-06 05:27:00'),(430,'Hilbert','Dicki','andreanne39@example.com','406-069-8982x5490','2018-02-10 17:40:26','1989-05-23 11:12:53'),(431,'Lexie','Schamberger','petra60@example.com','09421649771','1994-06-26 00:42:45','2014-10-04 21:49:43'),(432,'Dawn','Lindgren','jenkins.deanna@example.org','03707746458','1984-06-30 00:52:37','1990-10-04 18:07:31'),(433,'Titus','Kilback','ebins@example.net','09891155012','1974-09-10 12:04:29','2008-06-10 05:09:07'),(434,'Brandyn','Reichel','grayce.bauch@example.org','+61(7)0975665782','2010-08-27 14:43:29','2016-08-23 11:08:01'),(435,'Zachery','Medhurst','rudolph.shanahan@example.net','(077)217-3326','1972-04-27 02:52:14','1988-04-26 13:03:44'),(436,'Kaitlin','Toy','znader@example.com','902-543-0723','1970-06-25 06:58:54','2011-02-14 09:57:21'),(437,'Amiya','Koepp','lindsay52@example.com','1-712-332-4989','1987-10-09 12:55:01','2016-09-02 13:50:44'),(438,'Avis','Olson','swift.michale@example.net','05862682597','2003-06-25 09:27:37','2010-08-27 20:22:41'),(439,'Cathy','D\'Amore','maud68@example.net','648-051-4561x1591','1989-11-14 12:39:00','1978-10-25 07:18:51'),(440,'Jennifer','Kohler','delta15@example.net','08768138108','1995-02-10 02:59:57','1992-06-01 21:53:52'),(441,'Ford','Upton','raynor.anastacio@example.org','+43(0)8847678117','1977-07-25 16:10:15','1982-09-04 01:09:57'),(442,'Braden','Schowalter','pblanda@example.net','327-664-3364','1999-09-13 00:11:48','1980-05-04 04:52:04'),(443,'Wanda','Bogisich','bonnie.hamill@example.com','076.801.2807','1977-05-30 21:49:47','1973-08-28 01:06:27'),(444,'Amya','Halvorson','kshlerin.rogers@example.net','(682)339-9917','1978-02-07 13:24:10','2014-09-14 23:29:23'),(445,'Shania','Grant','howard.balistreri@example.com','1-110-111-1685','2015-09-21 09:29:13','1989-10-24 11:08:06'),(446,'Maia','Rath','vicente.jacobson@example.net','+66(2)3443554077','2005-02-21 15:45:33','1974-10-31 10:06:25'),(447,'Anabelle','Schimmel','amos90@example.net','+20(1)6984547929','1998-12-01 04:02:26','1992-10-12 20:01:57'),(448,'Colby','Rippin','ryleigh88@example.com','(141)844-2524x463','1994-08-25 09:38:10','2009-07-23 15:33:07'),(449,'Joana','Tremblay','alisa57@example.org','954.003.1648x664','1992-11-29 11:31:59','2004-09-19 04:11:43'),(450,'Madalyn','McDermott','jon.willms@example.org','(670)568-7772','2002-10-03 18:18:08','1979-03-02 13:19:18'),(451,'Leda','Quigley','hbayer@example.net','(736)884-0655x128','2010-09-20 23:46:12','1990-07-05 17:40:15'),(452,'Ellen','Reichert','jules.kautzer@example.org','957.387.9567','1982-03-15 00:46:12','1982-02-20 16:33:22'),(453,'Erich','Heathcote','dkessler@example.net','176.038.1814','2008-07-16 14:40:42','1980-07-16 03:23:03'),(454,'Darrick','Tromp','george.dietrich@example.org','(970)343-3277','2000-11-23 23:52:50','1972-05-22 10:10:54'),(455,'Aryanna','Altenwerth','annette11@example.com','701.621.8088x76988','2008-12-14 16:14:16','1987-03-31 21:54:57'),(456,'Earl','Heller','toy.else@example.org','(670)208-8198x5750','1993-03-21 07:35:05','1993-12-02 16:15:43'),(457,'Gerson','Smith','alfredo.swaniawski@example.org','07940743938','2003-11-24 11:19:07','1983-05-07 08:51:12'),(458,'Kayden','Heidenreich','lennie.conn@example.org','1-327-220-0501','2016-02-27 20:29:19','1970-09-27 07:09:29'),(459,'Ben','Murphy','ervin.hahn@example.net','1-425-839-1543','2011-01-03 17:03:47','1991-07-22 13:06:55'),(460,'Everette','Blanda','gmedhurst@example.org','294-054-1217','2006-09-21 06:44:28','2002-08-14 09:06:45'),(461,'Kim','Robel','purdy.dane@example.org','1-895-159-0132x1816','2004-09-19 02:05:19','2012-09-19 22:41:57'),(462,'Emmy','Kunze','robert.lebsack@example.com','938.154.4340x0692','2015-02-26 13:43:40','2010-06-19 17:59:19'),(463,'Buddy','Hoeger','jerel.mills@example.net','891.338.5709x983','2014-12-26 05:05:03','2014-06-15 15:29:16'),(464,'Jesse','Larson','cheyenne99@example.net','491-796-0882x22086','2001-02-28 03:02:32','1975-01-14 06:06:04'),(465,'Olaf','Lowe','farrell.elizabeth@example.net','683.705.5209','2001-05-19 16:58:18','2010-08-06 08:02:37'),(466,'Tressa','Lubowitz','shanelle.little@example.com','1-831-984-7676x57858','2002-04-15 11:01:35','1994-04-07 18:42:17'),(467,'Paul','Koch','abbott.tomas@example.com','1-666-413-2178x396','1984-05-29 08:26:41','2019-06-03 05:43:19'),(468,'Joanny','Russel','ian46@example.com','1-228-402-8091','1997-01-13 08:05:16','1998-10-30 06:27:07'),(469,'Delia','Kreiger','fdenesik@example.org','564.799.3011x6534','1994-07-27 16:13:06','2005-01-05 13:21:04'),(470,'Cornell','Berge','cconsidine@example.com','867-280-2292','2009-07-19 20:46:57','2017-07-06 22:48:50'),(471,'Ericka','Smitham','casimir.thiel@example.org','(027)572-4047x947','1988-08-10 13:27:15','1996-07-06 00:41:40'),(472,'Tavares','Stoltenberg','rita.pagac@example.com','138-190-1384','2001-09-24 06:17:55','1976-09-28 00:53:12'),(473,'Marcella','Schamberger','earl04@example.com','877-459-2471','1985-02-19 05:19:15','1993-08-20 13:57:39'),(474,'Narciso','Cronin','robert65@example.com','899.516.9763x4510','2012-05-26 18:50:54','1985-07-26 17:18:30'),(475,'Adaline','Rohan','timothy39@example.com','208-783-5527x2729','1977-05-01 13:12:46','2013-11-21 19:37:01'),(476,'Sasha','Metz','lwaelchi@example.com','(300)093-7395','1998-06-20 22:09:08','1993-08-31 12:18:40'),(477,'Emmet','Funk','tillman.gerson@example.net','+85(8)2800036821','1976-03-01 09:07:23','1971-10-26 22:51:52'),(478,'Orrin','Gibson','mante.bella@example.org','(221)297-4639x258','1997-06-14 15:15:19','1983-04-11 09:15:55'),(479,'Lizeth','Kshlerin','cjohnston@example.org','1-027-309-2686x163','2010-06-15 18:09:52','2006-04-22 18:14:48'),(480,'Onie','Gleason','amira56@example.org','520.493.3291','1999-05-16 15:35:58','2006-05-25 18:01:59'),(481,'Trycia','Parisian','spencer.delphia@example.com','+23(8)2548972736','1977-03-18 12:24:23','1985-04-06 23:53:05'),(482,'Santino','Swaniawski','buster.cummerata@example.com','(987)378-0071x3908','1976-08-04 11:35:31','2006-05-21 12:32:58'),(483,'Felix','Daugherty','gleichner.dominique@example.com','412-504-3779x44181','2005-01-26 05:55:45','1990-06-04 20:58:34'),(484,'Brody','Weissnat','meaghan.flatley@example.org','08302592686','1990-04-10 22:11:59','1983-12-23 15:21:37'),(485,'Aliza','Hand','phoebe.beer@example.net','407-452-0077','2000-03-21 21:29:15','1999-06-01 08:43:09'),(486,'Randi','Schmidt','erdman.kylie@example.org','(437)725-7292x39122','1982-07-04 02:03:18','1991-05-31 12:46:05'),(487,'Ladarius','McGlynn','elroy79@example.net','673.412.6505','2007-04-11 19:20:22','1979-11-29 04:08:27'),(488,'Helene','McKenzie','thurman.borer@example.com','006-490-2638x7573','2018-11-05 17:07:02','1978-11-07 04:05:28'),(489,'Kathryne','Beer','jrutherford@example.net','00163322222','1994-11-11 00:16:20','1999-11-19 14:25:20'),(490,'Emma','Lebsack','jovan50@example.com','+27(3)6093911284','1989-11-13 01:19:02','2017-09-27 21:57:01'),(491,'Emie','Schuppe','powlowski.charlotte@example.net','426-022-7184','1993-11-25 04:53:55','1977-05-03 17:03:44'),(492,'Candida','Cruickshank','alexis12@example.com','293-906-4163','2008-09-15 19:45:19','2002-07-02 01:43:05'),(493,'Baylee','Lind','opredovic@example.com','(447)940-5564x753','1978-06-27 11:00:37','1986-09-16 20:12:22'),(494,'Maureen','Braun','osbaldo76@example.org','029-675-6749','2018-06-11 20:36:41','1971-03-15 18:43:29'),(495,'Frieda','Haag','ole.robel@example.net','+30(4)6807028226','2016-10-26 05:42:54','1995-04-30 23:52:03'),(496,'Esta','Weissnat','gbauch@example.com','064.932.5255x30029','2018-10-05 13:16:19','1999-02-25 19:45:31'),(497,'Sister','Kuvalis','mayer.erna@example.org','1-119-642-9550x3764','2013-02-12 01:06:30','1993-02-05 08:57:15'),(498,'Larissa','Walsh','merritt.champlin@example.org','(053)366-9317','1983-12-19 00:49:41','1989-08-03 21:40:53'),(499,'Gunnar','Deckow','jerrod28@example.com','999-266-2325','1987-07-25 20:11:12','1982-03-24 06:22:56'),(500,'Melisa','Hermiston','lind.maxie@example.com','017-974-1772x384','2012-05-16 14:38:51','1977-07-19 20:59:41');
/*!40000 ALTER TABLE `users` ENABLE KEYS */;
UNLOCK TABLES;
/*!40103 SET TIME_ZONE=@OLD_TIME_ZONE */;

/*!40101 SET SQL_MODE=@OLD_SQL_MODE */;
/*!40014 SET FOREIGN_KEY_CHECKS=@OLD_FOREIGN_KEY_CHECKS */;
/*!40014 SET UNIQUE_CHECKS=@OLD_UNIQUE_CHECKS */;
/*!40101 SET CHARACTER_SET_CLIENT=@OLD_CHARACTER_SET_CLIENT */;
/*!40101 SET CHARACTER_SET_RESULTS=@OLD_CHARACTER_SET_RESULTS */;
/*!40101 SET COLLATION_CONNECTION=@OLD_COLLATION_CONNECTION */;
/*!40111 SET SQL_NOTES=@OLD_SQL_NOTES */;

-- Dump completed on 2020-01-17 10:06:51
