ID,Credit Default
1,0
2,0
3,0
4,0
5,1
6,0
7,0
8,1
9,0
10,1
11,0
12,0
13,1
14,0
15,1
16,0
17,0
18,0
19,0
20,0
21,0
22,1
23,1
24,1
25,1
26,0
27,0
28,0
29,0
30,0
31,0
32,0
33,0
34,1
35,0
36,0
37,1
38,0
39,0
40,1
41,1
42,0
43,0
44,0
45,1
46,1
47,0
48,1
49,1
50,1
51,1
52,1
53,0
54,0
55,0
56,0
57,0
58,0
59,1
60,1
61,1
62,0
63,0
64,0
65,0
66,0
67,1
68,0
69,0
70,0
71,0
72,1
73,0
74,0
75,1
76,0
77,1
78,0
79,0
80,0
81,1
82,0
83,0
84,1
85,1
86,0
87,0
88,1
89,0
90,1
91,0
92,0
93,0
94,0
95,0
96,1
97,1
98,0
99,0
100,1
101,0
102,1
103,0
104,0
105,1
106,1
107,1
108,0
109,1
110,1
111,0
112,0
113,0
114,0
115,1
116,0
117,1
118,0
119,1
120,1
121,1
122,0
123,0
124,0
125,0
126,1
127,0
128,0
129,0
130,0
131,0
132,0
133,1
134,0
135,1
136,0
137,1
138,0
139,1
140,0
141,0
142,0
143,0
144,1
145,1
146,1
147,0
148,1
149,1
150,0
151,0
152,0
153,0
154,0
155,1
156,0
157,0
158,0
159,1
160,1
161,0
162,0
163,1
164,1
165,1
166,1
167,1
168,1
169,1
170,0
171,1
172,0
173,0
174,0
175,0
176,0
177,0
178,0
179,1
180,1
181,0
182,1
183,0
184,0
185,0
186,0
187,1
188,0
189,1
190,0
191,0
192,0
193,1
194,1
195,0
196,0
197,0
198,1
199,0
200,1
201,0
202,1
203,0
204,1
205,0
206,1
207,0
208,0
209,0
210,0
211,0
212,0
213,0
214,0
215,1
216,1
217,1
218,1
219,1
220,0
221,0
222,1
223,0
224,1
225,0
226,0
227,1
228,0
229,1
230,1
231,0
232,0
233,0
234,0
235,0
236,1
237,0
238,0
239,0
240,0
241,0
242,1
243,1
244,0
245,0
246,0
247,0
248,0
249,0
250,1
251,0
252,0
253,0
254,0
255,1
256,0
257,0
258,0
259,1
260,0
261,1
262,0
263,0
264,0
265,1
266,1
267,0
268,0
269,0
270,0
271,0
272,1
273,0
274,0
275,0
276,1
277,1
278,0
279,1
280,0
281,0
282,0
283,1
284,0
285,0
286,1
287,0
288,0
289,0
290,0
291,0
292,0
293,1
294,0
295,0
296,0
297,1
298,0
299,0
300,1
301,1
302,0
303,0
304,1
305,0
306,0
307,0
308,0
309,0
310,1
311,0
312,0
313,1
314,0
315,0
316,1
317,0
318,0
319,0
320,0
321,1
322,0
323,0
324,0
325,0
326,1
327,1
328,0
329,0
330,0
331,1
332,1
333,1
334,1
335,0
336,1
337,0
338,0
339,1
340,1
341,0
342,1
343,1
344,1
345,1
346,0
347,0
348,0
349,1
350,1
351,1
352,0
353,1
354,0
355,0
356,0
357,0
358,1
359,0
360,0
361,0
362,0
363,0
364,0
365,0
366,0
367,1
368,0
369,0
370,1
371,0
372,0
373,1
374,0
375,1
376,0
377,1
378,1
379,1
380,0
381,0
382,0
383,0
384,0
385,1
386,1
387,1
388,1
389,1
390,0
391,0
392,0
393,1
394,1
395,0
396,0
397,0
398,0
399,0
400,0
401,0
402,0
403,1
404,0
405,1
406,0
407,0
408,1
409,0
410,1
411,0
412,0
413,1
414,0
415,0
416,0
417,0
418,0
419,0
420,1
421,1
422,1
423,0
424,1
425,0
426,0
427,1
428,0
429,0
430,0
431,0
432,0
433,0
434,0
435,0
436,1
437,1
438,0
439,0
440,0
441,0
442,1
443,0
444,0
445,1
446,0
447,1
448,0
449,1
450,0
451,0
452,1
453,0
454,0
455,0
456,0
457,0
458,1
459,0
460,0
461,0
462,1
463,0
464,0
465,0
466,0
467,1
468,1
469,0
470,0
471,0
472,0
473,1
474,0
475,0
476,1
477,0
478,0
479,1
480,1
481,0
482,0
483,1
484,0
485,0
486,0
487,0
488,0
489,0
490,0
491,1
492,1
493,0
494,0
495,0
496,0
497,0
498,0
499,0
500,1
501,0
502,1
503,1
504,0
505,0
506,0
507,1
508,1
509,0
510,0
511,0
512,0
513,1
514,0
515,0
516,0
517,0
518,1
519,0
520,0
521,0
522,1
523,0
524,0
525,0
526,0
527,0
528,1
529,0
530,0
531,0
532,0
533,1
534,0
535,0
536,0
537,1
538,0
539,0
540,1
541,0
542,0
543,0
544,1
545,0
546,0
547,0
548,0
549,0
550,0
551,1
552,0
553,0
554,0
555,0
556,1
557,1
558,0
559,0
560,1
561,1
562,0
563,0
564,0
565,0
566,1
567,1
568,0
569,1
570,1
571,0
572,1
573,1
574,0
575,1
576,0
577,0
578,0
579,0
580,0
581,0
582,1
583,1
584,0
585,0
586,0
587,0
588,0
589,0
590,0
591,1
592,1
593,1
594,0
595,0
596,1
597,0
598,1
599,0
600,1
601,1
602,1
603,0
604,0
605,0
606,1
607,0
608,0
609,0
610,1
611,0
612,1
613,0
614,1
615,1
616,1
617,0
618,1
619,0
620,0
621,0
622,1
623,1
624,1
625,0
626,1
627,1
628,0
629,0
630,1
631,0
632,0
633,0
634,0
635,0
636,1
637,0
638,0
639,1
640,0
641,0
642,1
643,0
644,0
645,1
646,1
647,0
648,0
649,0
650,0
651,0
652,0
653,0
654,0
655,0
656,0
657,0
658,0
659,1
660,1
661,0
662,0
663,0
664,0
665,0
666,0
667,0
668,1
669,0
670,0
671,1
672,0
673,0
674,0
675,0
676,0
677,1
678,0
679,0
680,0
681,1
682,0
683,0
684,1
685,0
686,0
687,0
688,1
689,0
690,1
691,1
692,0
693,0
694,0
695,1
696,0
697,1
698,0
699,0
700,0
701,1
702,0
703,1
704,0
705,0
706,0
707,1
708,1
709,0
710,0
711,0
712,0
713,0
714,1
715,0
716,1
717,0
718,0
719,0
720,0
721,0
722,0
723,0
724,0
725,1
726,0
727,1
728,1
729,0
730,0
731,1
732,0
733,1
734,0
735,1
736,1
737,1
738,0
739,1
740,0
741,0
742,0
743,0
744,1
745,0
746,0
747,0
748,1
749,1
750,0
751,0
752,0
753,0
754,0
755,0
756,0
757,0
758,0
759,0
760,0
761,0
762,0
763,0
764,0
765,0
766,0
767,1
768,0
769,0
770,0
771,1
772,0
773,0
774,0
775,1
776,1
777,0
778,0
779,0
780,0
781,0
782,1
783,0
784,0
785,1
786,0
787,1
788,0
789,1
790,0
791,0
792,0
793,1
794,0
795,1
796,0
797,0
798,0
799,1
800,0
801,1
802,0
803,0
804,0
805,0
806,0
807,1
808,1
809,0
810,0
811,0
812,1
813,0
814,0
815,0
816,0
817,1
818,0
819,0
820,0
821,1
822,1
823,1
824,0
825,0
826,0
827,0
828,0
829,1
830,0
831,0
832,0
833,1
834,0
835,0
836,0
837,0
838,0
839,1
840,1
841,1
842,1
843,1
844,0
845,0
846,0
847,1
848,0
849,0
850,1
851,0
852,1
853,1
854,0
855,0
856,0
857,1
858,0
859,0
860,0
861,1
862,0
863,0
864,0
865,0
866,1
867,0
868,0
869,1
870,0
871,1
872,0
873,0
874,0
875,0
876,1
877,1
878,1
879,1
880,0
881,1
882,0
883,0
884,0
885,1
886,0
887,1
888,0
889,0
890,1
891,0
892,0
893,1
894,0
895,1
896,0
897,1
898,1
899,1
900,0
901,0
902,0
903,1
904,0
905,0
906,0
907,0
908,0
909,0
910,0
911,1
912,0
913,0
914,1
915,0
916,1
917,0
918,1
919,0
920,1
921,1
922,0
923,0
924,0
925,1
926,1
927,1
928,1
929,0
930,1
931,0
932,0
933,0
934,1
935,0
936,0
937,0
938,0
939,0
940,1
941,1
942,0
943,0
944,0
945,0
946,0
947,0
948,0
949,1
950,0
951,1
952,0
953,1
954,1
955,0
956,1
957,0
958,0
959,1
960,0
961,0
962,0
963,0
964,0
965,0
966,0
967,0
968,0
969,0
970,0
971,0
972,0
973,1
974,0
975,0
976,0
977,0
978,0
979,0
980,1
981,1
982,0
983,1
984,0
985,0
986,1
987,0
988,0
989,0
990,1
991,0
992,1
993,0
994,1
995,0
996,0
997,0
998,0
999,0
1000,0
1001,1
1002,1
1003,0
1004,0
1005,1
1006,0
1007,0
1008,0
1009,0
1010,0
1011,1
1012,1
1013,0
1014,0
1015,1
1016,0
1017,1
1018,0
1019,0
1020,0
1021,1
1022,0
1023,0
1024,0
1025,0
1026,0
1027,1
1028,1
1029,1
1030,0
1031,0
1032,0
1033,0
1034,1
1035,1
1036,1
1037,0
1038,0
1039,0
1040,0
1041,0
1042,0
1043,0
1044,0
1045,1
1046,0
1047,1
1048,0
1049,0
1050,1
1051,0
1052,0
1053,0
1054,0
1055,0
1056,0
1057,0
1058,1
1059,1
1060,1
1061,1
1062,0
1063,1
1064,1
1065,1
1066,0
1067,1
1068,1
1069,0
1070,0
1071,1
1072,1
1073,0
1074,1
1075,1
1076,0
1077,0
1078,0
1079,0
1080,0
1081,0
1082,1
1083,1
1084,1
1085,0
1086,0
1087,1
1088,1
1089,1
1090,0
1091,0
1092,0
1093,1
1094,0
1095,0
1096,1
1097,1
1098,0
1099,0
1100,0
1101,0
1102,1
1103,0
1104,1
1105,0
1106,0
1107,1
1108,0
1109,0
1110,0
1111,1
1112,0
1113,1
1114,0
1115,0
1116,0
1117,1
1118,1
1119,0
1120,0
1121,0
1122,0
1123,0
1124,1
1125,1
1126,0
1127,0
1128,0
1129,0
1130,1
1131,0
1132,0
1133,0
1134,1
1135,1
1136,0
1137,0
1138,0
1139,0
1140,1
1141,1
1142,0
1143,1
1144,0
1145,0
1146,0
1147,0
1148,1
1149,0
1150,0
1151,0
1152,1
1153,0
1154,1
1155,0
1156,1
1157,0
1158,1
1159,0
1160,1
1161,1
1162,1
1163,0
1164,1
1165,0
1166,0
1167,0
1168,1
1169,0
1170,0
1171,1
1172,1
1173,1
1174,0
1175,1
1176,0
1177,0
1178,0
1179,1
1180,1
1181,0
1182,1
1183,1
1184,0
1185,1
1186,0
1187,0
1188,0
1189,0
1190,1
1191,0
1192,1
1193,0
1194,0
1195,1
1196,1
1197,0
1198,1
1199,1
1200,0
1201,1
1202,0
1203,0
1204,1
1205,0
1206,1
1207,1
1208,0
1209,0
1210,1
1211,0
1212,1
1213,0
1214,0
1215,0
1216,0
1217,1
1218,1
1219,0
1220,0
1221,1
1222,0
1223,0
1224,1
1225,0
1226,1
1227,0
1228,1
1229,0
1230,1
1231,1
1232,0
1233,1
1234,1
1235,1
1236,0
1237,1
1238,0
1239,0
1240,0
1241,0
1242,0
1243,0
1244,1
1245,0
1246,0
1247,1
1248,0
1249,0
1250,1
1251,0
1252,0
1253,1
1254,0
1255,1
1256,0
1257,0
1258,0
1259,1
1260,0
1261,1
1262,0
1263,0
1264,1
1265,1
1266,1
1267,0
1268,1
1269,0
1270,0
1271,1
1272,1
1273,1
1274,0
1275,0
1276,0
1277,1
1278,0
1279,1
1280,1
1281,0
1282,0
1283,1
1284,0
1285,1
1286,0
1287,0
1288,0
1289,0
1290,0
1291,1
1292,0
1293,0
1294,1
1295,0
1296,0
1297,0
1298,0
1299,0
1300,0
1301,1
1302,0
1303,0
1304,0
1305,1
1306,0
1307,0
1308,0
1309,0
1310,0
1311,0
1312,0
1313,0
1314,1
1315,1
1316,0
1317,0
1318,0
1319,1
1320,0
1321,0
1322,0
1323,0
1324,0
1325,0
1326,0
1327,0
1328,0
1329,0
1330,0
1331,0
1332,0
1333,0
1334,1
1335,0
1336,0
1337,0
1338,0
1339,1
1340,0
1341,1
1342,0
1343,0
1344,0
1345,1
1346,1
1347,1
1348,0
1349,1
1350,1
1351,0
1352,1
1353,1
1354,0
1355,0
1356,0
1357,0
1358,1
1359,0
1360,1
1361,1
1362,0
1363,1
1364,1
1365,0
1366,0
1367,1
1368,1
1369,0
1370,1
1371,0
1372,1
1373,0
1374,0
1375,1
1376,1
1377,0
1378,0
1379,1
1380,0
1381,0
1382,0
1383,1
1384,1
1385,1
1386,1
1387,0
1388,1
1389,0
1390,0
1391,1
1392,1
1393,1
1394,0
1395,1
1396,0
1397,0
1398,1
1399,1
1400,1
1401,0
1402,0
1403,0
1404,1
1405,0
1406,1
1407,0
1408,1
1409,1
1410,1
1411,0
1412,1
1413,0
1414,1
1415,0
1416,0
1417,0
1418,0
1419,0
1420,0
1421,0
1422,0
1423,0
1424,1
1425,0
1426,0
1427,0
1428,0
1429,0
1430,1
1431,1
1432,0
1433,1
1434,0
1435,1
1436,0
1437,1
1438,0
1439,0
1440,1
1441,0
1442,0
1443,0
1444,0
1445,1
1446,1
1447,1
1448,0
1449,1
1450,0
1451,0
1452,1
1453,1
1454,0
1455,1
1456,0
1457,0
1458,1
1459,0
1460,1
1461,0
1462,0
1463,0
1464,1
1465,0
1466,0
1467,1
1468,1
1469,1
1470,0
1471,1
1472,0
1473,1
1474,0
1475,0
1476,0
1477,0
1478,0
1479,0
1480,0
1481,0
1482,1
1483,0
1484,0
1485,0
1486,0
1487,0
1488,1
1489,1
1490,1
1491,0
1492,0
1493,0
1494,1
1495,0
1496,1
1497,0
1498,0
1499,0
1500,0
1501,1
1502,0
1503,0
1504,0
1505,0
1506,0
1507,0
1508,1
1509,0
1510,1
1511,1
1512,0
1513,1
1514,0
1515,1
1516,1
1517,0
1518,0
1519,1
1520,0
1521,0
1522,1
1523,0
1524,1
1525,1
1526,0
1527,1
1528,0
1529,0
1530,1
1531,1
1532,0
1533,0
1534,0
1535,1
1536,1
1537,0
1538,0
1539,1
1540,0
1541,0
1542,1
1543,0
1544,0
1545,1
1546,1
1547,1
1548,0
1549,1
1550,1
1551,0
1552,0
1553,1
1554,0
1555,0
1556,1
1557,1
1558,0
1559,0
1560,0
1561,0
1562,0
1563,1
1564,1
1565,1
1566,0
1567,0
1568,0
1569,1
1570,0
1571,0
1572,0
1573,1
1574,1
1575,1
1576,0
1577,1
1578,0
1579,0
1580,0
1581,0
1582,1
1583,0
1584,1
1585,1
1586,1
1587,0
1588,0
1589,0
1590,1
1591,0
1592,0
1593,0
1594,0
1595,0
1596,1
1597,0
1598,1
1599,0
1600,1
1601,1
1602,0
1603,0
1604,1
1605,1
1606,0
1607,0
1608,1
1609,1
1610,1
1611,0
1612,0
1613,0
1614,0
1615,0
1616,1
1617,0
1618,1
1619,0
1620,1
1621,0
1622,1
1623,0
1624,1
1625,1
1626,0
1627,0
1628,0
1629,0
1630,0
1631,1
1632,0
1633,1
1634,1
1635,1
1636,0
1637,0
1638,0
1639,0
1640,0
1641,0
1642,0
1643,0
1644,0
1645,1
1646,1
1647,0
1648,0
1649,0
1650,0
1651,0
1652,0
1653,0
1654,0
1655,0
1656,1
1657,0
1658,1
1659,1
1660,0
1661,0
1662,1
1663,0
1664,0
1665,1
1666,0
1667,0
1668,1
1669,0
1670,1
1671,0
1672,1
1673,0
1674,1
1675,0
1676,0
1677,0
1678,1
1679,0
1680,0
1681,0
1682,0
1683,1
1684,0
1685,0
1686,0
1687,0
1688,0
1689,1
1690,0
1691,0
1692,1
1693,0
1694,1
1695,0
1696,0
1697,1
1698,1
1699,0
1700,0
1701,1
1702,0
1703,0
1704,0
1705,0
1706,0
1707,0
1708,0
1709,1
1710,1
1711,1
1712,0
1713,0
1714,1
1715,1
1716,1
1717,0
1718,1
1719,0
1720,0
1721,0
1722,0
1723,1
1724,0
1725,0
1726,0
1727,0
1728,0
1729,0
1730,0
1731,1
1732,0
1733,0
1734,0
1735,1
1736,1
1737,1
1738,0
1739,0
1740,0
1741,1
1742,0
1743,0
1744,1
1745,0
1746,0
1747,0
1748,0
1749,1
1750,0
1751,0
1752,0
1753,0
1754,0
1755,1
1756,0
1757,0
1758,1
1759,0
1760,1
1761,1
1762,0
1763,0
1764,0
1765,1
1766,0
1767,1
1768,1
1769,0
1770,0
1771,0
1772,1
1773,0
1774,0
1775,1
1776,1
1777,0
1778,1
1779,1
1780,0
1781,1
1782,0
1783,0
1784,1
1785,0
1786,0
1787,0
1788,1
1789,0
1790,0
1791,0
1792,0
1793,1
1794,0
1795,0
1796,0
1797,0
1798,0
1799,0
1800,1
1801,0
1802,0
1803,0
1804,0
1805,1
1806,1
1807,0
1808,1
1809,0
1810,1
1811,0
1812,0
1813,0
1814,0
1815,0
1816,0
1817,0
1818,1
1819,0
1820,0
1821,0
1822,1
1823,0
1824,0
1825,1
1826,0
1827,0
1828,0
1829,0
1830,0
1831,1
1832,0
1833,0
1834,1
1835,0
1836,0
1837,1
1838,0
1839,0
1840,0
1841,0
1842,0
1843,0
1844,1
1845,0
1846,0
1847,0
1848,1
1849,0
1850,1
1851,0
1852,1
1853,1
1854,0
1855,1
1856,0
1857,0
1858,0
1859,0
1860,0
1861,1
1862,0
1863,0
1864,1
1865,0
1866,0
1867,0
1868,0
1869,0
1870,1
1871,0
1872,0
1873,0
1874,0
1875,0
1876,0
1877,1
1878,0
1879,0
1880,1
1881,0
1882,1
1883,0
1884,0
1885,0
1886,0
1887,0
1888,0
1889,0
1890,0
1891,0
1892,0
1893,1
1894,0
1895,1
1896,0
1897,1
1898,0
1899,0
1900,0
1901,1
1902,0
1903,0
1904,0
1905,1
1906,1
1907,0
1908,1
1909,0
1910,0
1911,0
1912,1
1913,0
1914,0
1915,0
1916,0
1917,1
1918,0
1919,1
1920,1
1921,0
1922,0
1923,1
1924,1
1925,0
1926,0
1927,0
1928,0
1929,0
1930,0
1931,1
1932,1
1933,0
1934,1
1935,0
1936,0
1937,0
1938,0
1939,0
1940,0
1941,0
1942,1
1943,0
1944,0
1945,0
1946,1
1947,0
1948,0
1949,1
1950,0
1951,0
1952,1
1953,0
1954,0
1955,0
1956,1
1957,1
1958,1
1959,1
1960,1
1961,1
1962,0
1963,0
1964,0
1965,0
1966,0
1967,1
1968,0
1969,1
1970,0
1971,0
1972,0
1973,0
1974,1
1975,0
1976,1
1977,0
1978,0
1979,1
1980,0
1981,1
1982,0
1983,1
1984,1
1985,1
1986,1
1987,0
1988,0
1989,0
1990,1
1991,0
1992,0
1993,1
1994,0
1995,0
1996,0
1997,0
1998,0
1999,0
2000,1
2001,0
2002,1
2003,0
2004,0
2005,0
2006,0
2007,1
2008,0
2009,0
2010,0
2011,1
2012,1
2013,0
2014,1
2015,1
2016,0
2017,1
2018,0
2019,0
2020,0
2021,0
2022,0
2023,0
2024,0
2025,1
2026,0
2027,0
2028,0
2029,0
2030,0
2031,1
2032,1
2033,0
2034,1
2035,1
2036,0
2037,0
2038,0
2039,0
2040,0
2041,0
2042,0
2043,0
2044,1
2045,1
2046,1
2047,1
2048,0
2049,0
2050,0
2051,0
2052,0
2053,1
2054,0
2055,0
2056,0
2057,1
2058,1
2059,0
2060,0
2061,0
2062,0
2063,1
2064,0
2065,1
2066,0
2067,0
2068,0
2069,1
2070,0
2071,1
2072,0
2073,0
2074,0
2075,0
2076,1
2077,0
2078,0
2079,0
2080,1
2081,0
2082,0
2083,1
2084,1
2085,0
2086,0
2087,0
2088,0
2089,0
2090,1
2091,1
2092,0
2093,0
2094,1
2095,0
2096,0
2097,1
2098,1
2099,1
2100,0
2101,1
2102,0
2103,0
2104,1
2105,1
2106,1
2107,0
2108,1
2109,1
2110,1
2111,0
2112,0
2113,1
2114,1
2115,0
2116,0
2117,0
2118,1
2119,0
2120,0
2121,0
2122,1
2123,1
2124,0
2125,0
2126,1
2127,0
2128,0
2129,0
2130,0
2131,1
2132,1
2133,0
2134,0
2135,0
2136,1
2137,1
2138,1
2139,0
2140,0
2141,0
2142,0
2143,0
2144,0
2145,0
2146,1
2147,1
2148,1
2149,0
2150,0
2151,0
2152,1
2153,0
2154,0
2155,0
2156,0
2157,0
2158,1
2159,1
2160,1
2161,0
2162,0
2163,0
2164,1
2165,1
2166,0
2167,1
2168,0
2169,1
2170,0
2171,1
2172,0
2173,0
2174,0
2175,0
2176,0
2177,1
2178,0
2179,0
2180,1
2181,0
2182,0
2183,0
2184,1
2185,1
2186,0
2187,0
2188,1
2189,0
2190,0
2191,1
2192,1
2193,0
2194,1
2195,1
2196,0
2197,0
2198,0
2199,0
2200,0
2201,0
2202,0
2203,1
2204,1
2205,1
2206,0
2207,1
2208,1
2209,1
2210,1
2211,0
2212,1
2213,1
2214,1
2215,0
2216,1
2217,0
2218,1
2219,0
2220,0
2221,1
2222,0
2223,1
2224,0
2225,1
2226,1
2227,0
2228,0
2229,1
2230,0
2231,1
2232,0
2233,0
2234,0
2235,1
2236,0
2237,1
2238,1
2239,1
2240,0
2241,1
2242,0
2243,0
2244,1
2245,0
2246,0
2247,1
2248,0
2249,1
2250,0
2251,0
2252,0
2253,0
2254,0
2255,1
2256,1
2257,1
2258,0
2259,1
2260,0
2261,0
2262,1
2263,0
2264,1
2265,0
2266,0
2267,1
2268,0
2269,1
2270,1
2271,0
2272,0
2273,0
2274,0
2275,0
2276,0
2277,0
2278,1
2279,0
2280,0
2281,1
2282,0
2283,0
2284,0
2285,0
2286,0
2287,0
2288,0
2289,0
2290,0
2291,0
2292,0
2293,1
2294,1
2295,0
2296,1
2297,0
2298,0
2299,0
2300,1
2301,0
2302,0
2303,0
2304,1
2305,0
2306,0
2307,0
2308,1
2309,0
2310,0
2311,0
2312,0
2313,0
2314,1
2315,1
2316,0
2317,1
2318,0
2319,0
2320,0
2321,0
2322,1
2323,1
2324,0
2325,0
2326,0
2327,0
2328,0
2329,1
2330,1
2331,1
2332,1
2333,0
2334,0
2335,0
2336,0
2337,1
2338,0
2339,1
2340,0
2341,0
2342,0
2343,0
2344,1
2345,1
2346,0
2347,1
2348,1
2349,0
2350,1
2351,0
2352,0
2353,1
2354,1
2355,0
2356,0
2357,0
2358,0
2359,0
2360,1
2361,1
2362,1
2363,0
2364,0
2365,0
2366,1
2367,0
2368,0
2369,1
2370,1
2371,0
2372,0
2373,0
2374,0
2375,0
2376,1
2377,0
2378,0
2379,1
2380,1
2381,0
2382,0
2383,1
2384,0
2385,1
2386,0
2387,1
2388,0
2389,1
2390,0
2391,0
2392,1
2393,1
2394,1
2395,1
2396,1
2397,1
2398,0
2399,1
2400,1
2401,1
2402,1
2403,0
2404,0
2405,1
2406,0
2407,1
2408,0
2409,0
2410,0
2411,1
2412,0
2413,1
2414,0
2415,0
2416,1
2417,0
2418,0
2419,1
2420,0
2421,0
2422,0
2423,1
2424,0
2425,1
2426,0
2427,0
2428,0
2429,0
2430,0
2431,0
2432,0
2433,0
2434,0
2435,1
2436,0
2437,1
2438,1
2439,0
2440,0
2441,0
2442,0
2443,0
2444,0
2445,1
2446,0
2447,0
2448,1
2449,0
2450,1
2451,0
2452,0
2453,1
2454,0
2455,1
2456,1
2457,0
2458,0
2459,0
2460,1
2461,0
2462,0
2463,0
2464,1
2465,0
2466,0
2467,1
2468,0
2469,0
2470,1
2471,0
2472,0
2473,0
2474,0
2475,1
2476,0
2477,1
2478,1
2479,0
2480,0
2481,0
2482,0
2483,0
2484,0
2485,1
2486,1
2487,1
2488,0
2489,0
2490,1
2491,0
2492,0
2493,0
2494,0
2495,0
2496,1
2497,1
2498,0
2499,0
2500,0
2501,0
2502,0
2503,1
2504,0
2505,0
2506,0
2507,1
2508,0
2509,0
2510,0
2511,0
2512,1
2513,0
2514,1
2515,1
2516,1
2517,0
2518,0
2519,0
2520,1
2521,0
2522,0
2523,0
2524,1
2525,0
2526,0
2527,0
2528,1
2529,0
2530,0
2531,1
2532,0
2533,0
2534,1
2535,1
2536,0
2537,0
2538,1
2539,1
2540,0
2541,0
2542,1
2543,0
2544,1
2545,1
2546,1
2547,0
2548,0
2549,1
2550,1
2551,1
2552,0
2553,0
2554,1
2555,0
2556,0
2557,0
2558,0
2559,0
2560,0
2561,1
2562,0
2563,0
2564,0
2565,0
2566,0
2567,0
2568,0
2569,0
2570,1
2571,1
2572,1
2573,0
2574,0
2575,1
2576,1
2577,1
2578,0
2579,0
2580,0
2581,0
2582,0
2583,0
2584,1
2585,0
2586,0
2587,0
2588,0
2589,0
2590,1
2591,0
2592,1
2593,0
2594,0
2595,1
2596,0
2597,0
2598,0
2599,1
2600,1
2601,0
2602,0
2603,0
2604,1
2605,0
2606,0
2607,0
2608,0
2609,0
2610,0
2611,0
2612,0
2613,0
2614,0
2615,0
2616,1
2617,0
2618,1
2619,1
2620,0
2621,0
2622,1
2623,1
2624,0
2625,0
2626,0
2627,0
2628,0
2629,1
2630,1
2631,0
2632,0
2633,0
2634,1
2635,0
2636,0
2637,0
2638,1
2639,0
2640,1
2641,1
2642,0
2643,0
2644,0
2645,1
2646,1
2647,0
2648,1
2649,0
2650,0
2651,0
2652,1
2653,1
2654,1
2655,0
2656,0
2657,0
2658,0
2659,0
2660,0
2661,0
2662,1
2663,1
2664,1
2665,0
2666,0
2667,1
2668,1
2669,0
2670,0
2671,1
2672,1
2673,1
2674,1
2675,0
2676,0
2677,1
2678,0
2679,1
2680,1
2681,0
2682,0
2683,1
2684,1
2685,1
2686,0
2687,0
2688,1
2689,0
2690,0
2691,1
2692,0
2693,0
2694,1
2695,0
2696,0
2697,0
2698,0
2699,0
2700,0
2701,0
2702,0
2703,0
2704,0
2705,1
2706,0
2707,0
2708,1
2709,0
2710,0
2711,0
2712,1
2713,0
2714,1
2715,0
2716,1
2717,0
2718,0
2719,0
2720,0
2721,0
2722,1
2723,0
2724,0
2725,0
2726,1
2727,0
2728,1
2729,0
2730,0
2731,0
2732,1
2733,1
2734,1
2735,0
2736,0
2737,1
2738,1
2739,0
2740,1
2741,0
2742,0
2743,0
2744,1
2745,0
2746,0
2747,1
2748,1
2749,0
2750,0
2751,0
2752,1
2753,0
2754,0
2755,1
2756,0
2757,0
2758,1
2759,0
2760,0
2761,0
2762,0
2763,0
2764,1
2765,1
2766,1
2767,1
2768,0
2769,1
2770,0
2771,1
2772,1
2773,0
2774,0
2775,0
2776,0
2777,0
2778,0
2779,0
2780,1
2781,0
2782,0
2783,0
2784,1
2785,0
2786,0
2787,0
2788,1
2789,1
2790,0
2791,0
2792,1
2793,0
2794,0
2795,0
2796,1
2797,0
2798,0
2799,1
2800,1
2801,0
2802,0
2803,1
2804,0
2805,0
2806,1
2807,1
2808,1
2809,0
2810,0
2811,1
2812,0
2813,1
2814,0
2815,1
2816,1
2817,1
2818,0
2819,0
2820,0
2821,0
2822,0
2823,1
2824,0
2825,1
2826,0
2827,1
2828,0
2829,0
2830,0
2831,1
2832,0
2833,0
2834,0
2835,1
2836,0
2837,1
2838,1
2839,0
2840,1
2841,0
2842,1
2843,0
2844,1
2845,1
2846,0
2847,0
2848,1
2849,1
2850,0
2851,0
2852,1
2853,0
2854,0
2855,0
2856,1
2857,1
2858,0
2859,1
2860,1
2861,0
2862,1
2863,0
2864,1
2865,0
2866,1
2867,1
2868,0
2869,1
2870,1
2871,1
2872,1
2873,1
2874,0
2875,1
2876,1
2877,0
2878,0
2879,0
2880,1
2881,1
2882,0
2883,0
2884,0
2885,0
2886,1
2887,1
2888,0
2889,1
2890,0
2891,1
2892,0
2893,1
2894,0
2895,0
2896,1
2897,0
2898,1
2899,1
2900,1
2901,0
2902,0
2903,0
2904,0
2905,0
2906,0
2907,0
2908,0
2909,0
2910,0
2911,1
2912,0
2913,1
2914,1
2915,0
2916,0
2917,0
2918,0
2919,0
2920,0
2921,0
2922,0
2923,0
2924,0
2925,1
2926,0
2927,0
2928,0
2929,0
2930,0
2931,0
2932,0
2933,0
2934,1
2935,0
2936,0
2937,0
2938,0
2939,1
2940,0
2941,0
2942,0
2943,1
2944,1
2945,0
2946,1
2947,0
2948,1
2949,1
2950,1
2951,0
2952,0
2953,0
2954,0
2955,0
2956,0
2957,1
2958,1
2959,1
2960,1
2961,1
2962,0
2963,0
2964,1
2965,0
2966,0
2967,1
2968,0
2969,0
2970,0
2971,1
2972,0
2973,0
2974,0
2975,1
2976,0
2977,0
2978,0
2979,1
2980,0
2981,0
2982,0
2983,0
2984,1
2985,0
2986,0
2987,1
2988,0
2989,0
2990,0
2991,0
2992,0
2993,0
2994,1
2995,0
2996,0
2997,0
2998,0
2999,1
3000,0
3001,1
3002,0
3003,0
3004,0
3005,0
3006,0
3007,1
3008,1
3009,1
3010,0
3011,0
3012,0
3013,1
3014,0
3015,1
3016,0
3017,0
3018,0
3019,0
3020,0
3021,0
3022,0
3023,0
3024,1
3025,0
3026,0
3027,0
3028,0
3029,0
3030,0
3031,0
3032,1
3033,1
3034,0
3035,0
3036,0
3037,0
3038,0
3039,0
3040,1
3041,0
3042,1
3043,0
3044,1
3045,0
3046,1
3047,0
3048,1
3049,0
3050,0
3051,0
3052,0
3053,0
3054,0
3055,0
3056,0
3057,0
3058,0
3059,1
3060,0
3061,0
3062,0
3063,0
3064,0
3065,1
3066,0
3067,0
3068,0
3069,0
3070,0
3071,0
3072,1
3073,1
3074,0
3075,0
3076,0
3077,0
3078,0
3079,1
3080,0
3081,0
3082,0
3083,0
3084,0
3085,1
3086,0
3087,0
3088,0
3089,0
3090,1
3091,0
3092,0
3093,0
3094,0
3095,0
3096,0
3097,0
3098,1
3099,1
3100,0
3101,0
3102,0
3103,1
3104,1
3105,0
3106,0
3107,1
3108,0
3109,0
3110,1
3111,1
3112,0
3113,0
3114,0
3115,0
3116,1
3117,0
3118,0
3119,1
3120,0
3121,0
3122,1
3123,0
3124,1
3125,1
3126,1
3127,0
3128,0
3129,0
3130,1
3131,1
3132,0
3133,1
3134,0
3135,1
3136,0
3137,0
3138,0
3139,0
3140,1
3141,0
3142,1
3143,0
3144,0
3145,0
3146,1
3147,0
3148,0
3149,0
3150,0
3151,1
3152,0
3153,1
3154,0
3155,0
3156,1
3157,0
3158,0
3159,0
3160,0
3161,0
3162,1
3163,0
3164,0
3165,0
3166,0
3167,0
3168,0
3169,0
3170,0
3171,1
3172,0
3173,1
3174,0
3175,0
3176,0
3177,0
3178,0
3179,0
3180,0
3181,0
3182,1
3183,0
3184,1
3185,0
3186,1
3187,0
3188,0
3189,0
3190,1
3191,0
3192,0
3193,1
3194,1
3195,0
3196,0
3197,0
3198,1
3199,0
3200,0
3201,0
3202,0
3203,0
3204,0
3205,0
3206,1
3207,0
3208,0
3209,0
3210,0
3211,0
3212,0
3213,0
3214,1
3215,0
3216,0
3217,0
3218,0
3219,0
3220,0
3221,0
3222,0
3223,1
3224,0
3225,0
3226,1
3227,0
3228,1
3229,0
3230,0
3231,1
3232,1
3233,0
3234,0
3235,0
3236,0
3237,1
3238,1
3239,1
3240,0
3241,0
3242,0
3243,1
3244,0
3245,0
3246,0
3247,1
3248,0
3249,0
3250,0
3251,0
3252,0
3253,1
3254,1
3255,1
3256,0
3257,0
3258,0
3259,0
3260,0
3261,0
3262,0
3263,0
3264,1
3265,0
3266,0
3267,1
3268,0
3269,1
3270,0
3271,0
3272,1
3273,1
3274,0
3275,0
3276,0
3277,0
3278,1
3279,1
3280,0
3281,1
3282,1
3283,0
3284,0
3285,0
3286,0
3287,0
3288,0
3289,0
3290,0
3291,0
3292,0
3293,0
3294,1
3295,0
3296,0
3297,1
3298,0
3299,0
3300,1
3301,0
3302,0
3303,1
3304,0
3305,0
3306,1
3307,1
3308,1
3309,0
3310,0
3311,0
3312,0
3313,0
3314,0
3315,0
3316,0
3317,1
3318,1
3319,1
3320,0
3321,1
3322,1
3323,0
3324,0
3325,1
3326,0
3327,0
3328,1
3329,0
3330,1
3331,1
3332,0
3333,1
3334,0
3335,1
3336,0
3337,0
3338,0
3339,0
3340,0
3341,0
3342,1
3343,0
3344,1
3345,0
3346,0
3347,0
3348,1
3349,0
3350,0
3351,1
3352,0
3353,0
3354,0
3355,0
3356,1
3357,0
3358,1
3359,0
3360,0
3361,0
3362,0
3363,0
3364,1
3365,0
3366,1
3367,1
3368,0
3369,1
3370,0
3371,0
3372,0
3373,0
3374,0
3375,1
3376,0
3377,0
3378,0
3379,1
3380,1
3381,1
3382,1
3383,0
3384,0
3385,1
3386,1
3387,0
3388,0
3389,0
3390,0
3391,0
3392,1
3393,1
3394,0
3395,1
3396,0
3397,1
3398,0
3399,1
3400,0
3401,0
3402,1
3403,1
3404,1
3405,0
3406,0
3407,0
3408,0
3409,1
3410,1
3411,1
3412,0
3413,0
3414,1
3415,1
3416,1
3417,0
3418,0
3419,1
3420,0
3421,0
3422,0
3423,0
3424,0
3425,0
3426,0
3427,0
3428,1
3429,0
3430,1
3431,0
3432,0
3433,0
3434,1
3435,1
3436,0
3437,1
3438,0
3439,1
3440,0
3441,0
3442,0
3443,1
3444,0
3445,1
3446,0
3447,1
3448,0
3449,1
3450,1
3451,0
3452,1
3453,1
3454,0
3455,0
3456,0
3457,0
3458,0
3459,1
3460,0
3461,0
3462,0
3463,1
3464,1
3465,1
3466,0
3467,0
3468,0
3469,0
3470,0
3471,0
3472,1
3473,0
3474,0
3475,0
3476,0
3477,1
3478,1
3479,0
3480,0
3481,0
3482,0
3483,0
3484,0
3485,1
3486,0
3487,0
3488,0
3489,0
3490,0
3491,0
3492,1
3493,1
3494,0
3495,1
3496,0
3497,1
3498,1
3499,1
3500,1
3501,0
3502,0
3503,0
3504,1
3505,1
3506,0
3507,1
3508,0
3509,0
3510,0
3511,0
3512,1
3513,0
3514,0
3515,0
3516,0
3517,1
3518,0
3519,1
3520,0
3521,0
3522,0
3523,1
3524,1
3525,0
3526,1
3527,0
3528,0
3529,0
3530,0
3531,1
3532,1
3533,0
3534,0
3535,0
3536,1
3537,0
3538,1
3539,0
3540,1
3541,0
3542,0
3543,0
3544,0
3545,1
3546,0
3547,0
3548,0
3549,1
3550,0
3551,0
3552,1
3553,1
3554,1
3555,1
3556,0
3557,0
3558,1
3559,0
3560,0
3561,1
3562,1
3563,0
3564,1
3565,1
3566,1
3567,0
3568,1
3569,1
3570,1
3571,1
3572,0
3573,0
3574,0
3575,0
3576,0
3577,1
3578,0
3579,1
3580,1
3581,0
3582,1
3583,0
3584,0
3585,1
3586,0
3587,1
3588,0
3589,0
3590,0
3591,1
3592,1
3593,1
3594,1
3595,0
3596,1
3597,1
3598,0
3599,0
3600,1
3601,0
3602,0
3603,0
3604,1
3605,0
3606,0
3607,0
3608,0
3609,1
3610,1
3611,0
3612,0
3613,0
3614,1
3615,1
3616,0
3617,1
3618,1
3619,0
3620,1
3621,1
3622,0
3623,0
3624,1
3625,1
3626,0
3627,0
3628,1
3629,0
3630,1
3631,1
3632,0
3633,0
3634,0
3635,0
3636,0
3637,0
3638,0
3639,0
3640,1
3641,0
3642,0
3643,0
3644,1
3645,0
3646,0
3647,0
3648,0
3649,0
3650,1
3651,1
3652,0
3653,0
3654,1
3655,0
3656,0
3657,0
3658,0
3659,1
3660,1
3661,0
3662,1
3663,0
3664,0
3665,0
3666,0
3667,0
3668,0
3669,0
3670,0
3671,0
3672,0
3673,0
3674,0
3675,1
3676,1
3677,0
3678,1
3679,1
3680,1
3681,0
3682,1
3683,0
3684,1
3685,0
3686,0
3687,0
3688,1
3689,0
3690,0
3691,1
3692,0
3693,0
3694,0
3695,0
3696,0
3697,0
3698,0
3699,0
3700,0
3701,0
3702,0
3703,1
3704,1
3705,0
3706,0
3707,0
3708,1
3709,0
3710,0
3711,1
3712,0
3713,1
3714,0
3715,0
3716,0
3717,1
3718,0
3719,0
3720,0
3721,0
3722,0
3723,0
3724,1
3725,1
3726,0
3727,0
3728,0
3729,1
3730,0
3731,1
3732,0
3733,1
3734,0
3735,0
3736,1
3737,0
3738,0
3739,0
3740,0
3741,0
3742,0
3743,0
3744,1
3745,0
3746,0
3747,0
3748,0
3749,0
3750,0
3751,1
3752,0
3753,0
3754,0
3755,1
3756,1
3757,1
3758,0
3759,0
3760,1
3761,1
3762,0
3763,1
3764,0
3765,0
3766,0
3767,0
3768,0
3769,1
3770,0
3771,0
3772,1
3773,0
3774,0
3775,1
3776,0
3777,0
3778,0
3779,0
3780,0
3781,1
3782,0
3783,0
3784,1
3785,0
3786,1
3787,0
3788,1
3789,0
3790,0
3791,0
3792,0
3793,1
3794,1
3795,1
3796,0
3797,0
3798,1
3799,0
3800,1
3801,0
3802,1
3803,0
3804,1
3805,1
3806,0
3807,0
3808,0
3809,1
3810,0
3811,0
3812,0
3813,0
3814,1
3815,1
3816,0
3817,0
3818,0
3819,0
3820,0
3821,0
3822,1
3823,0
3824,1
3825,1
3826,0
3827,0
3828,1
3829,0
3830,1
3831,0
3832,0
3833,0
3834,0
3835,0
3836,0
3837,0
3838,0
3839,1
3840,1
3841,0
3842,1
3843,1
3844,0
3845,1
3846,1
3847,0
3848,1
3849,0
3850,0
3851,0
3852,1
3853,0
3854,1
3855,1
3856,0
3857,1
3858,0
3859,0
3860,0
3861,0
3862,0
3863,0
3864,0
3865,0
3866,1
3867,0
3868,1
3869,0
3870,1
3871,0
3872,1
3873,0
3874,0
3875,0
3876,1
3877,0
3878,0
3879,0
3880,0
3881,1
3882,0
3883,0
3884,0
3885,1
3886,0
3887,1
3888,0
3889,0
3890,0
3891,0
3892,1
3893,0
3894,0
3895,0
3896,0
3897,1
3898,0
3899,1
3900,0
3901,0
3902,0
3903,0
3904,1
3905,0
3906,1
3907,0
3908,1
3909,0
3910,0
3911,0
3912,1
3913,0
3914,1
3915,1
3916,0
3917,1
3918,0
3919,0
3920,0
3921,1
3922,1
3923,1
3924,1
3925,1
3926,0
3927,0
3928,0
3929,1
3930,1
3931,1
3932,1
3933,0
3934,0
3935,0
3936,1
3937,0
3938,1
3939,0
3940,1
3941,0
3942,1
3943,0
3944,0
3945,1
3946,0
3947,0
3948,1
3949,0
3950,0
3951,0
3952,0
3953,0
3954,0
3955,0
3956,0
3957,0
3958,0
3959,0
3960,1
3961,1
3962,0
3963,0
3964,0
3965,0
3966,0
3967,0
3968,0
3969,0
3970,1
3971,0
3972,0
3973,0
3974,1
3975,0
3976,1
3977,1
3978,1
3979,0
3980,1
3981,0
3982,0
3983,0
3984,1
3985,0
3986,0
3987,0
3988,1
3989,0
3990,1
3991,0
3992,1
3993,0
3994,0
3995,0
3996,0
3997,1
3998,0
3999,1
4000,0
4001,1
4002,0
4003,0
4004,1
4005,1
4006,0
4007,0
4008,0
4009,0
4010,0
4011,0
4012,1
4013,0
4014,0
4015,1
4016,1
4017,0
4018,0
4019,1
4020,0
4021,1
4022,0
4023,0
4024,0
4025,0
4026,0
4027,0
4028,1
4029,0
4030,0
4031,0
4032,1
4033,0
4034,0
4035,0
4036,0
4037,0
4038,0
4039,0
4040,0
4041,1
4042,0
4043,0
4044,0
4045,0
4046,1
4047,1
4048,1
4049,0
4050,0
4051,0
4052,0
4053,0
4054,0
4055,1
4056,0
4057,0
4058,0
4059,0
4060,0
4061,1
4062,0
4063,0
4064,0
4065,0
4066,0
4067,0
4068,1
4069,1
4070,0
4071,0
4072,0
4073,0
4074,0
4075,1
4076,0
4077,0
4078,0
4079,0
4080,1
4081,0
4082,0
4083,0
4084,0
4085,0
4086,0
4087,1
4088,1
4089,0
4090,0
4091,0
4092,0
4093,0
4094,0
4095,0
4096,0
4097,0
4098,1
4099,1
4100,1
4101,0
4102,0
4103,1
4104,1
4105,0
4106,1
4107,1
4108,0
4109,0
4110,1
4111,1
4112,0
4113,0
4114,1
4115,1
4116,0
4117,0
4118,0
4119,1
4120,0
4121,0
4122,1
4123,0
4124,0
4125,0
4126,0
4127,0
4128,1
4129,0
4130,1
4131,0
4132,0
4133,0
4134,0
4135,1
4136,1
4137,0
4138,0
4139,1
4140,1
4141,1
4142,0
4143,0
4144,0
4145,0
4146,0
4147,0
4148,0
4149,1
4150,1
4151,1
4152,0
4153,0
4154,0
4155,0
4156,0
4157,1
4158,0
4159,1
4160,0
4161,0
4162,0
4163,0
4164,1
4165,0
4166,0
4167,0
4168,0
4169,0
4170,0
4171,0
4172,0
4173,0
4174,0
4175,0
4176,0
4177,1
4178,1
4179,0
4180,0
4181,0
4182,1
4183,1
4184,0
4185,0
4186,1
4187,0
4188,0
4189,0
4190,0
4191,0
4192,0
4193,1
4194,1
4195,1
4196,0
4197,1
4198,0
4199,0
4200,1
4201,0
4202,0
4203,0
4204,1
4205,0
4206,1
4207,1
4208,0
4209,1
4210,0
4211,1
4212,1
4213,0
4214,0
4215,0
4216,0
4217,1
4218,0
4219,0
4220,0
4221,0
4222,0
4223,0
4224,1
4225,0
4226,0
4227,1
4228,0
4229,0
4230,0
4231,1
4232,0
4233,1
4234,0
4235,0
4236,1
4237,0
4238,0
4239,1
4240,1
4241,1
4242,0
4243,0
4244,0
4245,0
4246,0
4247,1
4248,0
4249,1
4250,0
4251,0
4252,0
4253,0
4254,0
4255,1
4256,1
4257,0
4258,0
4259,0
4260,0
4261,0
4262,1
4263,0
4264,0
4265,1
4266,0
4267,0
4268,0
4269,1
4270,0
4271,1
4272,1
4273,1
4274,0
4275,1
4276,0
4277,0
4278,1
4279,0
4280,1
4281,1
4282,1
4283,1
4284,0
4285,1
4286,0
4287,1
4288,0
4289,1
4290,0
4291,1
4292,1
4293,1
4294,0
4295,1
4296,0
4297,0
4298,0
4299,0
4300,0
4301,0
4302,0
4303,1
4304,0
4305,0
4306,0
4307,0
4308,0
4309,0
4310,1
4311,1
4312,0
4313,1
4314,0
4315,0
4316,0
4317,0
4318,1
4319,0
4320,1
4321,0
4322,1
4323,1
4324,0
4325,0
4326,0
4327,0
4328,0
4329,0
4330,0
4331,1
4332,0
4333,0
4334,0
4335,0
4336,0
4337,0
4338,0
4339,0
4340,0
4341,0
4342,1
4343,1
4344,0
4345,1
4346,0
4347,1
4348,0
4349,1
4350,1
4351,0
4352,0
4353,0
4354,0
4355,0
4356,1
4357,0
4358,1
4359,0
4360,0
4361,0
4362,0
4363,0
4364,0
4365,1
4366,0
4367,0
4368,0
4369,1
4370,0
4371,0
4372,0
4373,0
4374,1
4375,1
4376,0
4377,0
4378,0
4379,0
4380,0
4381,0
4382,1
4383,0
4384,0
4385,0
4386,1
4387,0
4388,1
4389,0
4390,0
4391,1
4392,0
4393,0
4394,0
4395,0
4396,0
4397,1
4398,1
4399,0
4400,1
4401,0
4402,0
4403,1
4404,0
4405,1
4406,0
4407,0
4408,1
4409,1
4410,0
4411,0
4412,0
4413,0
4414,1
4415,0
4416,1
4417,0
4418,0
4419,1
4420,0
4421,0
4422,0
4423,0
4424,0
4425,1
4426,1
4427,0
4428,0
4429,0
4430,0
4431,0
4432,0
4433,0
4434,0
4435,1
4436,0
4437,0
4438,1
4439,0
4440,1
4441,0
4442,1
4443,1
4444,0
4445,1
4446,1
4447,1
4448,0
4449,0
4450,0
4451,1
4452,0
4453,0
4454,0
4455,0
4456,1
4457,0
4458,1
4459,1
4460,1
4461,0
4462,0
4463,0
4464,1
4465,0
4466,1
4467,1
4468,0
4469,0
4470,0
4471,0
4472,1
4473,0
4474,1
4475,0
4476,0
4477,1
4478,0
4479,1
4480,1
4481,1
4482,0
4483,0
4484,1
4485,0
4486,1
4487,0
4488,0
4489,1
4490,1
4491,0
4492,0
4493,1
4494,1
4495,0
4496,0
4497,0
4498,0
4499,1
4500,0
4501,0
4502,0
4503,0
4504,0
4505,0
4506,0
4507,1
4508,1
4509,0
4510,1
4511,0
4512,1
4513,0
4514,0
4515,0
4516,0
4517,0
4518,0
4519,0
4520,0
4521,0
4522,0
4523,0
4524,0
4525,0
4526,0
4527,1
4528,0
4529,0
4530,1
4531,1
4532,0
4533,0
4534,0
4535,0
4536,0
4537,0
4538,0
4539,0
4540,0
4541,1
4542,1
4543,1
4544,1
4545,1
4546,1
4547,1
4548,1
4549,1
4550,0
4551,0
4552,0
4553,1
4554,0
4555,1
4556,1
4557,1
4558,0
4559,0
4560,1
4561,0
4562,1
4563,0
4564,1
4565,0
4566,1
4567,1
4568,1
4569,0
4570,1
4571,1
4572,0
4573,0
4574,0
4575,1
4576,0
4577,0
4578,0
4579,0
4580,0
4581,1
4582,1
4583,1
4584,0
4585,1
4586,1
4587,0
4588,1
4589,0
4590,0
4591,1
4592,1
4593,0
4594,0
4595,1
4596,0
4597,0
4598,0
4599,0
4600,0
4601,1
4602,1
4603,1
4604,1
4605,0
4606,0
4607,1
4608,1
4609,0
4610,0
4611,0
4612,1
4613,0
4614,1
4615,1
4616,0
4617,0
4618,0
4619,0
4620,0
4621,0
4622,0
4623,1
4624,1
4625,0
4626,0
4627,0
4628,1
4629,0
4630,0
4631,1
4632,0
4633,0
4634,0
4635,0
4636,0
4637,1
4638,0
4639,1
4640,0
4641,1
4642,0
4643,0
4644,1
4645,0
4646,0
4647,0
4648,0
4649,1
4650,0
4651,0
4652,0
4653,0
4654,1
4655,1
4656,0
4657,1
4658,0
4659,1
4660,0
4661,0
4662,0
4663,0
4664,0
4665,1
4666,1
4667,0
4668,1
4669,0
4670,0
4671,0
4672,0
4673,0
4674,1
4675,0
4676,1
4677,0
4678,0
4679,0
4680,0
4681,0
4682,0
4683,0
4684,0
4685,1
4686,0
4687,0
4688,0
4689,0
4690,0
4691,0
4692,1
4693,1
4694,1
4695,0
4696,1
4697,1
4698,0
4699,0
4700,1
4701,1
4702,1
4703,0
4704,1
4705,0
4706,1
4707,1
4708,1
4709,1
4710,0
4711,1
4712,0
4713,0
4714,0
4715,0
4716,0
4717,0
4718,0
4719,0
4720,0
4721,1
4722,0
4723,1
4724,0
4725,0
4726,0
4727,0
4728,0
4729,0
4730,0
4731,1
4732,1
4733,1
4734,0
4735,1
4736,1
4737,1
4738,0
4739,0
4740,0
4741,1
4742,0
4743,1
4744,0
4745,0
4746,1
4747,0
4748,0
4749,0
4750,0
4751,0
4752,1
4753,1
4754,1
4755,0
4756,0
4757,0
4758,1
4759,0
4760,0
4761,0
4762,0
4763,0
4764,1
4765,0
4766,1
4767,0
4768,1
4769,0
4770,1
4771,0
4772,0
4773,0
4774,0
4775,1
4776,1
4777,0
4778,1
4779,1
4780,1
4781,0
4782,0
4783,0
4784,0
4785,1
4786,0
4787,0
4788,1
4789,1
4790,1
4791,0
4792,1
4793,1
4794,0
4795,0
4796,1
4797,0
4798,0
4799,0
4800,0
4801,0
4802,0
4803,0
4804,1
4805,0
4806,0
4807,1
4808,1
4809,0
4810,0
4811,0
4812,0
4813,0
4814,1
4815,0
4816,0
4817,0
4818,1
4819,0
4820,0
4821,0
4822,0
4823,0
4824,0
4825,1
4826,1
4827,0
4828,0
4829,1
4830,0
4831,0
4832,1
4833,0
4834,1
4835,1
4836,0
4837,1
4838,1
4839,0
4840,1
4841,1
4842,1
4843,1
4844,1
4845,1
4846,0
4847,1
4848,0
4849,1
4850,0
4851,0
4852,0
4853,1
4854,0
4855,0
4856,0
4857,0
4858,0
4859,0
4860,0
4861,1
4862,0
4863,1
4864,0
4865,1
4866,0
4867,0
4868,0
4869,0
4870,0
4871,0
4872,1
4873,0
4874,0
4875,0
4876,0
4877,1
4878,0
4879,0
4880,0
4881,1
4882,0
4883,0
4884,0
4885,1
4886,0
4887,0
4888,0
4889,1
4890,0
4891,1
4892,1
4893,0
4894,0
4895,0
4896,0
4897,1
4898,0
4899,0
4900,0
4901,0
4902,0
4903,0
4904,1
4905,1
4906,0
4907,0
4908,1
4909,0
4910,0
4911,1
4912,0
4913,0
4914,1
4915,0
4916,1
4917,1
4918,0
4919,1
4920,0
4921,0
4922,0
4923,0
4924,0
4925,1
4926,0
4927,0
4928,0
4929,0
4930,0
4931,0
4932,0
4933,0
4934,1
4935,1
4936,0
4937,0
4938,0
4939,0
4940,0
4941,0
4942,0
4943,0
4944,0
4945,1
4946,0
4947,0
4948,0
4949,1
4950,1
4951,0
4952,0
4953,0
4954,0
4955,0
4956,0
4957,1
4958,0
4959,0
4960,0
4961,0
4962,0
4963,0
4964,0
4965,1
4966,0
4967,0
4968,0
4969,0
4970,0
4971,0
4972,0
4973,1
4974,1
4975,1
4976,0
4977,0
4978,0
4979,1
4980,1
4981,0
4982,0
4983,0
4984,0
4985,1
4986,0
4987,0
4988,0
4989,1
4990,0
4991,0
4992,1
4993,1
4994,0
4995,0
4996,0
4997,0
4998,0
4999,0
5000,1
5001,0
5002,1
5003,1
5004,0
5005,1
5006,0
5007,0
5008,0
5009,0
5010,0
5011,1
5012,0
5013,1
5014,1
5015,0
5016,0
5017,0
5018,0
5019,0
5020,1
5021,0
5022,0
5023,0
5024,1
5025,0
5026,1
5027,1
5028,0
5029,1
5030,1
5031,1
5032,1
5033,0
5034,0
5035,0
5036,0
5037,0
5038,1
5039,0
5040,1
5041,1
5042,1
5043,0
5044,1
5045,0
5046,0
5047,0
5048,0
5049,0
5050,1
5051,1
5052,1
5053,0
5054,0
5055,0
5056,0
5057,0
5058,0
5059,0
5060,0
5061,1
5062,1
5063,0
5064,1
5065,0
5066,0
5067,0
5068,0
5069,0
5070,0
5071,0
5072,1
5073,1
5074,0
5075,0
5076,1
5077,0
5078,1
5079,0
5080,1
5081,1
5082,0
5083,0
5084,1
5085,0
5086,0
5087,0
5088,0
5089,0
5090,0
5091,1
5092,1
5093,0
5094,1
5095,1
5096,1
5097,0
5098,0
5099,0
5100,0
5101,0
5102,1
5103,0
5104,1
5105,1
5106,0
5107,0
5108,0
5109,0
5110,0
5111,1
5112,0
5113,1
5114,0
5115,0
5116,0
5117,1
5118,0
5119,1
5120,0
5121,0
5122,1
5123,0
5124,1
5125,0
5126,0
5127,1
5128,0
5129,1
5130,0
5131,0
5132,0
5133,0
5134,0
5135,1
5136,0
5137,0
5138,0
5139,1
5140,1
5141,0
5142,0
5143,0
5144,0
5145,1
5146,1
5147,0
5148,1
5149,1
5150,1
5151,0
5152,1
5153,1
5154,0
5155,0
5156,1
5157,0
5158,0
5159,0
5160,1
5161,1
5162,1
5163,0
5164,0
5165,1
5166,0
5167,1
5168,0
5169,0
5170,1
5171,0
5172,0
5173,1
5174,0
5175,0
5176,1
5177,0
5178,0
5179,1
5180,0
5181,0
5182,0
5183,0
5184,1
5185,0
5186,1
5187,1
5188,0
5189,1
5190,1
5191,0
5192,1
5193,0
5194,1
5195,0
5196,0
5197,1
5198,0
5199,1
5200,0
5201,0
5202,1
5203,0
5204,0
5205,0
5206,1
5207,0
5208,1
5209,1
5210,0
5211,1
5212,0
5213,1
5214,0
5215,1
5216,1
5217,1
5218,1
5219,1
5220,0
5221,0
5222,1
5223,1
5224,0
5225,1
5226,0
5227,0
5228,0
5229,0
5230,0
5231,1
5232,1
5233,1
5234,0
5235,0
5236,0
5237,0
5238,0
5239,0
5240,1
5241,0
5242,0
5243,0
5244,0
5245,0
5246,0
5247,1
5248,1
5249,0
5250,1
5251,0
5252,0
5253,0
5254,0
5255,0
5256,0
5257,1
5258,0
5259,1
5260,0
5261,0
5262,0
5263,0
5264,0
5265,0
5266,1
5267,0
5268,1
5269,0
5270,1
5271,1
5272,0
5273,0
5274,0
5275,0
5276,1
5277,0
5278,0
5279,0
5280,0
5281,1
5282,0
5283,1
5284,0
5285,0
5286,0
5287,0
5288,0
5289,1
5290,1
5291,0
5292,1
5293,0
5294,1
5295,0
5296,0
5297,0
5298,1
5299,1
5300,1
5301,0
5302,1
5303,0
5304,0
5305,0
5306,0
5307,1
5308,0
5309,1
5310,0
5311,0
5312,0
5313,0
5314,0
5315,0
5316,0
5317,0
5318,1
5319,1
5320,0
5321,1
5322,1
5323,0
5324,0
5325,0
5326,1
5327,0
5328,1
5329,0
5330,0
5331,0
5332,0
5333,0
5334,1
5335,1
5336,0
5337,0
5338,0
5339,0
5340,0
5341,1
5342,0
5343,0
5344,0
5345,0
5346,0
5347,0
5348,0
5349,0
5350,1
5351,1
5352,0
5353,1
5354,0
5355,0
5356,0
5357,0
5358,1
5359,0
5360,0
5361,0
5362,0
5363,1
5364,1
5365,1
5366,1
5367,1
5368,1
5369,0
5370,0
5371,0
5372,0
5373,0
5374,0
5375,1
5376,1
5377,0
5378,1
5379,0
5380,0
5381,0
5382,0
5383,1
5384,0
5385,0
5386,0
5387,0
5388,0
5389,1
5390,1
5391,0
5392,1
5393,0
5394,0
5395,0
5396,0
5397,1
5398,0
5399,0
5400,0
5401,0
5402,0
5403,0
5404,0
5405,1
5406,0
5407,0
5408,1
5409,1
5410,0
5411,0
5412,1
5413,1
5414,1
5415,0
5416,0
5417,1
5418,0
5419,1
5420,1
5421,0
5422,0
5423,0
5424,0
5425,1
5426,0
5427,1
5428,0
5429,1
5430,0
5431,1
5432,1
5433,0
5434,0
5435,0
5436,0
5437,0
5438,0
5439,0
5440,1
5441,0
5442,0
5443,0
5444,0
5445,0
5446,0
5447,1
5448,0
5449,0
5450,1
5451,0
5452,0
5453,0
5454,0
5455,1
5456,0
5457,0
5458,0
5459,0
5460,0
5461,1
5462,0
5463,0
5464,0
5465,0
5466,1
5467,0
5468,0
5469,0
5470,1
5471,0
5472,1
5473,0
5474,1
5475,1
5476,1
5477,1
5478,1
5479,0
5480,1
5481,0
5482,1
5483,0
5484,0
5485,1
5486,1
5487,0
5488,0
5489,0
5490,0
5491,0
5492,0
5493,0
5494,0
5495,0
5496,1
5497,0
5498,1
5499,0
5500,0
5501,0
5502,0
5503,0
5504,1
5505,0
5506,0
5507,1
5508,0
5509,0
5510,0
5511,1
5512,0
5513,0
5514,0
5515,0
5516,0
5517,0
5518,0
5519,0
5520,0
5521,0
5522,0
5523,0
5524,0
5525,0
5526,1
5527,1
5528,0
5529,1
5530,0
5531,0
5532,0
5533,0
5534,0
5535,0
5536,0
5537,1
5538,0
5539,0
5540,0
5541,1
5542,0
5543,0
5544,1
5545,1
5546,1
5547,1
5548,0
5549,0
5550,0
5551,1
5552,0
5553,1
5554,1
5555,1
5556,1
5557,0
5558,0
5559,1
5560,1
5561,1
5562,0
5563,1
5564,1
5565,0
5566,0
5567,0
5568,0
5569,0
5570,0
5571,1
5572,0
5573,1
5574,0
5575,0
5576,1
5577,0
5578,0
5579,0
5580,0
5581,1
5582,1
5583,0
5584,1
5585,1
5586,0
5587,0
5588,1
5589,1
5590,1
5591,0
5592,0
5593,0
5594,1
5595,1
5596,0
5597,1
5598,0
5599,0
5600,0
5601,0
5602,0
5603,1
5604,0
5605,0
5606,0
5607,1
5608,0
5609,1
5610,0
5611,0
5612,0
5613,1
5614,0
5615,0
5616,0
5617,0
5618,0
5619,1
5620,0
5621,1
5622,1
5623,1
5624,1
5625,0
5626,0
5627,1
5628,0
5629,0
5630,1
5631,1
5632,1
5633,1
5634,0
5635,0
5636,1
5637,1
5638,0
5639,1
5640,0
5641,1
5642,0
5643,0
5644,0
5645,0
5646,0
5647,0
5648,1
5649,1
5650,0
5651,1
5652,1
5653,0
5654,1
5655,0
5656,1
5657,0
5658,0
5659,1
5660,0
5661,0
5662,0
5663,1
5664,0
5665,0
5666,0
5667,1
5668,0
5669,0
5670,0
5671,0
5672,0
5673,1
5674,0
5675,0
5676,1
5677,0
5678,0
5679,0
5680,0
5681,0
5682,0
5683,0
5684,0
5685,0
5686,1
5687,1
5688,0
5689,0
5690,0
5691,0
5692,1
5693,0
5694,0
5695,0
5696,1
5697,0
5698,0
5699,0
5700,1
5701,1
5702,0
5703,1
5704,0
5705,0
5706,1
5707,0
5708,0
5709,0
5710,1
5711,1
5712,0
5713,0
5714,1
5715,1
5716,0
5717,1
5718,0
5719,1
5720,0
5721,0
5722,0
5723,0
5724,0
5725,1
5726,1
5727,1
5728,0
5729,0
5730,0
5731,1
5732,1
5733,1
5734,1
5735,1
5736,0
5737,0
5738,0
5739,0
5740,1
5741,0
5742,0
5743,0
5744,0
5745,0
5746,0
5747,0
5748,0
5749,1
5750,1
5751,0
5752,1
5753,1
5754,1
5755,1
5756,0
5757,0
5758,1
5759,1
5760,0
5761,0
5762,1
5763,0
5764,0
5765,1
5766,1
5767,0
5768,0
5769,0
5770,0
5771,0
5772,0
5773,0
5774,0
5775,0
5776,1
5777,0
5778,0
5779,0
5780,1
5781,1
5782,1
5783,0
5784,0
5785,0
5786,0
5787,0
5788,0
5789,0
5790,0
5791,0
5792,0
5793,0
5794,0
5795,0
5796,1
5797,0
5798,0
5799,0
5800,0
5801,0
5802,1
5803,0
5804,1
5805,0
5806,0
5807,0
5808,0
5809,1
5810,0
5811,0
5812,0
5813,1
5814,0
5815,1
5816,0
5817,1
5818,1
5819,1
5820,0
5821,0
5822,0
5823,0
5824,0
5825,0
5826,0
5827,1
5828,0
5829,0
5830,0
5831,1
5832,0
5833,0
5834,0
5835,1
5836,0
5837,0
5838,0
5839,0
5840,1
5841,0
5842,1
5843,0
5844,0
5845,0
5846,0
5847,0
5848,1
5849,0
5850,0
5851,1
5852,1
5853,0
5854,1
5855,1
5856,1
5857,0
5858,0
5859,0
5860,1
5861,0
5862,0
5863,0
5864,1
5865,1
5866,0
5867,0
5868,0
5869,0
5870,0
5871,1
5872,0
5873,1
5874,0
5875,0
5876,0
5877,0
5878,0
5879,1
5880,0
5881,0
5882,0
5883,0
5884,0
5885,0
5886,1
5887,0
5888,0
5889,0
5890,0
5891,1
5892,0
5893,0
5894,0
5895,0
5896,0
5897,0
5898,0
5899,1
5900,0
5901,0
5902,1
5903,0
5904,0
5905,0
5906,0
5907,0
5908,1
5909,0
5910,1
5911,1
5912,0
5913,0
5914,0
5915,0
5916,0
5917,0
5918,1
5919,0
5920,1
5921,0
5922,1
5923,1
5924,1
5925,0
5926,1
5927,0
5928,0
5929,0
5930,0
5931,0
5932,1
5933,0
5934,1
5935,0
5936,1
5937,1
5938,0
5939,0
5940,1
5941,1
5942,0
5943,0
5944,0
5945,1
5946,1
5947,0
5948,1
5949,0
5950,0
5951,0
5952,0
5953,0
5954,1
5955,0
5956,0
5957,0
5958,0
5959,1
5960,0
5961,0
5962,0
5963,1
5964,0
5965,1
5966,0
5967,1
5968,0
5969,0
5970,1
5971,1
5972,0
5973,0
5974,1
5975,1
5976,0
5977,0
5978,0
5979,0
5980,1
5981,0
5982,0
5983,0
5984,1
5985,0
5986,0
5987,1
5988,0
5989,1
5990,1
5991,0
5992,0
5993,0
5994,0
5995,1
5996,0
5997,1
5998,0
5999,0
6000,0
6001,1
6002,1
6003,1
6004,0
6005,0
6006,0
6007,0
6008,0
6009,0
6010,0
6011,0
6012,1
6013,0
6014,0
6015,1
6016,0
6017,1
6018,0
6019,0
6020,0
6021,0
6022,1
6023,1
6024,0
6025,0
6026,0
6027,1
6028,1
6029,0
6030,0
6031,1
6032,0
6033,0
6034,0
6035,1
6036,1
6037,1
6038,0
6039,0
6040,1
6041,1
6042,0
6043,0
6044,1
6045,0
6046,0
6047,0
6048,1
6049,0
6050,0
6051,1
6052,1
6053,0
6054,0
6055,0
6056,0
6057,0
6058,1
6059,1
6060,1
6061,0
6062,0
6063,0
6064,0
6065,1
6066,0
6067,1
6068,0
6069,0
6070,0
6071,0
6072,0
6073,0
6074,1
6075,0
6076,1
6077,0
6078,0
6079,0
6080,0
6081,0
6082,1
6083,1
6084,0
6085,1
6086,1
6087,0
6088,0
6089,0
6090,1
6091,0
6092,1
6093,0
6094,0
6095,0
6096,1
6097,0
6098,0
6099,0
6100,0
6101,1
6102,0
6103,1
6104,0
6105,0
6106,0
6107,0
6108,0
6109,1
6110,0
6111,0
6112,1
6113,0
6114,0
6115,1
6116,1
6117,0
6118,1
6119,0
6120,0
6121,0
6122,0
6123,1
6124,0
6125,0
6126,0
6127,1
6128,0
6129,0
6130,1
6131,0
6132,1
6133,0
6134,0
6135,0
6136,0
6137,1
6138,0
6139,0
6140,0
6141,0
6142,1
6143,0
6144,0
6145,1
6146,0
6147,0
6148,0
6149,0
6150,0
6151,0
6152,0
6153,1
6154,1
6155,0
6156,0
6157,0
6158,0
6159,1
6160,0
6161,0
6162,0
6163,1
6164,0
6165,0
6166,0
6167,0
6168,1
6169,1
6170,1
6171,1
6172,1
6173,0
6174,1
6175,1
6176,0
6177,1
6178,1
6179,1
6180,1
6181,0
6182,0
6183,1
6184,0
6185,1
6186,0
6187,1
6188,0
6189,1
6190,0
6191,0
6192,1
6193,0
6194,0
6195,1
6196,1
6197,1
6198,0
6199,0
6200,0
6201,0
6202,0
6203,0
6204,1
6205,0
6206,0
6207,1
6208,1
6209,1
6210,0
6211,0
6212,0
6213,1
6214,0
6215,0
6216,0
6217,0
6218,0
6219,0
6220,1
6221,0
6222,0
6223,1
6224,0
6225,0
6226,1
6227,0
6228,1
6229,0
6230,0
6231,0
6232,0
6233,0
6234,1
6235,1
6236,0
6237,0
6238,0
6239,1
6240,1
6241,0
6242,0
6243,1
6244,0
6245,0
6246,1
6247,1
6248,0
6249,1
6250,1
6251,1
6252,0
6253,0
6254,0
6255,0
6256,0
6257,1
6258,1
6259,0
6260,0
6261,0
6262,0
6263,0
6264,0
6265,0
6266,1
6267,0
6268,0
6269,0
6270,1
6271,0
6272,1
6273,0
6274,0
6275,1
6276,0
6277,0
6278,0
6279,1
6280,0
6281,0
6282,1
6283,1
6284,0
6285,0
6286,0
6287,1
6288,0
6289,1
6290,1
6291,0
6292,1
6293,1
6294,1
6295,1
6296,0
6297,0
6298,1
6299,0
6300,1
6301,1
6302,0
6303,0
6304,1
6305,1
6306,0
6307,0
6308,0
6309,1
6310,0
6311,1
6312,0
6313,0
6314,1
6315,0
6316,0
6317,0
6318,1
6319,1
6320,1
6321,0
6322,0
6323,0
6324,0
6325,1
6326,0
6327,0
6328,0
6329,0
6330,1
6331,1
6332,0
6333,0
6334,1
6335,0
6336,1
6337,0
6338,0
6339,0
6340,0
6341,0
6342,0
6343,0
6344,1
6345,0
6346,0
6347,0
6348,0
6349,1
6350,0
6351,0
6352,0
6353,1
6354,1
6355,1
6356,0
6357,1
6358,0
6359,0
6360,0
6361,0
6362,0
6363,1
6364,0
6365,0
6366,0
6367,1
6368,0
6369,1
6370,1
6371,1
6372,1
6373,1
6374,0
6375,0
6376,0
6377,0
6378,1
6379,0
6380,0
6381,0
6382,1
6383,1
6384,0
6385,0
6386,0
6387,1
6388,0
6389,1
6390,1
6391,0
6392,1
6393,0
6394,0
6395,1
6396,0
6397,1
6398,0
6399,0
6400,0
6401,1
6402,1
6403,0
6404,0
6405,1
6406,1
6407,1
6408,1
6409,1
6410,0
6411,0
6412,1
6413,0
6414,1
6415,0
6416,0
6417,1
6418,1
6419,1
6420,1
6421,0
6422,0
6423,0
6424,1
6425,0
6426,1
6427,0
6428,0
6429,1
6430,1
6431,1
6432,1
6433,0
6434,1
6435,1
6436,0
6437,0
6438,1
6439,0
6440,0
6441,0
6442,0
6443,0
6444,1
6445,1
6446,0
6447,1
6448,0
6449,0
6450,1
6451,0
6452,0
6453,1
6454,1
6455,0
6456,1
6457,0
6458,1
6459,0
6460,1
6461,1
6462,0
6463,1
6464,0
6465,0
6466,0
6467,0
6468,0
6469,0
6470,0
6471,0
6472,0
6473,1
6474,0
6475,1
6476,0
6477,1
6478,0
6479,0
6480,0
6481,0
6482,1
6483,0
6484,0
6485,1
6486,1
6487,0
6488,1
6489,1
6490,0
6491,1
6492,0
6493,0
6494,0
6495,0
6496,1
6497,1
6498,1
6499,0
6500,0
6501,0
6502,0
6503,0
6504,0
6505,1
6506,1
6507,1
6508,0
6509,0
6510,1
6511,0
6512,0
6513,0
6514,0
6515,0
6516,0
6517,1
6518,1
6519,0
6520,0
6521,0
6522,0
6523,1
6524,0
6525,0
6526,0
6527,0
6528,0
6529,0
6530,0
6531,0
6532,0
6533,0
6534,0
6535,0
6536,0
6537,0
6538,0
6539,1
6540,0
6541,0
6542,0
6543,0
6544,1
6545,1
6546,0
6547,0
6548,0
6549,0
6550,0
6551,1
6552,1
6553,0
6554,1
6555,1
6556,0
6557,0
6558,0
6559,0
6560,0
6561,0
6562,1
6563,0
6564,0
6565,1
6566,0
6567,0
6568,1
6569,0
6570,0
6571,0
6572,0
6573,0
6574,1
6575,0
6576,0
6577,0
6578,0
6579,0
6580,1
6581,0
6582,0
6583,0
6584,0
6585,0
6586,1
6587,1
6588,0
6589,0
6590,0
6591,0
6592,1
6593,1
6594,1
6595,0
6596,0
6597,1
6598,0
6599,0
6600,1
6601,0
6602,0
6603,0
6604,0
6605,1
6606,1
6607,0
6608,1
6609,1
6610,0
6611,1
6612,0
6613,0
6614,0
6615,0
6616,0
6617,0
6618,0
6619,0
6620,1
6621,1
6622,0
6623,1
6624,0
6625,0
6626,0
6627,0
6628,0
6629,0
6630,1
6631,0
6632,1
6633,0
6634,0
6635,0
6636,0
6637,0
6638,1
6639,0
6640,0
6641,1
6642,1
6643,1
6644,1
6645,1
6646,0
6647,1
6648,0
6649,0
6650,1
6651,0
6652,0
6653,0
6654,0
6655,1
6656,0
6657,1
6658,0
6659,1
6660,0
6661,0
6662,0
6663,0
6664,1
6665,1
6666,1
6667,1
6668,1
6669,1
6670,0
6671,0
6672,0
6673,1
6674,0
6675,1
6676,0
6677,0
6678,0
6679,1
6680,1
6681,0
6682,0
6683,1
6684,0
6685,1
6686,0
6687,0
6688,1
6689,0
6690,0
6691,0
6692,0
6693,1
6694,0
